Prioridade_Anel;Cidade;Nome_Empresa;Telefone_Fixo;WhatsApp;Email;Website_Instagram;Link_GoogleMaps;Porte_Estimado
Anel 1;Sertãozinho/SP;Risqui Construção e Acabamentos;(16) 3946-1000;(16) 99200-6830;site@risqui.com.br;https://www.risqui.com.br/ | https://www.instagram.com/risquioficial;https://www.google.com/maps/place/Risqui+Constru%C3%A7%C3%A3o+e+Acabamentos/data=!4m7!3m6!1s0x94b9994dfc4e611d:0x298fc586921108ca!8m2!3d-21.1219136!4d-47.9960666!16s%2Fg%2F1vm_y_3p!19sChIJHWFO_E2ZuZQRyggRkobFjyk?authuser=0&hl=pt-BR&g_ep=EgoyMDI2MDkzMC4wIJJjKgBIAVAD&rclk=1;606
Anel 1;Ribeirão Preto/SP;Eletricista em Ribeirão Preto 24 horas Tonin;;(16) 98840-5780;;https://wa.me/16988405780 | https://www.instagram.com/whatsapp;https://www.google.com/maps/place/Eletricista+em+Ribeir%C3%A3o+Preto+24+horas+Tonin/data=!4m7!3m6!1s0x2e62cbb28f3e5e69:0xcaaf302bf13081a2!8m2!3d-21.1852425!4d-47.7381067!16s%2Fg%2F11rmx9g19y!19sChIJaV4-j7LLYi4RooEw8Sswr8o?authuser=0&hl=pt-BR&g_ep=EgoyMDI2MDkzMC4wIJJjKgBIAVAD&rclk=1;570
Anel 1;Ribeirão Preto/SP;Elétrica Bichuette;(16) 3877-0102;(16) 99265-1598;sac@eletricabichuette.com.br;http://www.eletricabichuette.com.br/;https://www.google.com/maps/place/El%C3%A9trica+Bichuette/data=!4m7!3m6!1s0x94b9bfabb6c3c70f:0xb013771e88ff3ed4!8m2!3d-21.1718575!4d-47.8059828!16s%2Fg%2F1q5gr1khv!19sChIJD8fDtqu_uZQR1D7_iB53E7A?authuser=0&hl=pt-BR&g_ep=EgoyMDI2MDkzMC4wIJJjKgBIAVAD&rclk=1;543
Anel 1;Ribeirão Preto/SP;Cia Luz Iluminato Design | Projeto de Iluminação | Lustres | Pendetes | LED;(16) 3505-1650;(16) 99743-7977;;https://www.cialuz.com.br/ | https://www.instagram.com/dluxehomedesign;https://www.google.com/maps/place/Cia+Luz+Iluminato+Design+%7C+Projeto+de+Ilumina%C3%A7%C3%A3o+%7C+Lustres+%7C+Pendetes+%7C+LED/data=!4m7!3m6!1s0x94b9bedebeb5b37f:0x249e03a241eb22e2!8m2!3d-21.1959065!4d-47.8079459!16s%2Fg%2F1pt_82k1s!19sChIJf7O1vt6-uZQR4iLrQaIDniQ?authuser=0&hl=pt-BR&g_ep=EgoyMDI2MDkzMC4wIJJjKgBIAVAD&rclk=1;529
Anel 1;Brodowski/SP;Bartolomeu Materiais para Construção;(16) 3664-9900;(16) 99187-9900;;https://linktr.ee/BartolomeuMateriais | https://www.instagram.com/bartolomeumateriais_construir;https://www.google.com/maps/place/Bartolomeu+Materiais+para+Constru%C3%A7%C3%A3o/data=!4m7!3m6!1s0x94b9eedcd63a6387:0xc3caeef93c7bf798!8m2!3d-20.9871368!4d-47.6534729!16s%2Fg%2F1q5grvlw8!19sChIJh2M61tzuuZQRmPd7PPnuysM?authuser=0&hl=pt-BR&g_ep=EgoyMDI2MDkzMC4wIJJjKgBIAVAD&rclk=1;523
Anel 1;Serrana/SP;Roni Materiais de construção;;(16) 99446-3218;;http://armazemdoroni.com.br/;https://www.google.com/maps/place/Roni+Materiais+de+constru%C3%A7%C3%A3o/data=!4m7!3m6!1s0x94b9c562119c08b5:0x81aa26f00f7f075c!8m2!3d-21.2109633!4d-47.6181613!16s%2Fg%2F11gm_fd076!19sChIJtQicEWLFuZQRXAd_D_AmqoE?authuser=0&hl=pt-BR&g_ep=EgoyMDI2MDkzMC4wIJJjKgBIAVAD&rclk=1;519
Anel 1;Ribeirão Preto/SP;Elétrica V M;(16) 3636-3698;;;https://www.telelistas.net/locais/sp/ribeirao+preto/materiais+eletricos/bu-5444292/eletrica+v+m+em+campos+eliseos;https://www.google.com/maps/place/El%C3%A9trica+V+M/data=!4m7!3m6!1s0x94b9bfa37090df77:0xeeb20f601c6f2476!8m2!3d-21.1638449!4d-47.7990254!16s%2Fg%2F1ptxgs845!19sChIJd9-QcKO_uZQRdiRvHGAPsu4?authuser=0&hl=pt-BR&g_ep=EgoyMDI2MDkzMC4wIJJjKgBIAVAD&rclk=1;465
Anel 1;Ribeirão Preto/SP;Elétrica Brasília RP;(16) 3961-2511;;;http://instagram.com/eletricabrasiliarp;https://www.google.com/maps/place/El%C3%A9trica+Bras%C3%ADlia+RP/data=!4m7!3m6!1s0x94b9bfab5b71118f:0x2b846d2e55644149!8m2!3d-21.1640502!4d-47.8023192!16s%2Fg%2F113jkzxnq!19sChIJjxFxW6u_uZQRSUFkVS5thCs?authuser=0&hl=pt-BR&g_ep=EgoyMDI2MDkzMC4wIJJjKgBIAVAD&rclk=1;465
Anel 1;Ribeirão Preto/SP;Mega Luz Materiais Elétricos;(16) 3329-0130;;;https://instagram.com/megaluzrp?igshid=MDE2OWE1N2Q=;https://www.google.com/maps/place/Mega+Luz+Materiais+El%C3%A9tricos/data=!4m7!3m6!1s0x94b9bf06189be7f3:0x2cd64e812a909edb!8m2!3d-21.1694445!4d-47.7937647!16s%2Fg%2F11bwydfsk8!19sChIJ8-ebGAa_uZQR256QKoFO1iw?authuser=0&hl=pt-BR&g_ep=EgoyMDI2MDkzMC4wIJJjKgBIAVAD&rclk=1;436
Anel 1;Ribeirão Preto/SP;Eletro Nahas Comércio de Materiais Elétricos Ltda;(16) 3601-1818;;;https://m.facebook.com/pages/Eletro-Nahas-Com%C3%A9rcio-de-Materiais-El%C3%A9tricos/976332615748072;https://www.google.com/maps/place/Eletro+Nahas+Com%C3%A9rcio+de+Materiais+El%C3%A9tricos+Ltda/data=!4m7!3m6!1s0x94b9be658045c10f:0x1168b415509037ed!8m2!3d-21.1675443!4d-47.83026!16s%2Fg%2F1td26jwy!19sChIJD8FFgGW-uZQR7TeQUBW0aBE?authuser=0&hl=pt-BR&g_ep=EgoyMDI2MDkzMC4wIJJjKgBIAVAD&rclk=1;407
Anel 1;Ribeirão Preto/SP;Broketto Materiais Elétricos;(16) 3627-1421;(16) 98253-5239;;http://www.broketto.com.br/ | https://www.instagram.com/broketto_materiais_eletricos;https://www.google.com/maps/place/Broketto+Materiais+El%C3%A9tricos/data=!4m7!3m6!1s0x94b9bf12c1d1e321:0x1b02d4aa96e6d8ab!8m2!3d-21.173959!4d-47.7846463!16s%2Fg%2F1q69vnw__!19sChIJIePRwRK_uZQRq9jmlqrUAhs?authuser=0&hl=pt-BR&g_ep=EgoyMDI2MDkzMC4wIJJjKgBIAVAD&rclk=1;350
Anel 1;Ribeirão Preto/SP;Elétrica e Iluminação Ribeirão Preto , Elétrica M8;(16) 3602-3000;;;https://www.instagram.com/eletricam8/;https://www.google.com/maps/place/El%C3%A9trica+e+Ilumina%C3%A7%C3%A3o+Ribeir%C3%A3o+Preto+,+El%C3%A9trica+M8/data=!4m7!3m6!1s0x94b9bf0d0f4cfff3:0x93c0f7bc0dba5dbc!8m2!3d-21.1746586!4d-47.8324872!16s%2Fg%2F11vdbg89_5!19sChIJ8_9MDw2_uZQRvF26Dbz3wJM?authuser=0&hl=pt-BR&g_ep=EgoyMDI2MDkzMC4wIJJjKgBIAVAD&rclk=1;350
Anel 1;Ribeirão Preto/SP;Rodipel Peças Elétricas;(16) 2101-1515;;;https://rodipel.com.br/;https://www.google.com/maps/place/Rodipel+Pe%C3%A7as+El%C3%A9tricas/data=!4m7!3m6!1s0x94b9bfb04ec24455:0x6bbe9f5c6d8fd110!8m2!3d-21.1551024!4d-47.7954965!16s%2Fg%2F1tk646r1!19sChIJVUTCTrC_uZQRENGPbVyfvms?authuser=0&hl=pt-BR&g_ep=EgoyMDI2MDkzMC4wIJJjKgBIAVAD&rclk=1;314
Anel 1;Ribeirão Preto/SP;RESISPAR Resistências e Automação Industrial;(16) 3234-8116;(16) 3234-8116;contato@resispar.com.br;https://www.resispar.com.br/ | https://www.instagram.com/resispar_resistencias;https://www.google.com/maps/place/RESISPAR+Resist%C3%AAncias+e+Automa%C3%A7%C3%A3o+Industrial/data=!4m7!3m6!1s0x94b9bfaa9fc377b9:0xb5c765adbc9331b4!8m2!3d-21.1626459!4d-47.8007028!16s%2Fg%2F11hcfqm07f!19sChIJuXfDn6q_uZQRtDGTvK1lx7U?authuser=0&hl=pt-BR&g_ep=EgoyMDI2MDkzMC4wIJJjKgBIAVAD&rclk=1;311
Anel 1;Sertãozinho/SP;Martineli Agrícola e Ferramentas;(16) 2105-8000;(16) 99362-4888;;https://www.martineliferramentas.com.br/ | https://www.instagram.com/martineliferramentas;https://www.google.com/maps/place/Martineli+Agr%C3%ADcola+e+Ferramentas/data=!4m7!3m6!1s0x94b99ece19b7e86f:0x13e5ab4afa9feb39!8m2!3d-21.1463791!4d-47.9953389!16s%2Fg%2F1thf9nql!19sChIJb-i3Gc6euZQROeuf-kqr5RM?authuser=0&hl=pt-BR&g_ep=EgoyMDI2MDkzMC4wIJJjKgBIAVAD&rclk=1;311
Anel 1;Ribeirão Preto/SP;Nobre Brasil - Resistências Elétricas e Automação Industrial;(16) 3979-4505;(16) 3979-4505;contato@nobrebrasil.com;https://www.nobrebrasil.com/ | https://www.instagram.com/reel/Dcl2cA5iXEV;https://www.google.com/maps/place/Nobre+Brasil+-+Resist%C3%AAncias+El%C3%A9tricas+e+Automa%C3%A7%C3%A3o+Industrial/data=!4m7!3m6!1s0x94b9bfb05c134dc7:0x9224561cb45d5050!8m2!3d-21.1532881!4d-47.7935996!16s%2Fg%2F11h1792qv!19sChIJx00TXLC_uZQRUFBdtBxWJJI?authuser=0&hl=pt-BR&g_ep=EgoyMDI2MDkzMC4wIJJjKgBIAVAD&rclk=1;300
Anel 1;Sertãozinho/SP;Loja do Pedrão - Sertãozinho;(16) 3475-9090;(16) 99325-9076;vagasatendimentoaocliente@lojadopedrao.com.br;https://www.lojadopedrao.com.br/ | https://www.instagram.com/lojadopedraooficial;https://www.google.com/maps/place/Loja+do+Pedr%C3%A3o+-+Sert%C3%A3ozinho/data=!4m7!3m6!1s0x94b9992c59ccd827:0x7538b403a194c501!8m2!3d-21.1363514!4d-48.0100725!16s%2Fg%2F11clwmpr_3!19sChIJJ9jMWSyZuZQRAcWUoQO0OHU?authuser=0&hl=pt-BR&g_ep=EgoyMDI2MDkzMC4wIJJjKgBIAVAD&rclk=1;242
Anel 1;Barrinha/SP;Delta Materiais de Construção;(16) 3943-1791;(16) 99187-7505;delta@redeconstrulider.com.br;https://redeconstrulider.com.br/delta | https://www.instagram.com/redeconstrulider;https://www.google.com/maps/place/Delta+Materiais+de+Constru%C3%A7%C3%A3o/data=!4m7!3m6!1s0x94b9747995459df5:0x8555beb789651d9b!8m2!3d-21.1900888!4d-48.1560581!16s%2Fg%2F11c1wr4pw_!19sChIJ9Z1FlXl0uZQRmx1libe-VYU?authuser=0&hl=pt-BR&g_ep=EgoyMDI2MDkzMC4wIJJjKgBIAVAD&rclk=1;217
Anel 1;Sertãozinho/SP;Menil Auto Peças Sertãozinho;(16) 3946-8282;(11) 98992-0230;;https://menilautopecas.com.br/ | https://www.instagram.com/menilautopecas;https://www.google.com/maps/place/Menil+Auto+Pe%C3%A7as+Sert%C3%A3ozinho/data=!4m7!3m6!1s0x94b99925824392df:0x6418a06519d7c49e!8m2!3d-21.1453652!4d-47.9858819!16s%2Fg%2F1tf5fvyq!19sChIJ35JDgiWZuZQRnsTXGWWgGGQ?authuser=0&hl=pt-BR&g_ep=EgoyMDI2MDkzMC4wIJJjKgBIAVAD&rclk=1;210
Anel 1;Sertãozinho/SP;Elétrica Nicolucci;(16) 2105-0999;(16) 2105-0999;;http://nicolucci.com.br/ | https://www.instagram.com/lojanicolucci;https://www.google.com/maps/place/El%C3%A9trica+Nicolucci/data=!4m7!3m6!1s0x94b99934e52dcdc3:0x1eb510485f74136b!8m2!3d-21.1344195!4d-47.9998547!16s%2Fg%2F1tcym40q!19sChIJw80t5TSZuZQRaxN0X0gQtR4?authuser=0&hl=pt-BR&g_ep=EgoyMDI2MDkzMC4wIJJjKgBIAVAD&rclk=1;202
Anel 1;Ribeirão Preto/SP;Eletrotel Mat. Eletricos;(16) 3622-7283;(16) 3622-7283;contato@eletrotel.shop;http://eletrotel.shop/ | https://www.instagram.com/eletrotelmateriaiseletricos;https://www.google.com/maps/place/Eletrotel+Mat.+Eletricos/data=!4m7!3m6!1s0x94b9be165309f877:0x527943bbda00adf4!8m2!3d-21.148878!4d-47.825278!16s%2Fg%2F11bxfxbyp4!19sChIJd_gJUxa-uZQR9K0A2rtDeVI?authuser=0&hl=pt-BR&g_ep=EgoyMDI2MDkzMC4wIJJjKgBIAVAD&rclk=1;195
Anel 1;Ribeirão Preto/SP;Percar Atacadista;(16) 3628-5600;;;http://www.percar.com.br/;https://www.google.com/maps/place/Percar+Atacadista/data=!4m7!3m6!1s0x94b9b8a9cef986d3:0xa1f865d50603a99e!8m2!3d-21.2006735!4d-47.7655301!16s%2Fg%2F1ptw1_gqv!19sChIJ04b5zqm4uZQRnqkDBtVl-KE?authuser=0&hl=pt-BR&g_ep=EgoyMDI2MDkzMC4wIJJjKgBIAVAD&rclk=1;191
Anel 1;Brodowski/SP;casadelfran - Loja Autorizada STIHL;(16) 3664-1717;;;https://www.instagram.com/casadelfran/;https://www.google.com/maps/place/casadelfran+-+Loja+Autorizada+STIHL/data=!4m7!3m6!1s0x94b9e95c605f5c8f:0x65be4535870ff406!8m2!3d-20.9978018!4d-47.6578852!16s%2Fg%2F11p0dbfnxv!19sChIJj1xfYFzpuZQRBvQPhzVFvmU?authuser=0&hl=pt-BR&g_ep=EgoyMDI2MDkzMC4wIJJjKgBIAVAD&rclk=1;186
Anel 1;Jardinópolis/SP;Auto Elétrica Tampa;;(16) 99205-3575;;;https://www.google.com/maps/place/Auto+El%C3%A9trica+Tampa/data=!4m7!3m6!1s0x94b993318d035125:0x552489c0304fa71f!8m2!3d-21.0152706!4d-47.7691043!16s%2Fg%2F11b6v5rmcy!19sChIJJVEDjTGTuZQRH6dPMMCJJFU?authuser=0&hl=pt-BR&g_ep=EgoyMDI2MDkzMC4wIJJjKgBIAVAD&rclk=1;158
Anel 1;Pontal/SP;Lojas CEM;(16) 3953-7078;;;http://www.lojascem.com.br/ | https://www.instagram.com/lojascem;https://www.google.com/maps/place/Lojas+CEM/data=!4m7!3m6!1s0x94b9831eff33ad51:0x37da8ce091ee572a!8m2!3d-21.0251712!4d-48.0381896!16s%2Fg%2F11g9m6kz_m!19sChIJUa0z_x6DuZQRKlfukeCM2jc?authuser=0&hl=pt-BR&g_ep=EgoyMDI2MDkzMC4wIJJjKgBIAVAD&rclk=1;157
Anel 1;Ribeirão Preto/SP;Realta Elétrica - Materiais Elétricos em Ribeirão Preto;(16) 3961-4048;(16) 98830-7123;contato@eletricarealta.com.br;https://realtaeletrica.com.br/;https://www.google.com/maps/place/Realta+El%C3%A9trica+-+Materiais+El%C3%A9tricos+em+Ribeir%C3%A3o+Preto/data=!4m7!3m6!1s0x94b9bf1cedc400a3:0x72f1857f99bc6fbd!8m2!3d-21.1553305!4d-47.8107381!16s%2Fg%2F11h55nxfgz!19sChIJowDE7Ry_uZQRvW-8mX-F8XI?authuser=0&hl=pt-BR&g_ep=EgoyMDI2MDkzMC4wIJJjKgBIAVAD&rclk=1;132
Anel 1;Guarulhos/SP;Elétrica WF - Guarulhos;(11) 2303-6761;(11) 99352-4534;;https://www.eletricawf.com.br/ | https://instagram.com/_eletricawf_;https://www.google.com/maps/place/El%C3%A9trica+WF+-+Guarulhos/data=!4m7!3m6!1s0x94ce61c7057df115:0x28c75983f2b41214!8m2!3d-23.4685359!4d-46.4660725!16s%2Fg%2F11bzq3hb36!19sChIJFfF9BcdhzpQRFBK08oNZxyg?authuser=0&hl=pt-BR&g_ep=EgoyMDI2MDkzMC4wIJJjKgBIAVAD&rclk=1;132
Anel 1;Ribeirão Preto/SP;Luminá | Projetos de Iluminação | Lustres | Pendentes e Led;(16) 3635-7663;;;http://www.luminarp.com.br/ | https://www.instagram.com/luminarp;https://www.google.com/maps/place/Lumin%C3%A1+%7C+Projetos+de+Ilumina%C3%A7%C3%A3o+%7C+Lustres+%7C+Pendentes+e+Led/data=!4m7!3m6!1s0x94b9bf29afb96adf:0x4694609f18ead381!8m2!3d-21.1999006!4d-47.8012857!16s%2Fg%2F11cly8c_zt!19sChIJ32q5rym_uZQRgdPqGJ9glEY?authuser=0&hl=pt-BR&g_ep=EgoyMDI2MDkzMC4wIJJjKgBIAVAD&rclk=1;131
Anel 1;Ribeirão Preto/SP;Jota Materiais Elétricos e Distribuidora;(16) 3289-9800;(16) 3289-9800;;https://www.jotamateriaiseletricos.com.br/ | https://www.instagram.com/jotamateriaiseletricosrp;https://www.google.com/maps/place/Jota+Materiais+El%C3%A9tricos+e+Distribuidora/data=!4m7!3m6!1s0x94b9c0a1a2ad7bf9:0x4b112e3061e670f4!8m2!3d-21.1766516!4d-47.760125!16s%2Fg%2F11bbt46v68!19sChIJ-XutoqHAuZQR9HDmYTAuEUs?authuser=0&hl=pt-BR&g_ep=EgoyMDI2MDkzMC4wIJJjKgBIAVAD&rclk=1;128
Anel 1;Ribeirão Preto/SP;Compel Componentes Eletrônicos;(16) 3610-8173;(16) 3610-8173;contato@compelrp.com.br;https://compelrp.com.br/ | https://instagram.com/compel_rp;https://www.google.com/maps/place/Compel+Componentes+Eletr%C3%B4nicos/data=!4m7!3m6!1s0x94b9bff013ebae43:0x6aff7bd4fc283850!8m2!3d-21.1727853!4d-47.8115872!16s%2Fg%2F11t3c40qfr!19sChIJQ67rE_C_uZQRUDgo_NR7_2o?authuser=0&hl=pt-BR&g_ep=EgoyMDI2MDkzMC4wIJJjKgBIAVAD&rclk=1;126
Anel 1;Cravinhos/SP;Loja Zema - Cravinhos;(16) 3518-2904;;;http://www.zema.com/;https://www.google.com/maps/place/Loja+Zema+-+Cravinhos/data=!4m7!3m6!1s0x94b9ca1e2cab6519:0x984b48d03eed46d0!8m2!3d-21.3404743!4d-47.7328129!16s%2Fg%2F1th64gpz!19sChIJGWWrLB7KuZQR0EbtPtBIS5g?authuser=0&hl=pt-BR&g_ep=EgoyMDI2MDkzMC4wIJJjKgBIAVAD&rclk=1;123
Anel 1;Ribeirão Preto/SP;Elétrica Bege - Lâmpadas -Escadas - Leds - Fios;(16) 3637-0202;(16) 98142-1188;;https://eletricabege.com.br/ | https://instagram.com/eletricabege;https://www.google.com/maps/place/El%C3%A9trica+Bege+-+L%C3%A2mpadas+-Escadas+-+Leds+-+Fios/data=!4m7!3m6!1s0x94b9be9169d127cb:0x3aed27b085a155c8!8m2!3d-21.1897266!4d-47.828632!16s%2Fg%2F1td0hlyk!19sChIJyyfRaZG-uZQRyFWhhbAn7To?authuser=0&hl=pt-BR&g_ep=EgoyMDI2MDkzMC4wIJJjKgBIAVAD&rclk=1;112
Anel 1;São Paulo/SP;Lojas CEM F264;(16) 3951-7917;;;http://www.lojascem.com.br/ | https://www.instagram.com/lojascem;https://www.google.com/maps/place/Lojas+CEM+F264/data=!4m7!3m6!1s0x94b9cb0cbe080a79:0xe812ba55a2693ef2!8m2!3d-21.3414629!4d-47.734604!16s%2Fg%2F11ffw8z5db!19sChIJeQoIvgzLuZQR8j5polW6Eug?authuser=0&hl=pt-BR&g_ep=EgoyMDI2MDkzMC4wIJJjKgBIAVAD&rclk=1;108
Anel 1;Ribeirão Preto/SP;Rima Comércio de Peças Elétricas;(16) 2133-2077;(16) 2133-2077;;https://rimapcs.com.br/ | https://www.instagram.com/rimapecaseletricas;https://www.google.com/maps/place/Rima+Com%C3%A9rcio+de+Pe%C3%A7as+El%C3%A9tricas/data=!4m7!3m6!1s0x94b9bfb3d301cb43:0xd9a0f9ba0cbb4afb!8m2!3d-21.2384598!4d-47.7611046!16s%2Fg%2F1tx4847c!19sChIJQ8sB07O_uZQR-0q7DLr5oNk?authuser=0&hl=pt-BR&g_ep=EgoyMDI2MDkzMC4wIJJjKgBIAVAD&rclk=1;107
Anel 1;Ribeirão Preto/SP;Tese Ribeirão Preto Motores Elétricos LTDA.;(16) 3975-6800;;tese@tesemotores.com.br;http://www.tesemotores.com.br/ | https://www.instagram.com/tesemotores;https://www.google.com/maps/place/Tese+Ribeir%C3%A3o+Preto+Motores+El%C3%A9tricos+LTDA./data=!4m7!3m6!1s0x94b9be1aeeea6747:0x3a24c3c7046d457e!8m2!3d-21.1468844!4d-47.8313046!16s%2Fg%2F1tk6rd_w!19sChIJR2fq7hq-uZQRfkVtBMfDJDo?authuser=0&hl=pt-BR&g_ep=EgoyMDI2MDkzMC4wIJJjKgBIAVAD&rclk=1;105
Anel 1;Ribeirão Preto/SP;Elétrica São Paulo - Materiais Elétricos em Geral;(16) 3878-0215;(16) 99201-5231;vendas@eletricasaopaulo.com.br;http://www.eletricasaopaulo.com.br/ | https://www.instagram.com;https://www.google.com/maps/place/El%C3%A9trica+S%C3%A3o+Paulo+-+Materiais+El%C3%A9tricos+em+Geral/data=!4m7!3m6!1s0x94b9bf05558f5dd9:0xbd71e81248a505f1!8m2!3d-21.175223!4d-47.793465!16s%2Fg%2F1tdmll26!19sChIJ2V2PVQW_uZQR8QWlSBLocb0?authuser=0&hl=pt-BR&g_ep=EgoyMDI2MDkzMC4wIJJjKgBIAVAD&rclk=1;96
Anel 1;Ribeirão Preto/SP;Elétrica Gui;(16) 3630-2693;;;http://www.eletricagui.com.br/;https://www.google.com/maps/place/El%C3%A9trica+Gui/data=!4m7!3m6!1s0x94b9be4093308af7:0xb80b6d70b1b21fbc!8m2!3d-21.1551357!4d-47.8197997!16s%2Fg%2F11h0ghgn1!19sChIJ94owk0C-uZQRvB-ysXBtC7g?authuser=0&hl=pt-BR&g_ep=EgoyMDI2MDkzMC4wIJJjKgBIAVAD&rclk=1;96
Anel 1;Ribeirão Preto/SP;WR Elétrica - Atacado e Varejo;(16) 3969-5254;(16) 98204-3356;loja.wreletrica@gmail.com;http://www.wreletrica.com.br/ | https://www.instagram.com/wreletrica_oficial;https://www.google.com/maps/place/WR+El%C3%A9trica+-+Atacado+e+Varejo/data=!4m7!3m6!1s0x94b9bfb384b7fc9d:0xa74e69f22b178de1!8m2!3d-21.1546274!4d-47.8009708!16s%2Fg%2F1tgljdxp!19sChIJnfy3hLO_uZQR4Y0XK_JpTqc?authuser=0&hl=pt-BR&g_ep=EgoyMDI2MDkzMC4wIJJjKgBIAVAD&rclk=1;94
Anel 1;Sertãozinho/SP;Laurin Materiais Para Construção;(16) 3042-9889;;;;https://www.google.com/maps/place/Laurin+Materiais+Para+Constru%C3%A7%C3%A3o/data=!4m7!3m6!1s0x94b99973ad9070c3:0x64b5b951272722e6!8m2!3d-21.1367669!4d-47.9667562!16s%2Fg%2F11g4j8r9s_!19sChIJw3CQrXOZuZQR5iInJ1G5tWQ?authuser=0&hl=pt-BR&g_ep=EgoyMDI2MDkzMC4wIJJjKgBIAVAD&rclk=1;91
Anel 1;Ribeirão Preto/SP;RiberMult | Materiais Elétricos, Hidráulicos, Ferramentas e Escadas;(16) 3919-5085;(16) 3919-5085;;https://wa.me/551639195085?text=Ol%C3%A1,%20Gostaria%20de%20saber%20mais%20informa%C3%A7%C3%B5es%20sobre%20a%20Loja! | https://www.instagram.com/whatsapp;https://www.google.com/maps/place/RiberMult+%7C+Materiais+El%C3%A9tricos,+Hidr%C3%A1ulicos,+Ferramentas+e+Escadas/data=!4m7!3m6!1s0x94b9be9b87ed11b9:0x79822fc4ddd7bff6!8m2!3d-21.1918682!4d-47.8377565!16s%2Fg%2F11hbk9ht6h!19sChIJuRHth5u-uZQR9r_X3cQvgnk?authuser=0&hl=pt-BR&g_ep=EgoyMDI2MDkzMC4wIJJjKgBIAVAD&rclk=1;90
Anel 1;Sertãozinho/SP;SertLuz;(16) 3945-5753;;;http://www.sertluz.com.br/;https://www.google.com/maps/place/SertLuz/data=!4m7!3m6!1s0x94b99f3e0b74f8d3:0x81a5c8d451691bd!8m2!3d-21.137179!4d-48.0089905!16s%2Fg%2F11gjw33cs9!19sChIJ0_h0Cz6fuZQRvZEWRY1cGgg?authuser=0&hl=pt-BR&g_ep=EgoyMDI2MDkzMC4wIJJjKgBIAVAD&rclk=1;88
Anel 1;Cravinhos/SP;Cravifer Ferramentas Acessórios Industriais;(16) 3951-2021;;;https://www.cravifer.com.br/;https://www.google.com/maps/place/Cravifer+Ferramentas+Acess%C3%B3rios+Industriais/data=!4m7!3m6!1s0x94b9ca1e2cab6519:0xc43d392c2b931514!8m2!3d-21.3418912!4d-47.735968!16s%2Fg%2F1tg82knq!19sChIJGWWrLB7KuZQRFBWTKyw5PcQ?authuser=0&hl=pt-BR&g_ep=EgoyMDI2MDkzMC4wIJJjKgBIAVAD&rclk=1;86
Anel 1;Ribeirão Preto/SP;Avance Energia e Climatização;;(16) 99293-1974;;;https://www.google.com/maps/place/Avance+Energia+e+Climatiza%C3%A7%C3%A3o/data=!4m7!3m6!1s0x94b9bf6cab992ad1:0xa74fa24f216f8c6f!8m2!3d-21.1789678!4d-47.8081584!16s%2Fg%2F11t2mtymdv!19sChIJ0SqZq2y_uZQRb4xvIU-iT6c?authuser=0&hl=pt-BR&g_ep=EgoyMDI2MDkzMC4wIJJjKgBIAVAD&rclk=1;84
Anel 1;Serrana/SP;João De Barro Materiais Para Construção;(16) 3489-3187;;;;https://www.google.com/maps/place/Jo%C3%A3o+De+Barro+Materiais+Para+Constru%C3%A7%C3%A3o/data=!4m7!3m6!1s0x94b9c549ae87b47b:0x322bc94a57db95ec!8m2!3d-21.2085249!4d-47.6131426!16s%2Fg%2F11f4x9pqln!19sChIJe7SHrknFuZQR7JXbV0rJKzI?authuser=0&hl=pt-BR&g_ep=EgoyMDI2MDkzMC4wIJJjKgBIAVAD&rclk=1;82
Anel 1;Sertãozinho/SP;Tese Comercial Elétrica;(16) 2105-7400;;tese@tesemotores.com.br;http://www.tesemotores.com.br/ | https://www.instagram.com/tesemotores;https://www.google.com/maps/place/Tese+Comercial+El%C3%A9trica/data=!4m7!3m6!1s0x94b9991ff3b00db3:0xd53f9a56fa67cac9!8m2!3d-21.1445291!4d-47.9803023!16s%2Fg%2F1tfm2k64!19sChIJsw2w8x-ZuZQRycpn-laaP9U?authuser=0&hl=pt-BR&g_ep=EgoyMDI2MDkzMC4wIJJjKgBIAVAD&rclk=1;80
Anel 1;Ribeirão Preto/SP;AQUANIVEL;;(16) 99601-6954;;http://www.aquanivel.com.br/ | https://www.instagram.com/aquanivel;https://www.google.com/maps/place/AQUANIVEL/data=!4m7!3m6!1s0x94b997f99934f4c3:0xd77809fe39be002f!8m2!3d-21.1445564!4d-47.8527834!16s%2Fg%2F11frg0wfqk!19sChIJw_Q0mfmXuZQRLwC-Of4JeNc?authuser=0&hl=pt-BR&g_ep=EgoyMDI2MDkzMC4wIJJjKgBIAVAD&rclk=1;74
Anel 1;Ribeirão Preto/SP;Hiper Comercial Elétrica;(16) 3515-6931;(16) 99236-6421;contato.hipercomercial@hotmail.com;http://www.hipercomercio.com.br/ | https://www.instagram.com/hiper.comercio;https://www.google.com/maps/place/Hiper+Comercial+El%C3%A9trica/data=!4m7!3m6!1s0x94b9bfba0dafd84d:0x4baa03e322974bab!8m2!3d-21.1522817!4d-47.7927636!16s%2Fg%2F11cs6ckyxg!19sChIJTdivDbq_uZQRq0uXIuMDqks?authuser=0&hl=pt-BR&g_ep=EgoyMDI2MDkzMC4wIJJjKgBIAVAD&rclk=1;73
Anel 1;Sertãozinho/SP;Grupo Engelesert;;(16) 99112-5659;solar@engelesert.com.br;http://engelesert.com.br/ | https://www.instagram.com/engelesert;https://www.google.com/maps/place/Grupo+Engelesert/data=!4m7!3m6!1s0x94b99f7299eea4d9:0xd1ffa46f9da0e531!8m2!3d-21.120875!4d-48.006409!16s%2Fg%2F11j3vk9457!19sChIJ2aTumXKfuZQRMeWgnW-k_9E?authuser=0&hl=pt-BR&g_ep=EgoyMDI2MDkzMC4wIJJjKgBIAVAD&rclk=1;72
Anel 1;Cravinhos/SP;SIMÕES MATERIAIS ELÉTRICOS - HIDRÁULICA - FERRAGENS;(16) 3951-2913;;;;https://www.google.com/maps/place/SIM%C3%95ES+MATERIAIS+EL%C3%89TRICOS+-+HIDR%C3%81ULICA+-+FERRAGENS/data=!4m7!3m6!1s0x94b9cbb9b499fde1:0x92c68fcac3db7b27!8m2!3d-21.3402255!4d-47.7305241!16s%2Fg%2F11sgl58zdf!19sChIJ4f2ZtLnLuZQRJ3vbw8qPxpI?authuser=0&hl=pt-BR&g_ep=EgoyMDI2MDkzMC4wIJJjKgBIAVAD&rclk=1;72
Anel 1;Ribeirão Preto/SP;Eletrize;(16) 3621-1449;;contato@eletrizeautomacao.com.br;http://www.eletrizeautomacao.com.br/ | https://www.instagram.com/eletrizeautomacao;https://www.google.com/maps/place/Eletrize/data=!4m7!3m6!1s0x94b9bed94339d3c3:0x1419f7870df96a75!8m2!3d-21.1983312!4d-47.8172516!16s%2Fg%2F11bxg9pqn6!19sChIJw9M5Q9m-uZQRdWr5DYf3GRQ?authuser=0&hl=pt-BR&g_ep=EgoyMDI2MDkzMC4wIJJjKgBIAVAD&rclk=1;69
Anel 1;Ribeirão Preto/SP;Luzzi Materiais Elétricos Acessórios Fogos E enfeites de Natal;;(16) 99748-9322;;https://instagram.com/luzzieletrica?igshid=YmMyMTA2M2Y=;https://www.google.com/maps/place/Luzzi+Materiais+El%C3%A9tricos+Acess%C3%B3rios+Fogos+E+enfeites+de+Natal/data=!4m7!3m6!1s0x94b9bf209cb37073:0x97a02a399e9e0307!8m2!3d-21.190912!4d-47.802956!16s%2Fg%2F1q67qk8qj!19sChIJc3CznCC_uZQRBwOenjkqoJc?authuser=0&hl=pt-BR&g_ep=EgoyMDI2MDkzMC4wIJJjKgBIAVAD&rclk=1;67
Anel 1;Cravinhos/SP;Itapuã Eletro Comercial - Materiais Elétricos;(16) 3951-2195;(16) 99295-5976;contato@itapuaeletro.com.br;http://itapuaeletro.com.br/ | https://www.instagram.com/itapuaeletro;https://www.google.com/maps/place/Itapu%C3%A3+Eletro+Comercial+-+Materiais+El%C3%A9tricos/data=!4m7!3m6!1s0x94b9c989c6f943e3:0x465810b7012ad4e1!8m2!3d-21.3318697!4d-47.7284532!16s%2Fg%2F1tm8g26x!19sChIJ40P5xonJuZQR4dQqAbcQWEY?authuser=0&hl=pt-BR&g_ep=EgoyMDI2MDkzMC4wIJJjKgBIAVAD&rclk=1;67
Anel 1;Ribeirão Preto/SP;Turbtron Ind Com de Equipamentos Elétricos;(16) 3629-9526;;;http://www.turbtron.com.br/ | https://www.instagram.com/turbtroncs;https://www.google.com/maps/place/Turbtron+Ind+Com+de+Equipamentos+El%C3%A9tricos/data=!4m7!3m6!1s0x94b9bf5218b1f061:0x4a42dcd7e5bfc74b!8m2!3d-21.1933186!4d-47.7722804!16s%2Fg%2F1tnbm700!19sChIJYfCxGFK_uZQRS8e_5dfcQko?authuser=0&hl=pt-BR&g_ep=EgoyMDI2MDkzMC4wIJJjKgBIAVAD&rclk=1;66
Anel 1;Sertãozinho/SP;Tec Lar Elétrica e Eletrônicos LTDA;;(16) 99108-5184;;;https://www.google.com/maps/place/Tec+Lar+El%C3%A9trica+e+Eletr%C3%B4nicos+LTDA/data=!4m7!3m6!1s0x94b99954ac89b9d1:0xd7f30d6073ac0224!8m2!3d-21.1173721!4d-48.0010193!16s%2Fg%2F11hctgpc22!19sChIJ0bmJrFSZuZQRJAKsc2AN89c?authuser=0&hl=pt-BR&g_ep=EgoyMDI2MDkzMC4wIJJjKgBIAVAD&rclk=1;66
Anel 1;Ribeirão Preto/SP;Regional Materiais Elétricos;(16) 2111-7100;;;http://www.regionaleletrica.com.br/;https://www.google.com/maps/place/Regional+Materiais+El%C3%A9tricos/data=!4m7!3m6!1s0x94b9be5c0b6c9935:0x34321589337e0194!8m2!3d-21.1673969!4d-47.8183171!16s%2Fg%2F1q665j2p0!19sChIJNZlsC1y-uZQRlAF-M4kVMjQ?authuser=0&hl=pt-BR&g_ep=EgoyMDI2MDkzMC4wIJJjKgBIAVAD&rclk=1;63
Anel 1;Ribeirão Preto/SP;BG Automação Segurança Eletrônica;;(16) 99765-1405;;http://www.bgautomacao.com.br/;https://www.google.com/maps/place/BG+Automa%C3%A7%C3%A3o+Seguran%C3%A7a+Eletr%C3%B4nica/data=!4m7!3m6!1s0x94b9bf5f843055ad:0xbd8c314025570917!8m2!3d-21.1686973!4d-47.798135!16s%2Fg%2F11v09fpzjc!19sChIJrVUwhF-_uZQRFwlXJUAxjL0?authuser=0&hl=pt-BR&g_ep=EgoyMDI2MDkzMC4wIJJjKgBIAVAD&rclk=1;62
Anel 1;Ribeirão Preto/SP;KIFASE MATERIAIS ELÉTRICOS;(16) 3515-9988;(16) 99318-9999;vendas@kifase.com.br;https://kifase.com.br/ | https://www.instagram.com/kifaserp;https://www.google.com/maps/place/KIFASE+MATERIAIS+EL%C3%89TRICOS/data=!4m7!3m6!1s0x94b9bee7704f2bf3:0xd6f4428972d662ea!8m2!3d-21.1896229!4d-47.8099876!16s%2Fg%2F11fxvrxl93!19sChIJ8ytPcOe-uZQR6mLWcolC9NY?authuser=0&hl=pt-BR&g_ep=EgoyMDI2MDkzMC4wIJJjKgBIAVAD&rclk=1;61
Anel 1;Dumont/SP;Auto Elétrica Marchesini;;(16) 99758-0073;;;https://www.google.com/maps/place/Auto+El%C3%A9trica+Marchesini/data=!4m7!3m6!1s0x94b9a397393e6fbb:0xdfa612bbac02e631!8m2!3d-21.2436194!4d-47.972627!16s%2Fg%2F11ckkypzcd!19sChIJu28-OZejuZQRMeYCrLsSpt8?authuser=0&hl=pt-BR&g_ep=EgoyMDI2MDkzMC4wIJJjKgBIAVAD&rclk=1;59
Anel 1;Brodowski/SP;Auto Peças e Elétrica Nacional;(16) 3664-2330;;;;https://www.google.com/maps/place/Auto+Pe%C3%A7as+e+El%C3%A9trica+Nacional/data=!4m7!3m6!1s0x94b9eee70205573f:0x9e3cb3b781493dc!8m2!3d-20.9857032!4d-47.6526025!16s%2Fg%2F1tk_ktm0!19sChIJP1cFAufuuZQR3JMUeDvL4wk?authuser=0&hl=pt-BR&g_ep=EgoyMDI2MDkzMC4wIJJjKgBIAVAD&rclk=1;53
Anel 1;Ribeirão Preto/SP;ELÉTRICA BARÃO;(16) 3289-5121;;vendas@eletricabarao.com.br;http://www.eletricabarao.com.br/;https://www.google.com/maps/place/EL%C3%89TRICA+BAR%C3%83O/data=!4m7!3m6!1s0x94b9bf557a6c8877:0x9dd803a7ca6899a9!8m2!3d-21.1792907!4d-47.7768899!16s%2Fg%2F11smqpz_7c!19sChIJd4hselW_uZQRqZloyqcD2J0?authuser=0&hl=pt-BR&g_ep=EgoyMDI2MDkzMC4wIJJjKgBIAVAD&rclk=1;51
Anel 1;Ribeirão Preto/SP;Damatta Eletricidade e Iluminação;(16) 3632-8181;;;https://www.instagram.com/damatta.iluminacao/;https://www.google.com/maps/place/Damatta+Eletricidade+e+Ilumina%C3%A7%C3%A3o/data=!4m7!3m6!1s0x94b9bf1c5498d7a1:0x6f68ae9dd1926b0b!8m2!3d-21.1799279!4d-47.8009534!16s%2Fg%2F1tdx9t32!19sChIJodeYVBy_uZQRC2uS0Z2uaG8?authuser=0&hl=pt-BR&g_ep=EgoyMDI2MDkzMC4wIJJjKgBIAVAD&rclk=1;51
Anel 1;Barrinha/SP;Eletromóveis Brasil;;(16) 99200-6788;;;https://www.google.com/maps/place/Eletrom%C3%B3veis+Brasil/data=!4m7!3m6!1s0x94b973e662560c1d:0x5b4a3bc8266a73ef!8m2!3d-21.1912992!4d-48.1622984!16s%2Fg%2F11g0ll6qzb!19sChIJHQxWYuZzuZQR73NqJsg7Sls?authuser=0&hl=pt-BR&g_ep=EgoyMDI2MDkzMC4wIJJjKgBIAVAD&rclk=1;49
Anel 1;Ribeirão Preto/SP;Artrol Automação Industrial;(16) 3103-7876;;;https://artrol.com.br/;https://www.google.com/maps/place/Artrol+Automa%C3%A7%C3%A3o+Industrial/data=!4m7!3m6!1s0x94b9be491b1df3b9:0xafb31244b95fccc2!8m2!3d-21.1637808!4d-47.7953188!16s%2Fg%2F1ptyqpr2s!19sChIJufMdG0m-uZQRwsxfuUQSs68?authuser=0&hl=pt-BR&g_ep=EgoyMDI2MDkzMC4wIJJjKgBIAVAD&rclk=1;43
Anel 1;Ribeirão Preto/SP;Casa Paulista - Materiais Elétricos e Hidráulicos;(16) 3961-2752;;;http://casapaulista.smartpos.app/;https://www.google.com/maps/place/Casa+Paulista+-+Materiais+El%C3%A9tricos+e+Hidr%C3%A1ulicos/data=!4m7!3m6!1s0x94b9be4d3f8c73e7:0xace1bb59cada69cc!8m2!3d-21.1581585!4d-47.8043702!16s%2Fg%2F11hbq9v1sp!19sChIJ53OMP02-uZQRzGnaylm74aw?authuser=0&hl=pt-BR&g_ep=EgoyMDI2MDkzMC4wIJJjKgBIAVAD&rclk=1;42
Anel 1;Brodowski/SP;Belinno Elétrica Casa & Lazer LTDA;(16) 3664-1010;;;http://www.eletricacasaelazer.com.br/;https://www.google.com/maps/place/Belinno+El%C3%A9trica+Casa+%26+Lazer+LTDA/data=!4m7!3m6!1s0x94b9eee6fa4f0cfb:0x73d83698c5fd5262!8m2!3d-20.985142!4d-47.652266!16s%2Fg%2F11wxb1tkwm!19sChIJ-wxP-ubuuZQRYlL9xZg22HM?authuser=0&hl=pt-BR&g_ep=EgoyMDI2MDkzMC4wIJJjKgBIAVAD&rclk=1;42
Anel 1;Ribeirão Preto/SP;ASJ Tecnologia - Chicotes Elétricos.;(16) 3237-5595;(16) 98861-6927;asj@asjtecnologia.com.br;https://www.asjtecnologia.com.br/;https://www.google.com/maps/place/ASJ+Tecnologia+-+Chicotes+El%C3%A9tricos./data=!4m7!3m6!1s0x94b9bef55d47b5fd:0xe7eef4c97daadb1c!8m2!3d-21.1785948!4d-47.817821!16s%2Fg%2F11cnc03yjt!19sChIJ_bVHXfW-uZQRHNuqfcn07uc?authuser=0&hl=pt-BR&g_ep=EgoyMDI2MDkzMC4wIJJjKgBIAVAD&rclk=1;41
Anel 1;Ribeirão Preto/SP;Macrolux Materiais Elétricos;(16) 3610-5131;;;http://www.macrolux.com.br/;https://www.google.com/maps/place/Macrolux+Materiais+El%C3%A9tricos/data=!4m7!3m6!1s0x94b9bf1edee4a887:0x96028e202782781b!8m2!3d-21.184243!4d-47.7992003!16s%2Fg%2F1tflh9_m!19sChIJh6jk3h6_uZQRG3iCJyCOApY?authuser=0&hl=pt-BR&g_ep=EgoyMDI2MDkzMC4wIJJjKgBIAVAD&rclk=1;40
Anel 1;Ribeirão Preto/SP;Materiais Elétricos em Ribeirão Preto - RPEletroLar Iluminação e Eletrica;;(16) 98218-5381;;https://wa.me/5516982185381 | https://www.instagram.com/whatsapp;https://www.google.com/maps/place/Materiais+El%C3%A9tricos+em+Ribeir%C3%A3o+Preto+-+RPEletroLar+Ilumina%C3%A7%C3%A3o+e+Eletrica/data=!4m7!3m6!1s0x94b9bf0f7eb02e29:0xe7e21ca8f39e0f55!8m2!3d-21.1386985!4d-47.8163833!16s%2Fg%2F11rwkrq9x8!19sChIJKS6wfg-_uZQRVQ-e86gc4uc?authuser=0&hl=pt-BR&g_ep=EgoyMDI2MDkzMC4wIJJjKgBIAVAD&rclk=1;40
Anel 1;Cravinhos/SP;MOTTA AUTO PEÇAS E AUTO ELETRICA;(16) 3951-1766;;;;https://www.google.com/maps/place/MOTTA+AUTO+PE%C3%87AS+E+AUTO+ELETRICA/data=!4m7!3m6!1s0x94b9c987bfe1d92d:0x287d13ab60f98fae!8m2!3d-21.3367672!4d-47.727904!16s%2Fg%2F1pt__wz58!19sChIJLdnhv4fJuZQRro_5YKsTfSg?authuser=0&hl=pt-BR&g_ep=EgoyMDI2MDkzMC4wIJJjKgBIAVAD&rclk=1;40
Anel 1;Ribeirão Preto/SP;Gacel materiais elétricos;(16) 3446-1136;;;http://gacel.com.br/;https://www.google.com/maps/place/Gacel+materiais+el%C3%A9tricos/data=!4m7!3m6!1s0x94b9bf0dce664cad:0x1f7b96df32af119c!8m2!3d-21.1714508!4d-47.7876251!16s%2Fg%2F11g8755l28!19sChIJrUxmzg2_uZQRnBGvMt-Wex8?authuser=0&hl=pt-BR&g_ep=EgoyMDI2MDkzMC4wIJJjKgBIAVAD&rclk=1;39
Anel 1;Ribeirão Preto/SP;Gertronic Engenharia e Sistemas LTDA;;(16) 98193-0987;rafael@gertronic.com.br;https://www.gertronic.com.br/ | https://www.instagram.com/gertronic_engenharia;https://www.google.com/maps/place/Gertronic+Engenharia+e+Sistemas+LTDA/data=!4m7!3m6!1s0x94b9b89f4eb96c27:0xe39ec966a2ea970e!8m2!3d-21.191993!4d-47.7500407!16s%2Fg%2F1ptyr3gg9!19sChIJJ2y5Tp-4uZQRDpfqombJnuM?authuser=0&hl=pt-BR&g_ep=EgoyMDI2MDkzMC4wIJJjKgBIAVAD&rclk=1;38
Anel 1;Ribeirão Preto/SP;Painel Equipamentos Elétricos Ltda;;(16) 98239-0229;emailengenharia@painel.ind.br;https://www.e-painel.ind.br/ | https://www.instagram.com/painelequipamentoseletricos;https://www.google.com/maps/place/Painel+Equipamentos+El%C3%A9tricos+Ltda/data=!4m7!3m6!1s0x94b9bfc03beaa485:0xa6c194da2686caa6!8m2!3d-21.2433623!4d-47.7567559!16s%2Fg%2F1tc_xq5h!19sChIJhaTqO8C_uZQRpsqGJtqUwaY?authuser=0&hl=pt-BR&g_ep=EgoyMDI2MDkzMC4wIJJjKgBIAVAD&rclk=1;36
Anel 1;Dumont/SP;Dumont Materiais - Você procura, aqui tem !;(16) 3944-3388;;;;https://www.google.com/maps/place/Dumont+Materiais+-+Voc%C3%AA+procura,+aqui+tem+!/data=!4m7!3m6!1s0x94b9be8b4155a6cb:0x94520f1f6fbcff8f!8m2!3d-21.244371!4d-47.9779092!16s%2Fg%2F1tjjqgq8!19sChIJy6ZVQYu-uZQRj_-8bx8PUpQ?authuser=0&hl=pt-BR&g_ep=EgoyMDI2MDkzMC4wIJJjKgBIAVAD&rclk=1;36
Anel 1;Sertãozinho/SP;WSEG SEGURANÇA ELETRÔNICA;;(16) 99232-1110;contato@wsegseguranca.com.br;https://wsegseguranca.com.br/ | https://www.instagram.com/wseg2020;https://www.google.com/maps/place/WSEG+SEGURAN%C3%87A+ELETR%C3%94NICA/data=!4m7!3m6!1s0x94b9995a2a3de7fd:0xd11c8ec827fe64c4!8m2!3d-21.1369942!4d-48.0066324!16s%2Fg%2F11fxvp0ssx!19sChIJ_ec9KlqZuZQRxGT-J8iOHNE?authuser=0&hl=pt-BR&g_ep=EgoyMDI2MDkzMC4wIJJjKgBIAVAD&rclk=1;35
Anel 1;Jardinópolis/SP;Portão e Gava Materiais de construção e ferramentas (NÃO TEMOS SITE DA LOJA);;(16) 99166-5881;;http://semsite.com/;https://www.google.com/maps/place/Port%C3%A3o+e+Gava+Materiais+de+constru%C3%A7%C3%A3o+e+ferramentas+%28N%C3%83O+TEMOS+SITE+DA+LOJA%29/data=!4m7!3m6!1s0x94b9931e9afb5de5:0x1b33f1a1c161f38b!8m2!3d-21.0269744!4d-47.7745081!16s%2Fg%2F11vl6h66hm!19sChIJ5V37mh6TuZQRi_NhwaHxMxs?authuser=0&hl=pt-BR&g_ep=EgoyMDI2MDkzMC4wIJJjKgBIAVAD&rclk=1;35
Anel 1;Cravinhos/SP;ELETRO FORT;;(16) 99240-5857;;https://www.lojaeletrofort.com.br/;https://www.google.com/maps/place/ELETRO+FORT/data=!4m7!3m6!1s0x94b9cb00091f21d5:0xc10ca534282a9422!8m2!3d-21.34548!4d-47.7268744!16s%2Fg%2F11y74wtgr6!19sChIJ1SEfCQDLuZQRIpQqKDSlDME?authuser=0&hl=pt-BR&g_ep=EgoyMDI2MDkzMC4wIJJjKgBIAVAD&rclk=1;34
Anel 1;Ribeirão Preto/SP;Haja Luz Materiais Eletricos;(16) 3101-0985;;;;https://www.google.com/maps/place/Haja+Luz+Materiais+Eletricos/data=!4m7!3m6!1s0x94b9bf2d252aee35:0x7ea4032a7f5cc680!8m2!3d-21.2040007!4d-47.7952347!16s%2Fg%2F11fy4gxscj!19sChIJNe4qJS2_uZQRgMZcfyoDpH4?authuser=0&hl=pt-BR&g_ep=EgoyMDI2MDkzMC4wIJJjKgBIAVAD&rclk=1;31
Anel 1;Cravinhos/SP;Conimel Empresa de Material Elétrico;(16) 3951-9595;;vendas@conimel.com.br;http://www.conimel.com.br/ | https://www.instagram.com/conimel.eletrica;https://www.google.com/maps/place/Conimel+Empresa+de+Material+El%C3%A9trico/data=!4m7!3m6!1s0x94b9ca27f3758443:0x6822d4c62ef757a!8m2!3d-21.3226779!4d-47.7326662!16s%2Fg%2F11b6hlby_9!19sChIJQ4R18yfKuZQRenXvYkwtggY?authuser=0&hl=pt-BR&g_ep=EgoyMDI2MDkzMC4wIJJjKgBIAVAD&rclk=1;31
Anel 1;Jardinópolis/SP;CFT Engenharia - Soluções em Energia Solar;;(16) 99319-9511;comercial2@cftengenharia.com.br;http://cftengenharia.com.br/ | https://www.instagram.com/cftsolucoesenergeticas;https://www.google.com/maps/place/CFT+Engenharia+-+Solu%C3%A7%C3%B5es+em+Energia+Solar/data=!4m7!3m6!1s0x94b9933646434417:0xb94f789207142986!8m2!3d-21.0282236!4d-47.769316!16s%2Fg%2F11h03zttk5!19sChIJF0RDRjaTuZQRhikUB5J4T7k?authuser=0&hl=pt-BR&g_ep=EgoyMDI2MDkzMC4wIJJjKgBIAVAD&rclk=1;31
Anel 1;Brodowski/SP;NANOTECH SOLUÇÕES E AUTOMAÇÃO;;(16) 99328-6506;;;https://www.google.com/maps/place/NANOTECH+SOLU%C3%87%C3%95ES+E+AUTOMA%C3%87%C3%83O/data=!4m7!3m6!1s0x94b9ef50dbb59717:0xd102fcc710642e47!8m2!3d-20.9883739!4d-47.6562268!16s%2Fg%2F11yjhzm1mx!19sChIJF5e121DvuZQRRy5kEMf8AtE?authuser=0&hl=pt-BR&g_ep=EgoyMDI2MDkzMC4wIJJjKgBIAVAD&rclk=1;31
Anel 1;Ribeirão Preto/SP;EBS COMERCIAL ELETRICA;(16) 3236-8534;;;https://www.instagram.com/oficial_ebs/;https://www.google.com/maps/place/EBS+COMERCIAL+ELETRICA/data=!4m7!3m6!1s0x94b9bf336cf786b9:0xe48490627a4a0283!8m2!3d-21.1387077!4d-47.8277795!16s%2Fg%2F11kr8bl7zb!19sChIJuYb3bDO_uZQRgwJKemKQhOQ?authuser=0&hl=pt-BR&g_ep=EgoyMDI2MDkzMC4wIJJjKgBIAVAD&rclk=1;30
Anel 1;Ribeirão Preto/SP;LC Materiais Elétricos;;(16) 99644-7130;;;https://www.google.com/maps/place/LC+Materiais+El%C3%A9tricos/data=!4m7!3m6!1s0x94b9bf8e24b8ad93:0x12bcc4b5eaa87cf2!8m2!3d-21.1748834!4d-47.8232525!16s%2Fg%2F11rmx2q8f5!19sChIJk624JI6_uZQR8nyo6rXEvBI?authuser=0&hl=pt-BR&g_ep=EgoyMDI2MDkzMC4wIJJjKgBIAVAD&rclk=1;30
Anel 1;Sertãozinho/SP;Eletrosert Equipamentos Eletrônicos;(16) 3947-2672;(16) 99617-6961;eletrosert@eletrosert.com.br;http://www.eletrosert.com.br/;https://www.google.com/maps/place/Eletrosert+Equipamentos+Eletr%C3%B4nicos/data=!4m7!3m6!1s0x94b998e2041be23f:0x5a85cdae64f247f3!8m2!3d-21.1537251!4d-47.9587271!16s%2Fg%2F1ptxltnrm!19sChIJP-IbBOKYuZQR80fyZK7NhVo?authuser=0&hl=pt-BR&g_ep=EgoyMDI2MDkzMC4wIJJjKgBIAVAD&rclk=1;30
Anel 1;Barrinha/SP;3RM Materiais Elétricos;;(16) 99207-4599;;https://www.instagram.com/3rmeletrica?igsh=NDFlYngxOXE2dmV3&utm_source=qr;https://www.google.com/maps/place/3RM+Materiais+El%C3%A9tricos/data=!4m7!3m6!1s0x94b9759e8d85e601:0xbdd8c11f12fc8db9!8m2!3d-21.195526!4d-48.1613788!16s%2Fg%2F11h6f_fyr_!19sChIJAeaFjZ51uZQRuY38Eh_B2L0?authuser=0&hl=pt-BR&g_ep=EgoyMDI2MDkzMC4wIJJjKgBIAVAD&rclk=1;30
Anel 1;Pontal/SP;Rondi Distribuidora;(16) 3953-1528;;;;https://www.google.com/maps/place/Rondi+Distribuidora/data=!4m7!3m6!1s0x94b9836e4a78561b:0x8b23bea5dbfc228f!8m2!3d-21.020632!4d-48.0406063!16s%2Fg%2F11r_cb_s7s!19sChIJG1Z4Sm6DuZQRjyL826W-I4s?authuser=0&hl=pt-BR&g_ep=EgoyMDI2MDkzMC4wIJJjKgBIAVAD&rclk=1;30
Anel 1;Sertãozinho/SP;Leal Soluções;;(16) 98847-3111;;;https://www.google.com/maps/place/Leal+Solu%C3%A7%C3%B5es/data=!4m7!3m6!1s0x4eba1d6814922273:0xa165712a942979e0!8m2!3d-21.1188797!4d-47.963388!16s%2Fg%2F11m6412h1n!19sChIJcyKSFGgduk4R4HkplCpxZaE?authuser=0&hl=pt-BR&g_ep=EgoyMDI2MDkzMC4wIJJjKgBIAVAD&rclk=1;29
Anel 1;Jardinópolis/SP;Eib Comércio E Instalações Elétricas Ltda;(16) 3663-3808;;;;https://www.google.com/maps/place/Eib+Com%C3%A9rcio+E+Instala%C3%A7%C3%B5es+El%C3%A9tricas+Ltda/data=!4m7!3m6!1s0x94b993360a54a0db:0x8ccdaf18e69dd77c!8m2!3d-21.0224311!4d-47.7688511!16s%2Fg%2F11gf0w3lrd!19sChIJ26BUCjaTuZQRfNed5hivzYw?authuser=0&hl=pt-BR&g_ep=EgoyMDI2MDkzMC4wIJJjKgBIAVAD&rclk=1;29
Anel 1;Ribeirão Preto/SP;Eletro Transol - Ribeirão Preto;(16) 2102-5444;(62) 98413-9985;contato@eletrotransol.com.br;https://institucional.eletrotransol.com.br/ | https://www.instagram.com/eletrotransoltecnologia;https://www.google.com/maps/place/Eletro+Transol+-+Ribeir%C3%A3o+Preto/data=!4m7!3m6!1s0x94b9bf0078175f1f:0xa818d659653d2352!8m2!3d-21.1762917!4d-47.8029006!16s%2Fg%2F11y26q7_mr!19sChIJH18XeAC_uZQRUiM9ZVnWGKg?authuser=0&hl=pt-BR&g_ep=EgoyMDI2MDkzMC4wIJJjKgBIAVAD&rclk=1;27
Anel 1;Ribeirão Preto/SP;IMPÉRIO DAS RESISTÊNCIAS;(16) 3968-4545;;;https://imperiodasresistencias.com.br/;https://www.google.com/maps/place/IMP%C3%89RIO+DAS+RESIST%C3%8ANCIAS/data=!4m7!3m6!1s0x94b9bfd9cd6e40dd:0xd472307fe9539e4b!8m2!3d-21.1286694!4d-47.7814145!16s%2Fg%2F11smvqw7x8!19sChIJ3UBuzdm_uZQRS55T6X8wctQ?authuser=0&hl=pt-BR&g_ep=EgoyMDI2MDkzMC4wIJJjKgBIAVAD&rclk=1;26
Anel 1;Sertãozinho/SP;Sinache Materiais Elétricos;(16) 3942-7773;(16) 99138-5332;;https://www.sinache.com.br/ | https://instagram.com/sinache_materiais;https://www.google.com/maps/place/Sinache+Materiais+El%C3%A9tricos/data=!4m7!3m6!1s0x94b99ecd6b3f5e2d:0xaa7cc6efb905cf91!8m2!3d-21.1414109!4d-48.0024983!16s%2Fg%2F11y402zvrh!19sChIJLV4_a82euZQRkc8Fue_GfKo?authuser=0&hl=pt-BR&g_ep=EgoyMDI2MDkzMC4wIJJjKgBIAVAD&rclk=1;26
Anel 1;Barrinha/SP;DAL Auto Peças - Baterias e Acessórios e Pneus;(16) 3943-1702;(55) 99671-7765;;http://bit.ly/DalAutoPecas | https://www.instagram.com/whatsapp;https://www.google.com/maps/place/DAL+Auto+Pe%C3%A7as+-+Baterias+e+Acess%C3%B3rios+e+Pneus/data=!4m7!3m6!1s0x94b97539beb84d39:0x949991b112faa720!8m2!3d-21.1906677!4d-48.1584457!16s%2Fg%2F11h0_h01p5!19sChIJOU24vjl1uZQRIKf6ErGRmZQ?authuser=0&hl=pt-BR&g_ep=EgoyMDI2MDkzMC4wIJJjKgBIAVAD&rclk=1;26
Anel 1;Ribeirão Preto/SP;LGA Iluminação;(16) 3325-1571;;;http://www.facebook.com/lgailuminacao;https://www.google.com/maps/place/LGA+Ilumina%C3%A7%C3%A3o/data=!4m7!3m6!1s0x94b9bf378d8d16dd:0xbbc2bf55c699bbe6!8m2!3d-21.1926586!4d-47.7846687!16s%2Fg%2F11d_bkvjh7!19sChIJ3RaNjTe_uZQR5ruZxlW_wrs?authuser=0&hl=pt-BR&g_ep=EgoyMDI2MDkzMC4wIJJjKgBIAVAD&rclk=1;25
Anel 1;Sertãozinho/SP;HP Materiais;;(16) 99719-4669;;;https://www.google.com/maps/place/HP+Materiais/data=!4m7!3m6!1s0x94b99faace094df5:0x62ab0e5103e53f8!8m2!3d-21.1182618!4d-48.0021543!16s%2Fg%2F11yq6nbjjf!19sChIJ9U0JzqqfuZQR-FM-EOWwKgY?authuser=0&hl=pt-BR&g_ep=EgoyMDI2MDkzMC4wIJJjKgBIAVAD&rclk=1;25
Anel 1;Barrinha/SP;OXI-MODAS;;(16) 99187-1038;;;https://www.google.com/maps/place/OXI-MODAS/data=!4m7!3m6!1s0x94b974655ddd1e73:0x6448f3b80fa7a44c!8m2!3d-21.1826718!4d-48.1519378!16s%2Fg%2F11bwgpdsrn!19sChIJcx7dXWV0uZQRTKSnD7jzSGQ?authuser=0&hl=pt-BR&g_ep=EgoyMDI2MDkzMC4wIJJjKgBIAVAD&rclk=1;25
Anel 1;Sertãozinho/SP;AUTHOMATHIKA;(16) 3513-4000;(16) 99646-5516;comercial@authomathika.com.br;http://www.authomathika.com.br/ | https://www.instagram.com/authomathika;https://www.google.com/maps/place/AUTHOMATHIKA/data=!4m7!3m6!1s0x94b9990c85d53b9b:0xe3fc41ea72b16b78!8m2!3d-21.1466312!4d-47.9671288!16s%2Fg%2F1tycxrn2!19sChIJmzvVhQyZuZQReGuxcupB_OM?authuser=0&hl=pt-BR&g_ep=EgoyMDI2MDkzMC4wIJJjKgBIAVAD&rclk=1;24
Anel 1;Cravinhos/SP;CR MONITORAMENTO E SEGURANÇA ELETRÔNICA;;(16) 99131-7515;;http://fb.me/crmonitoramentoeseguranca;https://www.google.com/maps/place/CR+MONITORAMENTO+E+SEGURAN%C3%87A+ELETR%C3%94NICA/data=!4m7!3m6!1s0xecd16c3b1361131:0x46152ccf12f166ca!8m2!3d-21.3428692!4d-47.7343836!16s%2Fg%2F11pv6h22dr!19sChIJMRE2scMWzQ4RymbxEs8sFUY?authuser=0&hl=pt-BR&g_ep=EgoyMDI2MDkzMC4wIJJjKgBIAVAD&rclk=1;24
Anel 1;Serrana/SP;Raiden Elétrica - Automação Residencial e Serviços Elétricos de Alto Padrão;;(16) 99255-1555;;http://www.raideneletrica.com/;https://www.google.com/maps/place/Raiden+El%C3%A9trica+-+Automa%C3%A7%C3%A3o+Residencial+e+Servi%C3%A7os+El%C3%A9tricos+de+Alto+Padr%C3%A3o/data=!4m7!3m6!1s0x94b9db6b01810a9b:0xbea01a77b51c35ba!8m2!3d-21.1989088!4d-47.5954506!16s%2Fg%2F11x6c7mns7!19sChIJmwqBAWvbuZQRujUctXcaoL4?authuser=0&hl=pt-BR&g_ep=EgoyMDI2MDkzMC4wIJJjKgBIAVAD&rclk=1;24
Anel 1;Pontal/SP;Carnelós Construção e Acabamentos;(16) 3953-1525;;;;https://www.google.com/maps/place/Carnel%C3%B3s+Constru%C3%A7%C3%A3o+e+Acabamentos/data=!4m7!3m6!1s0x94b9830007708b93:0x17b234eb3854bdd2!8m2!3d-21.0235973!4d-48.0429527!16s%2Fg%2F11w297cb4t!19sChIJk4twBwCDuZQR0r1UOOs0shc?authuser=0&hl=pt-BR&g_ep=EgoyMDI2MDkzMC4wIJJjKgBIAVAD&rclk=1;24
Anel 1;Ribeirão Preto/SP;Santos & Santana Elétrica e Construtora;;(16) 99631-1617;;http://xn--santossantana-instalaeseltricas-1yc4e3w.com/?utm_source=gmb&utm_medium=referral;https://www.google.com/maps/place/Santos+%26+Santana+El%C3%A9trica+e+Construtora/data=!4m7!3m6!1s0x94b9c03ffc0eee97:0x56621d479f83c960!8m2!3d-21.1309259!4d-47.7437802!16s%2Fg%2F11dfgqw1ym!19sChIJl-4O_D_AuZQRYMmDn0cdYlY?authuser=0&hl=pt-BR&g_ep=EgoyMDI2MDkzMC4wIJJjKgBIAVAD&rclk=1;23
Anel 1;Barrinha/SP;ime alarmes;(16) 3943-5795;;;;https://www.google.com/maps/place/ime+alarmes/data=!4m7!3m6!1s0x94b97468b3528c99:0x50eece70c0699d4f!8m2!3d-21.1846652!4d-48.144871!16s%2Fg%2F11c7wfqg61!19sChIJmYxSs2h0uZQRT51pwHDO7lA?authuser=0&hl=pt-BR&g_ep=EgoyMDI2MDkzMC4wIJJjKgBIAVAD&rclk=1;23
Anel 1;Ribeirão Preto/SP;Eletrofase - Projetos Elétricos;(16) 3234-9929;(16) 99127-0382;comercial@eletrofase.net;http://www.eletrofase.net/;https://www.google.com/maps/place/Eletrofase+-+Projetos+El%C3%A9tricos/data=!4m7!3m6!1s0x94b9bec69f440b8d:0x4a1e9bba1c455f09!8m2!3d-21.1988597!4d-47.818848!16s%2Fg%2F1pp2wz2cp!19sChIJjQtEn8a-uZQRCV9FHLqbHko?authuser=0&hl=pt-BR&g_ep=EgoyMDI2MDkzMC4wIJJjKgBIAVAD&rclk=1;22
Anel 1;Jardinópolis/SP;Auto Eletrica e Ar Condicionado Reginaldo Juzzo - Jardinópolis;;(16) 99220-3877;;;https://www.google.com/maps/place/Auto+Eletrica+e+Ar+Condicionado+Reginaldo+Juzzo+-+Jardin%C3%B3polis/data=!4m7!3m6!1s0x94b993534b688687:0xb03f740444db5059!8m2!3d-21.0179376!4d-47.7559466!16s%2Fg%2F11gmfyl626!19sChIJh4ZoS1OTuZQRWVDbRAR0P7A?authuser=0&hl=pt-BR&g_ep=EgoyMDI2MDkzMC4wIJJjKgBIAVAD&rclk=1;22
Anel 1;Ribeirão Preto/SP;Eletro 1000 Watts;;(16) 99216-9510;;http://eletro1000watts.com.br/;https://www.google.com/maps/place/Eletro+1000+Watts/data=!4m7!3m6!1s0x94b9be5d9aa5c42d:0x83abe460d05cd773!8m2!3d-21.1679321!4d-47.8222877!16s%2Fg%2F11k6jlf_yg!19sChIJLcSlml2-uZQRc9dc0GDkq4M?authuser=0&hl=pt-BR&g_ep=EgoyMDI2MDkzMC4wIJJjKgBIAVAD&rclk=1;21
Anel 1;Ribeirão Preto/SP;AG Tech;(16) 3967-9200;;;http://agtech.eng.br/;https://www.google.com/maps/place/AG+Tech/data=!4m7!3m6!1s0x94b9bf82238bd443:0xe5c5557c306e9beb!8m2!3d-21.1567889!4d-47.7690363!16s%2Fg%2F11bzwmvk0k!19sChIJQ9SLI4K_uZQR65tuMHxVxeU?authuser=0&hl=pt-BR&g_ep=EgoyMDI2MDkzMC4wIJJjKgBIAVAD&rclk=1;21
Anel 1;Sertãozinho/SP;Mega Ferramentas Elétricas Ltda.;(16) 2105-8100;(16) 2105-8100;atendimento@megaferramentas.com.br;http://www.megaferramentas.com.br/;https://www.google.com/maps/place/Mega+Ferramentas+El%C3%A9tricas+Ltda./data=!4m7!3m6!1s0x94b99ec94131af15:0x5920ee85ab5996fd!8m2!3d-21.13817!4d-48.0070195!16s%2Fg%2F11c1wsfcrs!19sChIJFa8xQcmeuZQR_ZZZq4XuIFk?authuser=0&hl=pt-BR&g_ep=EgoyMDI2MDkzMC4wIJJjKgBIAVAD&rclk=1;21
Anel 1;Cravinhos/SP;THERMOVAL INDUSTRIA DE VALVULAS LTDA;(16) 3951-9100;(16) 99773-7824;atendimento@thermoval.com.br;http://www.thermoval.com.br/ | https://www.instagram.com/thermovalsolucoesindustriais;https://www.google.com/maps/place/THERMOVAL+INDUSTRIA+DE+VALVULAS+LTDA/data=!4m7!3m6!1s0x94b9c9bd0354a37f:0x5c2140230f3f0108!8m2!3d-21.3180178!4d-47.7370216!16s%2Fg%2F1thctfmp!19sChIJf6NUA73JuZQRCAE_DyNAIVw?authuser=0&hl=pt-BR&g_ep=EgoyMDI2MDkzMC4wIJJjKgBIAVAD&rclk=1;21
Anel 1;Barrinha/SP;Elétrica Automação e Energia;(16) 2136-6737;(16) 99789-1016;atendimento@tecnicabr.com.br;http://www.tecnicabr.com.br/ | https://www.instagram.com/tecnicabr;https://www.google.com/maps/place/El%C3%A9trica+Automa%C3%A7%C3%A3o+e+Energia/data=!4m7!3m6!1s0x94b9754472aa3f0f:0x22fb791648891796!8m2!3d-21.1846147!4d-48.1444729!16s%2Fg%2F11b5pkbmfk!19sChIJDz-qckR1uZQRlheJSBZ5-yI?authuser=0&hl=pt-BR&g_ep=EgoyMDI2MDkzMC4wIJJjKgBIAVAD&rclk=1;21
Anel 1;Sertãozinho/SP;Gaban Energy;;(16) 98100-4431;contato@gabanenergy.com.br;https://gabanenergy.com.br/ | https://www.instagram.com/gabanenergy;https://www.google.com/maps/place/Gaban+Energy/data=!4m7!3m6!1s0x94b999ceb4a47a61:0x207db95a25224832!8m2!3d-21.1142935!4d-47.9844934!16s%2Fg%2F11n77xr151!19sChIJYXqktM6ZuZQRMkgiJVq5fSA?authuser=0&hl=pt-BR&g_ep=EgoyMDI2MDkzMC4wIJJjKgBIAVAD&rclk=1;20
Anel 1;Pontal/SP;Depósito Brasil Pontal;;(16) 98833-7440;;https://www.instagram.com/deposito_brasil2020/?next=/;https://www.google.com/maps/place/Dep%C3%B3sito+Brasil+Pontal/data=!4m7!3m6!1s0x94b9830c4899f745:0xb9c93584bac0dc08!8m2!3d-21.0216579!4d-48.0441814!16s%2Fg%2F11vd2rzlsk!19sChIJRfeZSAyDuZQRCNzAuoQ1ybk?authuser=0&hl=pt-BR&g_ep=EgoyMDI2MDkzMC4wIJJjKgBIAVAD&rclk=1;20
Anel 1;Ribeirão Preto/SP;Escala Comércio de Materiais Elétricos;(16) 3878-1711;;;https://www.instagram.com/escalamateriaiseletricos/;https://www.google.com/maps/place/Escala+Com%C3%A9rcio+de+Materiais+El%C3%A9tricos/data=!4m7!3m6!1s0x94b9bf6af299cba9:0xa94a92ec789bd73!8m2!3d-21.1888865!4d-47.8074581!16s%2Fg%2F11gzzq82q!19sChIJqcuZ8mq_uZQRc72Jxy6plAo?authuser=0&hl=pt-BR&g_ep=EgoyMDI2MDkzMC4wIJJjKgBIAVAD&rclk=1;19
Anel 1;Serrana/SP;Espaço Luz Materiais Elétricos & Iluminação Unidade 1;;(16) 99737-2227;;;https://www.google.com/maps/place/Espa%C3%A7o+Luz+Materiais+El%C3%A9tricos+%26+Ilumina%C3%A7%C3%A3o+Unidade+1/data=!4m7!3m6!1s0x94b9dbe8eadc52d9:0x84351de2f6f12522!8m2!3d-21.209036!4d-47.6050439!16s%2Fg%2F11nfsgpvxc!19sChIJ2VLc6ujbuZQRIiXx9uIdNYQ?authuser=0&hl=pt-BR&g_ep=EgoyMDI2MDkzMC4wIJJjKgBIAVAD&rclk=1;19
Anel 1;Dumont/SP;Construcelso Materiais para Construção;(16) 3944-1193;;;;https://www.google.com/maps/place/Construcelso+Materiais+para+Constru%C3%A7%C3%A3o/data=!4m7!3m6!1s0x94b9a303b15231bd:0x4dfe9bb2cee66d7!8m2!3d-21.239488!4d-47.9767043!16s%2Fg%2F11ff31ljbc!19sChIJvTFSsQOjuZQR12buLLvp3wQ?authuser=0&hl=pt-BR&g_ep=EgoyMDI2MDkzMC4wIJJjKgBIAVAD&rclk=1;19
Anel 1;Mococa/SP;Eletro Motores Maziero Eireli EPP;(19) 3656-2694;;maziero@eletromotoresmaziero.com.br;http://eletromotoresmaziero.com.br/;https://www.google.com/maps/place/Eletro+Motores+Maziero+Eireli+EPP/data=!4m7!3m6!1s0x94b7b9af46234715:0xb9ae70d11e542064!8m2!3d-21.4708524!4d-47.0001588!16s%2Fg%2F1tf9zj52!19sChIJFUcjRq-5t5QRZCBUHtFwrrk?authuser=0&hl=pt-BR&g_ep=EgoyMDI2MDkzMC4wIJJjKgBIAVAD&rclk=1;18
Anel 1;Dumont/SP;Loja Elétrica Dumont;(32) 3251-3112;;;;https://www.google.com/maps/place/Loja+El%C3%A9trica+Dumont/data=!4m7!3m6!1s0xa212109b9566f1:0xb5a2aae9e4ded072!8m2!3d-21.4564113!4d-43.5511796!16s%2Fg%2F1tp30m3c!19sChIJ8WaVmxASogARctDe5OmqorU?authuser=0&hl=pt-BR&g_ep=EgoyMDI2MDkzMC4wIJJjKgBIAVAD&rclk=1;18
Anel 1;Ribeirão Preto/SP;Completa Distribuidora;(16) 3234-7274;;;http://completadistribuidora.com.br/;https://www.google.com/maps/place/Completa+Distribuidora/data=!4m7!3m6!1s0x94b9bf1db75138cd:0x3bc04627821932bd!8m2!3d-21.1551257!4d-47.794977!16s%2Fg%2F11h12jcbx!19sChIJzThRtx2_uZQRvTIZgidGwDs?authuser=0&hl=pt-BR&g_ep=EgoyMDI2MDkzMC4wIJJjKgBIAVAD&rclk=1;17
Anel 1;Ribeirão Preto/SP;Elétrica Gêmeos - Loja 1: Ribeirão Verde;;(16) 98811-2632;;;https://www.google.com/maps/place/El%C3%A9trica+G%C3%AAmeos+-+Loja+1:+Ribeir%C3%A3o+Verde/data=!4m7!3m6!1s0x94b9c1444c33ed35:0x80600b5c7503e574!8m2!3d-21.1308136!4d-47.7441185!16s%2Fg%2F11rhqy3xvc!19sChIJNe0zTETBuZQRdOUDdVwLYIA?authuser=0&hl=pt-BR&g_ep=EgoyMDI2MDkzMC4wIJJjKgBIAVAD&rclk=1;17
Anel 1;Sertãozinho/SP;ágoraLux;;(16) 99348-9220;;https://www.agoralux.com.br/;https://www.google.com/maps/place/%C3%A1goraLux/data=!4m7!3m6!1s0x94b9992855b07dad:0xf83d4da8092ae41e!8m2!3d-21.1450035!4d-47.9829352!16s%2Fg%2F11ll6qs9gy!19sChIJrX2wVSiZuZQRHuQqCahNPfg?authuser=0&hl=pt-BR&g_ep=EgoyMDI2MDkzMC4wIJJjKgBIAVAD&rclk=1;17
Anel 1;Cravinhos/SP;Elétrica Marques;(16) 3951-8330;;;;https://www.google.com/maps/place/El%C3%A9trica+Marques/data=!4m7!3m6!1s0x94b9c98afdf584cf:0xb177dccc4b2db5c8!8m2!3d-21.3400279!4d-47.7419446!16s%2Fg%2F11bzwnt5jg!19sChIJz4T1_YrJuZQRyLUtS8zcd7E?authuser=0&hl=pt-BR&g_ep=EgoyMDI2MDkzMC4wIJJjKgBIAVAD&rclk=1;17
Anel 1;Ribeirão Preto/SP;Br Box Materiais Eletricos Ltda;;(16) 99422-8440;;http://pontodaeletricidade.mercadoshops.com.br/;https://www.google.com/maps/place/Br+Box+Materiais+Eletricos+Ltda/data=!4m7!3m6!1s0x94b9bf5100518c09:0x8fc8e27392e1c161!8m2!3d-21.1729923!4d-47.8160015!16s%2Fg%2F11jgmn1p7z!19sChIJCYxRAFG_uZQRYcHhknPiyI8?authuser=0&hl=pt-BR&g_ep=EgoyMDI2MDkzMC4wIJJjKgBIAVAD&rclk=1;16
Anel 1;Ribeirão Preto/SP;Nova Era automação e elétrica;;(16) 99718-8710;;;https://www.google.com/maps/place/Nova+Era+automa%C3%A7%C3%A3o+e+el%C3%A9trica/data=!4m7!3m6!1s0x94b995a2169285fb:0x3b853902627953aa!8m2!3d-21.1380226!4d-47.8289595!16s%2Fg%2F11xgjmkw_6!19sChIJ-4WSFqKVuZQRqlN5YgI5hTs?authuser=0&hl=pt-BR&g_ep=EgoyMDI2MDkzMC4wIJJjKgBIAVAD&rclk=1;16
Anel 1;Ribeirão Preto/SP;Phi Painéis Elétricos Ribeirão Preto;(16) 3289-8086;(16) 99153-5729;administrativo@phipaineis.com.br;http://www.phipaineis.com.br/ | https://instagram.com/phipaineis;https://www.google.com/maps/place/Phi+Pain%C3%A9is+El%C3%A9tricos+Ribeir%C3%A3o+Preto/data=!4m7!3m6!1s0x94b9bf3dc10a5b1d:0xec01d645b5200217!8m2!3d-21.1617558!4d-47.7951587!16s%2Fg%2F11b6xq_ksb!19sChIJHVsKwT2_uZQRFwIgtUXWAew?authuser=0&hl=pt-BR&g_ep=EgoyMDI2MDkzMC4wIJJjKgBIAVAD&rclk=1;16
Anel 1;Ribeirão Preto/SP;Del Lama Comercio de Materiais Elétricos Ltda;;(16) 99153-8856;;http://www.dellamaeletricos.com.br/;https://www.google.com/maps/place/Del+Lama+Comercio+de+Materiais+El%C3%A9tricos+Ltda/data=!4m7!3m6!1s0x94b9bf5909afb667:0x11117e294a7d431a!8m2!3d-21.1837976!4d-47.7672656!16s%2Fg%2F1tfbtzzv!19sChIJZ7avCVm_uZQRGkN9Sil-ERE?authuser=0&hl=pt-BR&g_ep=EgoyMDI2MDkzMC4wIJJjKgBIAVAD&rclk=1;16
Anel 1;Ribeirão Preto/SP;Grupo AMB Atacadista;(16) 3505-3535;;;https://www.ambatacadista.com.br/;https://www.google.com/maps/place/Grupo+AMB+Atacadista/data=!4m7!3m6!1s0x94b9bf514662a857:0xbf7581463cd19d49!8m2!3d-21.1772792!4d-47.7585482!16s%2Fg%2F11f3jwx2tp!19sChIJV6hiRlG_uZQRSZ3RPEaBdb8?authuser=0&hl=pt-BR&g_ep=EgoyMDI2MDkzMC4wIJJjKgBIAVAD&rclk=1;16
Anel 1;Pontal/SP;Imatel Central Técnica Comércio Aparelho Eletro Eletrônicos;(16) 3953-6497;;;;https://www.google.com/maps/place/Imatel+Central+T%C3%A9cnica+Com%C3%A9rcio+Aparelho+Eletro+Eletr%C3%B4nicos/data=!4m7!3m6!1s0x94b9831eb3a13025:0xc732e82b55d5a05!8m2!3d-21.0228572!4d-48.0406455!16s%2Fg%2F1vrqbr63!19sChIJJTChsx6DuZQRBVpdtYIucww?authuser=0&hl=pt-BR&g_ep=EgoyMDI2MDkzMC4wIJJjKgBIAVAD&rclk=1;16
Anel 1;Ribeirão Preto/SP;Termicabos Materiais Elétricos LTDA;(16) 3237-0800;;;;https://www.google.com/maps/place/Termicabos+Materiais+El%C3%A9tricos+LTDA/data=!4m7!3m6!1s0x94b9bfa8aa508f31:0xf9b1a9072c2bb480!8m2!3d-21.1672692!4d-47.8019697!16s%2Fg%2F11c577p5tn!19sChIJMY9Qqqi_uZQRgLQrLAepsfk?authuser=0&hl=pt-BR&g_ep=EgoyMDI2MDkzMC4wIJJjKgBIAVAD&rclk=1;15
Anel 1;Ribeirão Preto/SP;Elétrica Guimarães Ribeirão Preto -;(16) 3877-9004;;;https://www.eletricaguimaraesrp.com.br/;https://www.google.com/maps/place/El%C3%A9trica+Guimar%C3%A3es+Ribeir%C3%A3o+Preto+-/data=!4m7!3m6!1s0x94b9bfaf0423d569:0xd4e7bb145270dba!8m2!3d-21.1593587!4d-47.7952922!16s%2Fg%2F11f08gt9p0!19sChIJadUjBK-_uZQRug0nRbF7Tg0?authuser=0&hl=pt-BR&g_ep=EgoyMDI2MDkzMC4wIJJjKgBIAVAD&rclk=1;14
Anel 1;Sertãozinho/SP;Lp Equipamentos para Fundição;;(16) 98152-0909;comercial@lpequipamentos.com.br;http://www.lpautomacao.com.br/ | https://instagram.com/lpequipamentos;https://www.google.com/maps/place/Lp+Equipamentos+para+Fundi%C3%A7%C3%A3o/data=!4m7!3m6!1s0x94b99fc2b2e02e55:0x6c7bb4b32140a9db!8m2!3d-21.1531884!4d-48.0035974!16s%2Fg%2F11k504d3w8!19sChIJVS7gssKfuZQR26lAIbO0e2w?authuser=0&hl=pt-BR&g_ep=EgoyMDI2MDkzMC4wIJJjKgBIAVAD&rclk=1;14
Anel 1;Jardinópolis/SP;NJ Materiais Elétricos;;(16) 98859-7349;;;https://www.google.com/maps/place/NJ+Materiais+El%C3%A9tricos/data=!4m7!3m6!1s0x94b993e9d69d7e49:0x31b3bd2f4ef81acb!8m2!3d-21.0264754!4d-47.7718217!16s%2Fg%2F11hzsn5s22!19sChIJSX6d1umTuZQRyxr4Ti-9szE?authuser=0&hl=pt-BR&g_ep=EgoyMDI2MDkzMC4wIJJjKgBIAVAD&rclk=1;14
Anel 1;Brodowski/SP;Newtec Componentes Fixadores;(16) 3664-3481;(16) 99402-4174;sac@newtecbr.com.br;http://newtecbr.com.br/ | https://www.instagram.com/newtec_br;https://www.google.com/maps/place/Newtec+Componentes+Fixadores/data=!4m7!3m6!1s0x94b9eee6dee907dd:0xc629b4cf9b71b91e!8m2!3d-20.9847789!4d-47.6504269!16s%2Fg%2F11fhyygrvg!19sChIJ3Qfp3ubuuZQRHrlxm8-0KcY?authuser=0&hl=pt-BR&g_ep=EgoyMDI2MDkzMC4wIJJjKgBIAVAD&rclk=1;14
Anel 1;Pontal/SP;Elétrica Center;;(16) 98151-3697;;;https://www.google.com/maps/place/El%C3%A9trica+Center/data=!4m7!3m6!1s0x94b98315833227a3:0xbacecd7fae46af6d!8m2!3d-21.0278384!4d-48.0380207!16s%2Fg%2F11kqkqyp0n!19sChIJoycygxWDuZQRba9Grn_Nzro?authuser=0&hl=pt-BR&g_ep=EgoyMDI2MDkzMC4wIJJjKgBIAVAD&rclk=1;14
Anel 1;Barrinha/SP;Barrado Comercio Materiais Eletricos LTDA;(16) 3943-7641;;;;https://www.google.com/maps/place/Barrado+Comercio+Materiais+Eletricos+LTDA/data=!4m7!3m6!1s0x94b973fd2712cc49:0x8e19c491d2c16391!8m2!3d-21.1909342!4d-48.1598418!16s%2Fg%2F11hyp6f904!19sChIJScwSJ_1zuZQRkWPB0pHEGY4?authuser=0&hl=pt-BR&g_ep=EgoyMDI2MDkzMC4wIJJjKgBIAVAD&rclk=1;13
Anel 1;Barrinha/SP;Avenida Auto Peças e Mecânica - Elétrica e Baterias;(16) 3943-2035;;;;https://www.google.com/maps/place/Avenida+Auto+Pe%C3%A7as+e+Mec%C3%A2nica+-+El%C3%A9trica+e+Baterias/data=!4m7!3m6!1s0x94b975bf8c95d4a7:0x1832d37bd7a1585!8m2!3d-21.1899445!4d-48.1554735!16s%2Fg%2F11xt58rf0d!19sChIJp9SVjL91uZQRhRV6vTctgwE?authuser=0&hl=pt-BR&g_ep=EgoyMDI2MDkzMC4wIJJjKgBIAVAD&rclk=1;13
Anel 1;Sertãozinho/SP;Sistema Materiais Elétricos;(16) 3947-4999;;comercial@sistemaeletrica.com.br;https://www.sistemaeletrica.com.br/contato-de-empresa-de-sistema-e-materiais-eletricos;https://www.google.com/maps/place/Sistema+Materiais+El%C3%A9tricos/data=!4m7!3m6!1s0x94b99ebd1e82c775:0x51033636df0fcb53!8m2!3d-21.1295545!4d-48.0185499!16s%2Fg%2F11vwxt7v0d!19sChIJdceCHr2euZQRU8sP3zY2A1E?authuser=0&hl=pt-BR&g_ep=EgoyMDI2MDkzMC4wIJJjKgBIAVAD&rclk=1;12
Anel 1;Ribeirão Preto/SP;Elétrica Ribeirão;;(16) 99992-4057;;http://www.eletricaribeirao.com.br/;https://www.google.com/maps/place/El%C3%A9trica+Ribeir%C3%A3o/data=!4m7!3m6!1s0x94b9be4c4c456831:0x27cee0d168fb9c22!8m2!3d-21.1574745!4d-47.8065091!16s%2Fg%2F11pc9h0gyj!19sChIJMWhFTEy-uZQRIpz7aNHgzic?authuser=0&hl=pt-BR&g_ep=EgoyMDI2MDkzMC4wIJJjKgBIAVAD&rclk=1;11
Anel 1;Ribeirão Preto/SP;Comercial Eletro Marcos;(16) 3434-3355;(16) 99601-6682;vendas@eletromarcos.com.br;http://www.eletromarcos.com.br/ | https://www.instagram.com/comercialeletromarcos;https://www.google.com/maps/place/Comercial+Eletro+Marcos/data=!4m7!3m6!1s0x94b9bfbeb950f835:0xa0794844836669bf!8m2!3d-21.1481224!4d-47.7874715!16s%2Fg%2F1tcxkw80!19sChIJNfhQub6_uZQRv2lmg0RIeaA?authuser=0&hl=pt-BR&g_ep=EgoyMDI2MDkzMC4wIJJjKgBIAVAD&rclk=1;11
Anel 1;Sertãozinho/SP;Elétrica Interluz;(16) 3947-6494;;atendimento@eletricainterluz.com.br;http://www.eletricainterluz.com.br/ | http://instagram.com/eletricainterluz;https://www.google.com/maps/place/El%C3%A9trica+Interluz/data=!4m7!3m6!1s0x94b9993a87b1044f:0x816f7ca70babff4c!8m2!3d-21.1364744!4d-47.9907224!16s%2Fg%2F1th6fyqz!19sChIJTwSxhzqZuZQRTP-rC6d8b4E?authuser=0&hl=pt-BR&g_ep=EgoyMDI2MDkzMC4wIJJjKgBIAVAD&rclk=1;11
Anel 1;Sertãozinho/SP;MV Elétrica e hidráulica;;(16) 99394-7378;;;https://www.google.com/maps/place/MV+El%C3%A9trica+e+hidr%C3%A1ulica/data=!4m7!3m6!1s0x94b99976538ddbaf:0xfa1153a679df4ba6!8m2!3d-21.1253564!4d-47.9743016!16s%2Fg%2F11jsh68nxl!19sChIJr9uNU3aZuZQRpkvfeaZTEfo?authuser=0&hl=pt-BR&g_ep=EgoyMDI2MDkzMC4wIJJjKgBIAVAD&rclk=1;11
Anel 1;Sertãozinho/SP;AUTPRO Soluções para Indústria;;;;;https://www.google.com/maps/place/AUTPRO+Solu%C3%A7%C3%B5es+para+Ind%C3%BAstria/data=!4m7!3m6!1s0x94b99929288f2125:0x7f7d5f6fe3205998!8m2!3d-21.1524734!4d-48.0159111!16s%2Fg%2F11dftfnchx!19sChIJJSGPKCmZuZQRmFkg429ffX8?authuser=0&hl=pt-BR&g_ep=EgoyMDI2MDkzMC4wIJJjKgBIAVAD&rclk=1;11
Anel 1;Cravinhos/SP;Vivace Process Instruments;(16) 3482-1238;;contato@vivaceinstruments.com.br;http://www.vivaceinstruments.com.br/ | https://www.instagram.com/p/Dd065gTCMg1;https://www.google.com/maps/place/Vivace+Process+Instruments/data=!4m7!3m6!1s0x94b9ca2f5b107ebb:0xe5aa3dcba4cb5273!8m2!3d-21.3456687!4d-47.7336044!16s%2Fg%2F11cmn04bk5!19sChIJu34QWy_KuZQRc1LLpMs9quU?authuser=0&hl=pt-BR&g_ep=EgoyMDI2MDkzMC4wIJJjKgBIAVAD&rclk=1;11
Anel 1;Serrana/SP;DS Materiais Elétricos;(16) 3987-4009;;;https://www.facebook.com/dsmateriais.eletricos;https://www.google.com/maps/place/DS+Materiais+El%C3%A9tricos/data=!4m7!3m6!1s0x94b9db112d581aad:0xf6a9f154d9045e46!8m2!3d-21.2023437!4d-47.6025497!16s%2Fg%2F11gk68ps5_!19sChIJrRpYLRHbuZQRRl4E2VTxqfY?authuser=0&hl=pt-BR&g_ep=EgoyMDI2MDkzMC4wIJJjKgBIAVAD&rclk=1;11
Anel 1;Sertãozinho/SP;Megen Equipamentos Industriais Ltda.;(16) 5704-8330;;;http://www.megen.com.br/;https://www.google.com/maps/place/Megen+Equipamentos+Industriais+Ltda./data=!4m7!3m6!1s0x94b99ecf73bca65b:0xf5018da4fa8b1e11!8m2!3d-21.142038!4d-48.00986!16s%2Fg%2F11c70d6q69!19sChIJW6a8c8-euZQRER6L-qSNAfU?authuser=0&hl=pt-BR&g_ep=EgoyMDI2MDkzMC4wIJJjKgBIAVAD&rclk=1;10
Anel 1;Cravinhos/SP;Auto elétrica Paulosso;;(16) 99354-4878;;;https://www.google.com/maps/place/Auto+el%C3%A9trica+Paulosso/data=!4m7!3m6!1s0x94b9c9f1dd86db11:0x709445fdc414b1b!8m2!3d-21.3385234!4d-47.7522865!16s%2Fg%2F11jgnc_qdd!19sChIJEduG3fHJuZQRG0tB3F9ECQc?authuser=0&hl=pt-BR&g_ep=EgoyMDI2MDkzMC4wIJJjKgBIAVAD&rclk=1;10
Anel 1;Jardinópolis/SP;AUTO ELETRICA JARD;(16) 3663-4017;;;;https://www.google.com/maps/place/AUTO+ELETRICA+JARD/data=!4m7!3m6!1s0x94b9930962eb5d11:0x3de08e0fed646436!8m2!3d-21.0308682!4d-47.7830526!16s%2Fg%2F11z233g33m!19sChIJEV3rYgmTuZQRNmRk7Q-O4D0?authuser=0&hl=pt-BR&g_ep=EgoyMDI2MDkzMC4wIJJjKgBIAVAD&rclk=1;10
Anel 1;Barrinha/SP;Califórnia Materias P/ Construção;;(16) 99183-1648;;http://instagram.com/Californiamateriais/;https://www.google.com/maps/place/Calif%C3%B3rnia+Materias+P%2F+Constru%C3%A7%C3%A3o/data=!4m7!3m6!1s0x94b974723746576d:0xcc91d5be6ab7419d!8m2!3d-21.1818039!4d-48.1517509!16s%2Fg%2F11vt1s6j8j!19sChIJbVdGN3J0uZQRnUG3ar7Vkcw?authuser=0&hl=pt-BR&g_ep=EgoyMDI2MDkzMC4wIJJjKgBIAVAD&rclk=1;10
Anel 1;Sertãozinho/SP;TAF Automação;(16) 3945-0191;(16) 3511-0400;comercialvendas@tafautomacao.com.br;http://tafautomacao.com.br/ | https://www.instagram.com/tafautomacao;https://www.google.com/maps/place/TAF+Automa%C3%A7%C3%A3o/data=!4m7!3m6!1s0x94b99925229a8eb1:0xdcf212f2358c31c7!8m2!3d-21.1380167!4d-48.0064422!16s%2Fg%2F11c1w0v08l!19sChIJsY6aIiWZuZQRxzGMNfIS8tw?authuser=0&hl=pt-BR&g_ep=EgoyMDI2MDkzMC4wIJJjKgBIAVAD&rclk=1;9
Anel 1;Serrana/SP;Eletrica Cristal;(16) 3987-3515;;;;https://www.google.com/maps/place/Eletrica+Cristal/data=!4m7!3m6!1s0x94b9c5a72ca76e53:0xca3779122919ecf6!8m2!3d-21.2052863!4d-47.6033292!16s%2Fg%2F11gk3pjbdg!19sChIJU26nLKfFuZQR9uwZKRJ5N8o?authuser=0&hl=pt-BR&g_ep=EgoyMDI2MDkzMC4wIJJjKgBIAVAD&rclk=1;9
Anel 1;Sertãozinho/SP;Leoncini Elétrica Hidráulica e Utilidades;(16) 3947-9097;(17) 92000-2146;;https://mechamenozap.com.br/leoncinieletricahidraulica/ | https://www.instagram.com/leoncini_materiais;https://www.google.com/maps/place/Leoncini+El%C3%A9trica+Hidr%C3%A1ulica+e+Utilidades/data=!4m7!3m6!1s0x94b99fa3d7f8c225:0xa329b6fbdfa10a2b!8m2!3d-21.126362!4d-48.021203!16s%2Fg%2F11kn4pmqfc!19sChIJJcL416OfuZQRKwqh3_u2KaM?authuser=0&hl=pt-BR&g_ep=EgoyMDI2MDkzMC4wIJJjKgBIAVAD&rclk=1;8
Anel 1;Cravinhos/SP;MEGA LOJA DO BRÁS CRAVINHOS;;(16) 99103-8241;;;https://www.google.com/maps/place/MEGA+LOJA+DO+BR%C3%81S+CRAVINHOS/data=!4m7!3m6!1s0x94b9cb0006ca4c75:0xe835fc520badcda4!8m2!3d-21.3414362!4d-47.7374491!16s%2Fg%2F11wk7rgv7h!19sChIJdUzKBgDLuZQRpM2tC1L8Neg?authuser=0&hl=pt-BR&g_ep=EgoyMDI2MDkzMC4wIJJjKgBIAVAD&rclk=1;7
Anel 1;Pontal/SP;Elétrica Puga;;(16) 99254-4842;;;https://www.google.com/maps/place/El%C3%A9trica+Puga/data=!4m7!3m6!1s0x94b983f3965b952b:0xc98591d3312d41ec!8m2!3d-21.0281879!4d-48.0308193!16s%2Fg%2F11rn3w0v8r!19sChIJK5VblvODuZQR7EEtMdORhck?authuser=0&hl=pt-BR&g_ep=EgoyMDI2MDkzMC4wIJJjKgBIAVAD&rclk=1;7
Anel 1;Sertãozinho/SP;Elétrica Novalluz;;(16) 99334-1425;;;https://www.google.com/maps/place/El%C3%A9trica+Novalluz/data=!4m7!3m6!1s0x94b9995c320e1fe7:0xeae04b10e77490b5!8m2!3d-21.1398086!4d-47.9806126!16s%2Fg%2F11gmwklv20!19sChIJ5x8OMlyZuZQRtZB05xBL4Oo?authuser=0&hl=pt-BR&g_ep=EgoyMDI2MDkzMC4wIJJjKgBIAVAD&rclk=1;6
Anel 1;Sertãozinho/SP;Fertron Automação e Elétrica Industrial;(16) 3946-5899;;ast@fertron.com.br;http://www.fertron.com.br/;https://www.google.com/maps/place/Fertron+Automa%C3%A7%C3%A3o+e+El%C3%A9trica+Industrial/data=!4m7!3m6!1s0x94b99ebc54a91739:0xd15920741c777f2c!8m2!3d-21.1322872!4d-48.0192204!16s%2Fg%2F1ptw52z2g!19sChIJORepVLyeuZQRLH93HHQgWdE?authuser=0&hl=pt-BR&g_ep=EgoyMDI2MDkzMC4wIJJjKgBIAVAD&rclk=1;6
Anel 1;Cravinhos/SP;Elétrica Muraqui;(16) 3951-6877;;;;https://www.google.com/maps/place/El%C3%A9trica+Muraqui/data=!4m7!3m6!1s0x94b9cb2e657aed0f:0x4063b74c81bdc6a0!8m2!3d-21.3442491!4d-47.7292233!16s%2Fg%2F11ssydn351!19sChIJD-16ZS7LuZQRoMa9gUy3Y0A?authuser=0&hl=pt-BR&g_ep=EgoyMDI2MDkzMC4wIJJjKgBIAVAD&rclk=1;6
Anel 1;Cravinhos/SP;Elétrica Barros Energia Solar;;(16) 99243-3337;contato@eletricabarros.com.br;http://www.eletricabarros.com.br/ | https://www.instagram.com/eletricabarross;https://www.google.com/maps/place/El%C3%A9trica+Barros+Energia+Solar/data=!4m7!3m6!1s0x94b9ca285d13ab7b:0x5422ff33913542da!8m2!3d-21.3414667!4d-47.7328817!16s%2Fg%2F11fr10dq13!19sChIJe6sTXSjKuZQR2kI1kTP_IlQ?authuser=0&hl=pt-BR&g_ep=EgoyMDI2MDkzMC4wIJJjKgBIAVAD&rclk=1;6
Anel 1;Cravinhos/SP;Guend's Auto elétrico;;(16) 99759-4700;;;https://www.google.com/maps/place/Guend%27s+Auto+el%C3%A9trico/data=!4m7!3m6!1s0x94b9cb57e234f1cf:0xe392044e4c9d9b19!8m2!3d-21.3487777!4d-47.7267493!16s%2Fg%2F11s36vd8py!19sChIJz_E04lfLuZQRGZudTE4EkuM?authuser=0&hl=pt-BR&g_ep=EgoyMDI2MDkzMC4wIJJjKgBIAVAD&rclk=1;6
Anel 1;Serrana/SP;Serrana Comércio De Materiais Elétricos;(16) 3987-2730;;;;https://www.google.com/maps/place/Serrana+Com%C3%A9rcio+De+Materiais+El%C3%A9tricos/data=!4m7!3m6!1s0x94b9dab1908ec833:0x83afe5ee3907cf29!8m2!3d-21.2105618!4d-47.600456!16s%2Fg%2F11fsmt_rxc!19sChIJM8iOkLHauZQRKc8HOe7lr4M?authuser=0&hl=pt-BR&g_ep=EgoyMDI2MDkzMC4wIJJjKgBIAVAD&rclk=1;6
Anel 1;Ribeirão Preto/SP;Gallo Materiais Elétricos;(16) 3961-9550;(16) 3961-9550;comercial@galloltda.com.br;https://www.galloltda.com.br/ | https://instagram.com/gallo_materiais_eletricos;https://www.google.com/maps/place/Gallo+Materiais+El%C3%A9tricos/data=!4m7!3m6!1s0x94b9be5305d618e5:0x66e744fbbd687252!8m2!3d-21.1625854!4d-47.805363!16s%2Fg%2F11f3st8gpm!19sChIJ5RjWBVO-uZQRUnJovftE52Y?authuser=0&hl=pt-BR&g_ep=EgoyMDI2MDkzMC4wIJJjKgBIAVAD&rclk=1;5
Anel 1;Sertãozinho/SP;Mattos Elétrica;(16) 3042-9036;;;;https://www.google.com/maps/place/Mattos+El%C3%A9trica/data=!4m7!3m6!1s0x94b999e78b4d09fb:0x744f6e632ed35f49!8m2!3d-21.1144202!4d-47.9937174!16s%2Fg%2F11qnbsc8sh!19sChIJ-wlNi-eZuZQRSV_TLmNuT3Q?authuser=0&hl=pt-BR&g_ep=EgoyMDI2MDkzMC4wIJJjKgBIAVAD&rclk=1;5
Anel 1;Sertãozinho/SP;ph materiais diversos;;(16) 99280-3548;;http://phmateriaisdiversos.com/;https://www.google.com/maps/place/ph+materiais+diversos/data=!4m7!3m6!1s0x94b99995341e4051:0x460065c8e6e92f86!8m2!3d-21.1178732!4d-47.9849847!16s%2Fg%2F11v03mjr2q!19sChIJUUAeNJWZuZQRhi_p5shlAEY?authuser=0&hl=pt-BR&g_ep=EgoyMDI2MDkzMC4wIJJjKgBIAVAD&rclk=1;5
Anel 1;Sertãozinho/SP;Confiance Auto Peças e Distribuidora;(16) 3524-7699;;;;https://www.google.com/maps/place/Confiance+Auto+Pe%C3%A7as+e+Distribuidora/data=!4m7!3m6!1s0x94b999acc1d801b5:0xb4284519a3052e33!8m2!3d-21.1470076!4d-47.9978579!16s%2Fg%2F11h3zpq6_0!19sChIJtQHYwayZuZQRMy4FoxlFKLQ?authuser=0&hl=pt-BR&g_ep=EgoyMDI2MDkzMC4wIJJjKgBIAVAD&rclk=1;5
Anel 1;Serrana/SP;M & R - Manutenção e Instalação Elétrica;(16) 3489-1644;;;;https://www.google.com/maps/place/M+%26+R+-+Manuten%C3%A7%C3%A3o+e+Instala%C3%A7%C3%A3o+El%C3%A9trica/data=!4m7!3m6!1s0x94b9daa1497a2b8b:0xaea7336afe3a1c37!8m2!3d-21.2150167!4d-47.589903!16s%2Fg%2F1td6nrvl!19sChIJiyt6SaHauZQRNxw6_mozp64?authuser=0&hl=pt-BR&g_ep=EgoyMDI2MDkzMC4wIJJjKgBIAVAD&rclk=1;5
Anel 1;Ribeirão Preto/SP;Engemakro Painéis Elétricos Ltda;(16) 3323-7373;(16) 99763-8549;engemakro@engemakro.com.br;http://www.engemakro.com.br/;https://www.google.com/maps/place/Engemakro+Pain%C3%A9is+El%C3%A9tricos+Ltda/data=!4m7!3m6!1s0x94b995012fea0f79:0xd60f7ca1a0101b42!8m2!3d-21.0951642!4d-47.8002024!16s%2Fg%2F11gz95hk9!19sChIJeQ_qLwGVuZQRQhsQoKF8D9Y?authuser=0&hl=pt-BR&g_ep=EgoyMDI2MDkzMC4wIJJjKgBIAVAD&rclk=1;4
Anel 1;Sertãozinho/SP;A2 Materiais Elétricos;(16) 3524-5857;;;https://www.a2materiaiseletricos.com.br/;https://www.google.com/maps/place/A2+Materiais+El%C3%A9tricos/data=!4m7!3m6!1s0x94b999b6d96f8e31:0x64e70f93a9e301e!8m2!3d-21.1424603!4d-47.9961421!16s%2Fg%2F11gx8wvhnm!19sChIJMY5v2baZuZQRHjCeOvlwTgY?authuser=0&hl=pt-BR&g_ep=EgoyMDI2MDkzMC4wIJJjKgBIAVAD&rclk=1;4
Anel 1;Sertãozinho/SP;CLP Elétrica e Hidráulica;;(16) 99302-5278;;http://www.clpdistribuidora.com.br/;https://www.google.com/maps/place/CLP+El%C3%A9trica+e+Hidr%C3%A1ulica/data=!4m7!3m6!1s0x94b99ebd35c47bb7:0xda3ef55d0c8d4aa!8m2!3d-21.1447673!4d-47.9896831!16s%2Fg%2F1ptwh95pt!19sChIJt3vENb2euZQRqtTI0FXvow0?authuser=0&hl=pt-BR&g_ep=EgoyMDI2MDkzMC4wIJJjKgBIAVAD&rclk=1;4
Anel 1;Sertãozinho/SP;Sertãozinho Industrial;;(16) 99213-5011;;https://www.sertaozinhoindustrial.com.br/ | https://www.instagram.com/sertaozinhoindustrial;https://www.google.com/maps/place/Sert%C3%A3ozinho+Industrial/data=!4m7!3m6!1s0x94b999e468713f37:0xe20a4e14775f4ecb!8m2!3d-21.1420096!4d-48.0098784!16s%2Fg%2F11h07dh_d2!19sChIJNz9xaOSZuZQRy05fdxROCuI?authuser=0&hl=pt-BR&g_ep=EgoyMDI2MDkzMC4wIJJjKgBIAVAD&rclk=1;4
Anel 1;Barrinha/SP;Alvorada Materiais para Construção;;(16) 99245-0149;;;https://www.google.com/maps/place/Alvorada+Materiais+para+Constru%C3%A7%C3%A3o/data=!4m7!3m6!1s0x94b9750063da641d:0x8f0a67eac6caaa16!8m2!3d-21.1902915!4d-48.1583251!16s%2Fg%2F11xzckd8c3!19sChIJHWTaYwB1uZQRFqrKxupnCo8?authuser=0&hl=pt-BR&g_ep=EgoyMDI2MDkzMC4wIJJjKgBIAVAD&rclk=1;4
Anel 1;Barrinha/SP;Autotéc Elétrica Automotiva;;(16) 99413-2063;;;https://www.google.com/maps/place/Autot%C3%A9c+El%C3%A9trica+Automotiva/data=!4m7!3m6!1s0x94b97530d80ecb39:0x12218390490252ae!8m2!3d-21.1888239!4d-48.1556452!16s%2Fg%2F11q8gb9wpz!19sChIJOcsO2DB1uZQRrlICSZCDIRI?authuser=0&hl=pt-BR&g_ep=EgoyMDI2MDkzMC4wIJJjKgBIAVAD&rclk=1;4
Anel 1;Ribeirão Preto/SP;ELÉTRICA - PELICIONI DISTRIBUIDORA - VENDAS NO ATACADO E VAREJO;;(16) 99289-0727;;https://www.mercadolivre.com.br/pagina/pelicionidistribuidora;https://www.google.com/maps/place/EL%C3%89TRICA+-+PELICIONI+DISTRIBUIDORA+-+VENDAS+NO+ATACADO+E+VAREJO/data=!4m7!3m6!1s0x94b9bfc6b3afbb59:0x6f45fd2f0ba16efd!8m2!3d-21.1608888!4d-47.8337874!16s%2Fg%2F11sbd84cz8!19sChIJWbuvs8a_uZQR_W6hCy_9RW8?authuser=0&hl=pt-BR&g_ep=EgoyMDI2MDkzMC4wIJJjKgBIAVAD&rclk=1;3
Anel 1;Ribeirão Preto/SP;HELTER ATACADISTA;(16) 3961-3317;;;http://www.helteratacadista.com.br/;https://www.google.com/maps/place/HELTER+ATACADISTA/data=!4m7!3m6!1s0x94b9bf58c29f2a87:0xdd49f7a9835a5e60!8m2!3d-21.1824163!4d-47.765331!16s%2Fg%2F11c1nqyq2w!19sChIJhyqfwli_uZQRYF5ag6n3Sd0?authuser=0&hl=pt-BR&g_ep=EgoyMDI2MDkzMC4wIJJjKgBIAVAD&rclk=1;3
Anel 1;Ribeirão Preto/SP;RF elétrica e iluminação;;(16) 99402-1213;;;https://www.google.com/maps/place/RF+el%C3%A9trica+e+ilumina%C3%A7%C3%A3o/data=!4m7!3m6!1s0x94b9c19ff9a45991:0x4cf1c0b122e96c69!8m2!3d-21.1615125!4d-47.7367728!16s%2Fg%2F11xry9ph62!19sChIJkVmk-Z_BuZQRaWzpIrHA8Uw?authuser=0&hl=pt-BR&g_ep=EgoyMDI2MDkzMC4wIJJjKgBIAVAD&rclk=1;3
Anel 1;Sertãozinho/SP;Casa Marques Materiais Elétricos;(16) 3524-2009;;;;https://www.google.com/maps/place/Casa+Marques+Materiais+El%C3%A9tricos/data=!4m7!3m6!1s0x94b999b247879aa1:0x2802a69e67d434aa!8m2!3d-21.1240613!4d-47.9940038!16s%2Fg%2F11vcmmr_tf!19sChIJoZqHR7KZuZQRqjTUZ56mAig?authuser=0&hl=pt-BR&g_ep=EgoyMDI2MDkzMC4wIJJjKgBIAVAD&rclk=1;3
Anel 1;Sertãozinho/SP;RD ELÉTRICA E VARIEDADES LOJA 1;;(16) 98130-6710;;;https://www.google.com/maps/place/RD+EL%C3%89TRICA+E+VARIEDADES+LOJA+1/data=!4m7!3m6!1s0x94b9994356799485:0xf2d7ceb12a3ad60a!8m2!3d-21.1422092!4d-47.983972!16s%2Fg%2F11z9p5c7_s!19sChIJhZR5VkOZuZQRCtY6KrHO1_I?authuser=0&hl=pt-BR&g_ep=EgoyMDI2MDkzMC4wIJJjKgBIAVAD&rclk=1;3
Anel 1;Sertãozinho/SP;Rg Eletricidade;(16) 3947-5795;;;https://www.rgeletricidade.com.br/;https://www.google.com/maps/place/Rg+Eletricidade/data=!4m7!3m6!1s0x94b99fbb497002b9:0xb46a889ee0eca747!8m2!3d-21.1378012!4d-48.0036738!16s%2Fg%2F11flxk0d1_!19sChIJuQJwSbufuZQRR6fs4J6IarQ?authuser=0&hl=pt-BR&g_ep=EgoyMDI2MDkzMC4wIJJjKgBIAVAD&rclk=1;3
Anel 1;Sertãozinho/SP;Pro-Systemas - Automação Industrial;(16) 3234-9660;(16) 98118-1970;contato@pro-systemas.com.br;https://www.pro-systemas.com.br/;https://www.google.com/maps/place/Pro-Systemas+-+Automa%C3%A7%C3%A3o+Industrial/data=!4m7!3m6!1s0x94b9be6fa30e3aa9:0x9d3dadf4e00f4f22!8m2!3d-21.1542865!4d-47.9681832!16s%2Fg%2F11h03z_5sw!19sChIJqToOo2--uZQRIk8P4PStPZ0?authuser=0&hl=pt-BR&g_ep=EgoyMDI2MDkzMC4wIJJjKgBIAVAD&rclk=1;3
Anel 1;Sertãozinho/SP;Cahum Eletrônica;;(16) 98191-5092;;https://cahumeletronica.com/?utm_source=ig&utm_medium=social&utm_content=link_in_bio&fbclid=PAb21jcAUJlmVwZG9mAmV4dG4DYWVtAjExAHNydGMGYXBwX2lkDzU2NzA2NzM0MzM1MjQyNwABp7ZRjDq4Gh_9EGRzlpgXVjbtoCpVIpm-xoD4iEQ_AQq-pz572zU-pgsZMXW2_aem_Wnqq5ReduNOnw6Au1Oi3lg;https://www.google.com/maps/place/Cahum+Eletr%C3%B4nica/data=!4m7!3m6!1s0xa1335caf13db65ed:0xfc0b45dbdb5eb659!8m2!3d-21.1202902!4d-48.0186552!16s%2Fg%2F11s5ny5hd7!19sChIJ7WXbE69cM6ERWbZe29tFC_w?authuser=0&hl=pt-BR&g_ep=EgoyMDI2MDkzMC4wIJJjKgBIAVAD&rclk=1;3
Anel 1;Cravinhos/SP;L.A Servisos Eletricos;;(16) 99329-7143;;;https://www.google.com/maps/place/L.A+Servisos+Eletricos/data=!4m7!3m6!1s0x94b9c9f3ef2580ad:0x431f56fe0a24d1e8!8m2!3d-21.3377969!4d-47.7518023!16s%2Fg%2F11jgbn09nq!19sChIJrYAl7_PJuZQR6NEkCv5WH0M?authuser=0&hl=pt-BR&g_ep=EgoyMDI2MDkzMC4wIJJjKgBIAVAD&rclk=1;3
Anel 1;Cravinhos/SP;Auto Elétrica Avenida;;(16) 99140-4588;;;https://www.google.com/maps/place/Auto+El%C3%A9trica+Avenida/data=!4m7!3m6!1s0x94b9ca277780977d:0x63723befd0ef44a6!8m2!3d-21.3414363!4d-47.7367706!16s%2Fg%2F11l65_4m3l!19sChIJfZeAdyfKuZQRpkTv0O87cmM?authuser=0&hl=pt-BR&g_ep=EgoyMDI2MDkzMC4wIJJjKgBIAVAD&rclk=1;3
Anel 1;Serrana/SP;WE Segurança Eletrônica E Eletrica;;(16) 99330-8885;;http://www.facebook.com/w.e.solucoeseletrica/;https://www.google.com/maps/place/WE+Seguran%C3%A7a+Eletr%C3%B4nica+E+Eletrica/data=!4m7!3m6!1s0x94b9dbad3aaaf53b:0xf3a4d65eaf513e79!8m2!3d-21.2002204!4d-47.5991518!16s%2Fg%2F11hdhf_bg_!19sChIJO_WqOq3buZQReT5Rr17WpPM?authuser=0&hl=pt-BR&g_ep=EgoyMDI2MDkzMC4wIJJjKgBIAVAD&rclk=1;3
Anel 1;Brodowski/SP;Mestre Distribuidora;(16) 3664-0000;;;http://www.mestredistribuidora.com.br/;https://www.google.com/maps/place/Mestre+Distribuidora/data=!4m7!3m6!1s0x94b9ef41dc3add53:0xc97a3383254a3b4!8m2!3d-20.9906647!4d-47.6598421!16s%2Fg%2F11js1_lq4s!19sChIJU9063EHvuZQRtKNUMjijlww?authuser=0&hl=pt-BR&g_ep=EgoyMDI2MDkzMC4wIJJjKgBIAVAD&rclk=1;3
Anel 1;Ribeirão Preto/SP;LG Elétrica e Iluminação;(16) 3235-8995;(16) 3235-8995;;http://www.lgiluminacao.com.br/;https://www.google.com/maps/place/LG+El%C3%A9trica+e+Ilumina%C3%A7%C3%A3o/data=!4m7!3m6!1s0x94b9956f3f3e7545:0xec5cd05212a1f27f!8m2!3d-21.1812073!4d-47.7928855!16s%2Fg%2F11nrwc160g!19sChIJRXU-P2-VuZQRf_KhElLQXOw?authuser=0&hl=pt-BR&g_ep=EgoyMDI2MDkzMC4wIJJjKgBIAVAD&rclk=1;3
Anel 1;Pontal/SP;Pontal Led Materiais Elétricos e Iluminação Praia de Leste;(41) 3290-1008;;;;https://www.google.com/maps/place/Pontal+Led+Materiais+El%C3%A9tricos+e+Ilumina%C3%A7%C3%A3o+Praia+de+Leste/data=!4m7!3m6!1s0x94dbebf7887ab68f:0x78d941d800b629fd!8m2!3d-25.6889547!4d-48.4713016!16s%2Fg%2F11yqpr9l25!19sChIJj7Z6iPfr25QR_Sm2ANhB2Xg?authuser=0&hl=pt-BR&g_ep=EgoyMDI2MDkzMC4wIJJjKgBIAVAD&rclk=1;3
Anel 1;Sertãozinho/SP;RD ELÉTRICA E VARIEDADES;;(16) 98139-6883;;;https://www.google.com/maps/place/RD+EL%C3%89TRICA+E+VARIEDADES/data=!4m7!3m6!1s0x94b99952584d821f:0x4bbb22c0666781ec!8m2!3d-21.1203278!4d-47.998483!16s%2Fg%2F11s7tktmh1!19sChIJH4JNWFKZuZQR7IFnZsAiu0s?authuser=0&hl=pt-BR&g_ep=EgoyMDI2MDkzMC4wIJJjKgBIAVAD&rclk=1;2
Anel 1;Sertãozinho/SP;GP Materiais para Construção;;(16) 99247-9950;contato@gpcomercial.com.br;https://gpcomercial.com.br/;https://www.google.com/maps/place/GP+Materiais+para+Constru%C3%A7%C3%A3o/data=!4m7!3m6!1s0x94b9999b15f23751:0x14ed2584e5673510!8m2!3d-21.1303651!4d-47.9969761!16s%2Fg%2F11l6qd3bmr!19sChIJUTfyFZuZuZQREDVn5YQl7RQ?authuser=0&hl=pt-BR&g_ep=EgoyMDI2MDkzMC4wIJJjKgBIAVAD&rclk=1;2
Anel 1;Sertãozinho/SP;Servitel;(16) 2105-6465;;;https://servitel.com.br/;https://www.google.com/maps/place/Servitel/data=!4m7!3m6!1s0x94b99931d57c2b47:0x38e7f8a9ec7ef91a!8m2!3d-21.146206!4d-47.9852622!16s%2Fg%2F1tfzc8nq!19sChIJRyt81TGZuZQRGvl-7Kn45zg?authuser=0&hl=pt-BR&g_ep=EgoyMDI2MDkzMC4wIJJjKgBIAVAD&rclk=1;2
Anel 1;Sertãozinho/SP;Eletrodoni Materiais e Elétrica Industrial;;(16) 99317-9711;;https://eletrodoni.com.br/;https://www.google.com/maps/place/Eletrodoni+Materiais+e+El%C3%A9trica+Industrial/data=!4m7!3m6!1s0x94b9992ed9c02523:0xf391fb11c7c54afc!8m2!3d-21.1443378!4d-47.9988612!16s%2Fg%2F11h00kw6xk!19sChIJIyXA2S6ZuZQR_ErFxxH7kfM?authuser=0&hl=pt-BR&g_ep=EgoyMDI2MDkzMC4wIJJjKgBIAVAD&rclk=1;2
Anel 1;Serrana/SP;RaiEletro;;(16) 99119-2020;;;https://www.google.com/maps/place/RaiEletro/data=!4m7!3m6!1s0x94b9c54bc7407c25:0x4eb836f22b5de3a9!8m2!3d-21.2088747!4d-47.6099242!16s%2Fg%2F11fyzcqhxf!19sChIJJXxAx0vFuZQRqeNdK_I2uE4?authuser=0&hl=pt-BR&g_ep=EgoyMDI2MDkzMC4wIJJjKgBIAVAD&rclk=1;2
Anel 1;Jardinópolis/SP;Nova Luz Materiais Elétricos;;;;https://novaluzmateriaiseletricos.com/;https://www.google.com/maps/place/Nova+Luz+Materiais+El%C3%A9tricos/data=!4m7!3m6!1s0x94b99347b67463c7:0xd5c60f96bb2c3a3d!8m2!3d-21.0274291!4d-47.7749425!16s%2Fg%2F11x1n9y3bd!19sChIJx2N0tkeTuZQRPTosu5YPxtU?authuser=0&hl=pt-BR&g_ep=EgoyMDI2MDkzMC4wIJJjKgBIAVAD&rclk=1;2
Anel 1;Jardinópolis/SP;Grupo 3 J F;;(16) 99247-1325;;;https://www.google.com/maps/place/Grupo+3+J+F/data=!4m7!3m6!1s0x94b9ed5c0f53dcd7:0x9476c985c3b0e7ab!8m2!3d-21.0247422!4d-47.7613157!16s%2Fg%2F11nn3sp9df!19sChIJ19xTD1ztuZQRq-eww4XJdpQ?authuser=0&hl=pt-BR&g_ep=EgoyMDI2MDkzMC4wIJJjKgBIAVAD&rclk=1;2
Anel 1;Jardinópolis/SP;Faxinha Auto Elétrica;;;;;https://www.google.com/maps/place/Faxinha+Auto+El%C3%A9trica/data=!4m7!3m6!1s0x94b99338039258e7:0x26f0c00697eca55b!8m2!3d-21.0246972!4d-47.7740056!16s%2Fg%2F11hb5wl1pv!19sChIJ51iSAziTuZQRW6XslwbA8CY?authuser=0&hl=pt-BR&g_ep=EgoyMDI2MDkzMC4wIJJjKgBIAVAD&rclk=1;2
Anel 1;Brodowski/SP;MB Distribuidora - Materiais Elétricos;;(16) 99456-0404;;https://mbdistribuidora.mercadoshops.com.br/;https://www.google.com/maps/place/MB+Distribuidora+-+Materiais+El%C3%A9tricos/data=!4m7!3m6!1s0x94b9ef8d36df94a7:0xdbbf776d03f65204!8m2!3d-20.9793567!4d-47.6530042!16s%2Fg%2F11k4qlqhc1!19sChIJp5TfNo3vuZQRBFL2A213v9s?authuser=0&hl=pt-BR&g_ep=EgoyMDI2MDkzMC4wIJJjKgBIAVAD&rclk=1;2
Anel 1;Ribeirão Preto/SP;DLG Automação Industrial;(16) 3513-7400;;vendas@dlg.com.br;http://www.dlg.com.br/;https://www.google.com/maps/place/DLG+Automa%C3%A7%C3%A3o+Industrial/data=!4m7!3m6!1s0x94b99ece19b7e86f:0x1da9dffe6a13db79!8m2!3d-21.1986835!4d-47.7711529!16s%2Fg%2F1tf58_ck!19sChIJb-i3Gc6euZQRedsTav7fqR0?authuser=0&hl=pt-BR&g_ep=EgoyMDI2MDkzMC4wIJJjKgBIAVAD&rclk=1;2
Anel 1;Pontal/SP;ELÉTRICA SÃO MARCO;(16) 3953-1171;;;;https://www.google.com/maps/place/EL%C3%89TRICA+S%C3%83O+MARCO/data=!4m7!3m6!1s0x94b983c8ff398e35:0x1ad57146e87739cd!8m2!3d-21.02318!4d-48.0362556!16s%2Fg%2F11xlxt2626!19sChIJNY45_8iDuZQRzTl36EZx1Ro?authuser=0&hl=pt-BR&g_ep=EgoyMDI2MDkzMC4wIJJjKgBIAVAD&rclk=1;2
Anel 1;Pontal/SP;Depósito do Mukinha;;(16) 99129-6925;;;https://www.google.com/maps/place/Dep%C3%B3sito+do+Mukinha/data=!4m7!3m6!1s0x94b983005e16b869:0x6bee969b04cd4af9!8m2!3d-21.0283707!4d-48.0347829!16s%2Fg%2F11lv467zwv!19sChIJabgWXgCDuZQR-UrNBJuW7ms?authuser=0&hl=pt-BR&g_ep=EgoyMDI2MDkzMC4wIJJjKgBIAVAD&rclk=1;2
Anel 1;Ribeirão Preto/SP;CNA Sistemas Elétricos e Automação;(16) 3965-1500;(16) 98113-4337;contato@cnaautomacao.com.br;http://www.cnaautomacao.com.br/ | https://www.instagram.com/cnaautomacao;https://www.google.com/maps/place/CNA+Sistemas+El%C3%A9tricos+e+Automa%C3%A7%C3%A3o/data=!4m7!3m6!1s0x94b9bf525dd18a49:0x8bdeec9d6d5e3232!8m2!3d-21.1061499!4d-47.8374038!16s%2Fg%2F1pp2twgch!19sChIJSYrRXVK_uZQRMjJebZ3s3os?authuser=0&hl=pt-BR&g_ep=EgoyMDI2MDkzMC4wIJJjKgBIAVAD&rclk=1;0
Anel 1;Ribeirão Preto/SP;Diretadl Fios e Cabos;(16) 3969-9090;;;;https://www.google.com/maps/place/Diretadl+Fios+e+Cabos/data=!4m7!3m6!1s0x94b9bf96b8ba59d3:0x729c3012e971e33e!8m2!3d-21.1481237!4d-47.7793154!16s%2Fg%2F1v_w3g7q!19sChIJ01m6uJa_uZQRPuNx6RIwnHI?authuser=0&hl=pt-BR&g_ep=EgoyMDI2MDkzMC4wIJJjKgBIAVAD&rclk=1;0
Anel 1;Ribeirão Preto/SP;Distribuidora Elétrica SMY;;(16) 99352-0162;;;https://www.google.com/maps/place/Distribuidora+El%C3%A9trica+SMY/data=!4m7!3m6!1s0x94b9bf4049e15499:0xe747d18828c74b1e!8m2!3d-21.1527638!4d-47.7977326!16s%2Fg%2F11r3j9cm2w!19sChIJmVThSUC_uZQRHkvHKIjRR-c?authuser=0&hl=pt-BR&g_ep=EgoyMDI2MDkzMC4wIJJjKgBIAVAD&rclk=1;0
Anel 1;Sertãozinho/SP;Starmak Sertãozinho Comércio de Materiais Elétricos Eletrônicos;(16) 3945-8690;;;;https://www.google.com/maps/place/Starmak+Sert%C3%A3ozinho+Com%C3%A9rcio+de+Materiais+El%C3%A9tricos+Eletr%C3%B4nicos/data=!4m7!3m6!1s0x94b9991fd3b3d7f3:0xdf187366571e10c0!8m2!3d-21.1367747!4d-47.9898892!16s%2Fg%2F1ptz279ft!19sChIJ89ez0x-ZuZQRwBAeV2ZzGN8?authuser=0&hl=pt-BR&g_ep=EgoyMDI2MDkzMC4wIJJjKgBIAVAD&rclk=1;0
Anel 1;Sertãozinho/SP;Projemathic Energia e Automação Industrial LTDA.;(16) 3947-1783;;contato@projemathic.com.br;http://www.projemathic.com.br/;https://www.google.com/maps/place/Projemathic+Energia+e+Automa%C3%A7%C3%A3o+Industrial+LTDA./data=!4m7!3m6!1s0x94b99faa34ff0e25:0x4539779c092f3dc1!8m2!3d-21.1468269!4d-47.9999258!16s%2Fg%2F11j9hy0m1d!19sChIJJQ7_NKqfuZQRwT0vCZx3OUU?authuser=0&hl=pt-BR&g_ep=EgoyMDI2MDkzMC4wIJJjKgBIAVAD&rclk=1;0
Anel 1;Sertãozinho/SP;FGN Equipamentos;(16) 3513-9656;(16) 98148-6873;contato@fgnequipamentos.com.br;http://fgnequipamentos.com.br/;https://www.google.com/maps/place/FGN+Equipamentos/data=!4m7!3m6!1s0x94b999203cc55555:0x225a4997c402892d!8m2!3d-21.1445591!4d-47.981873!16s%2Fg%2F11thhgkyys!19sChIJVVXFPCCZuZQRLYkCxJdJWiI?authuser=0&hl=pt-BR&g_ep=EgoyMDI2MDkzMC4wIJJjKgBIAVAD&rclk=1;0
Anel 1;Sertãozinho/SP;Tm.Engenharia Elétrica;;;;http://tmengenhariaeletrica.com.br/;https://www.google.com/maps/place/Tm.Engenharia+El%C3%A9trica/data=!4m7!3m6!1s0x94b99e99a1f63c17:0x41c92ff066cbd6b0!8m2!3d-21.1277163!4d-48.0245222!16s%2Fg%2F11sc23zjd9!19sChIJFzz2oZmeuZQRsNbLZvAvyUE?authuser=0&hl=pt-BR&g_ep=EgoyMDI2MDkzMC4wIJJjKgBIAVAD&rclk=1;0
Anel 1;Sertãozinho/SP;Comase;(16) 3491-1023;(16) 99766-5730;comercial@comase.com.br;http://comase.com.br/;https://www.google.com/maps/place/Comase/data=!4m7!3m6!1s0x94b99ecde79222e5:0x26ab80dead4cecce!8m2!3d-21.1521481!4d-48.0088915!16s%2Fg%2F11h0rn_wz!19sChIJ5SKS582euZQRzuxMrd6AqyY?authuser=0&hl=pt-BR&g_ep=EgoyMDI2MDkzMC4wIJJjKgBIAVAD&rclk=1;0
Anel 1;Sertãozinho/SP;Ahitech Automação e Controle;(16) 3524-0646;;;;https://www.google.com/maps/place/Ahitech+Automa%C3%A7%C3%A3o+e+Controle/data=!4m7!3m6!1s0x94b9993af5fbd98f:0x3ed806b001fe8510!8m2!3d-21.1357668!4d-47.99009!16s%2Fg%2F1v1tp5j_!19sChIJj9n79TqZuZQREIX-AbAG2D4?authuser=0&hl=pt-BR&g_ep=EgoyMDI2MDkzMC4wIJJjKgBIAVAD&rclk=1;0
Anel 1;Sertãozinho/SP;Baratão Materiais Hidráulico e Eletrico;;(16) 99465-7441;;;https://www.google.com/maps/place/Barat%C3%A3o+Materiais+Hidr%C3%A1ulico+e+Eletrico/data=!4m7!3m6!1s0x94b99bc29334007f:0x5411b8aaaab99179!8m2!3d-21.1073361!4d-47.9876056!16s%2Fg%2F11gnnqz1tm!19sChIJfwA0k8KbuZQReZG5qqq4EVQ?authuser=0&hl=pt-BR&g_ep=EgoyMDI2MDkzMC4wIJJjKgBIAVAD&rclk=1;0
Anel 1;Sertãozinho/SP;New Life Componentes;(16) 3947-6487;(16) 99616-0874;comercial@newlifecomponentes.com.br;https://newlifecomponentes.com.br/ | https://www.instagram.com/newlifecomponentes;https://www.google.com/maps/place/New+Life+Componentes/data=!4m7!3m6!1s0x94b99f005017f0af:0xa2bfa3a587d21207!8m2!3d-21.1304448!4d-48.0012913!16s%2Fg%2F11x113_4r0!19sChIJr_AXUACfuZQRBxLSh6Wjv6I?authuser=0&hl=pt-BR&g_ep=EgoyMDI2MDkzMC4wIJJjKgBIAVAD&rclk=1;0
Anel 1;Cravinhos/SP;Elétrica pirâmide;(16) 3518-2914;;;;https://www.google.com/maps/place/El%C3%A9trica+pir%C3%A2mide/data=!4m7!3m6!1s0x94b9c93f8dcadb3f:0x1188ee1cd55f61b4!8m2!3d-21.3380179!4d-47.7467086!16s%2Fg%2F11nvkr02ss!19sChIJP9vKjT_JuZQRtGFf1RzuiBE?authuser=0&hl=pt-BR&g_ep=EgoyMDI2MDkzMC4wIJJjKgBIAVAD&rclk=1;0
Anel 1;Cravinhos/SP;InduzTerm;;(16) 99250-3773;;http://www.induzterm.com.br/ | http://www.instagram.com;https://www.google.com/maps/place/InduzTerm/data=!4m7!3m6!1s0x94b9cbe7e9869bbd:0x208cfec46c8e92a9!8m2!3d-21.3589963!4d-47.7228019!16s%2Fg%2F11zxkhn6r5!19sChIJvZuG6efLuZQRqZKObMT-jCA?authuser=0&hl=pt-BR&g_ep=EgoyMDI2MDkzMC4wIJJjKgBIAVAD&rclk=1;0
Anel 1;Cravinhos/SP;Multi Soluções Elétrica Industrial;;(16) 99111-1199;;http://www.multisolucoesagro.com.br/;https://www.google.com/maps/place/Multi+Solu%C3%A7%C3%B5es+El%C3%A9trica+Industrial/data=!4m7!3m6!1s0x94b9cbe6b74932bd:0x16c45976a0bcb4b0!8m2!3d-21.3590811!4d-47.7228893!16s%2Fg%2F11j_2h3wvm!19sChIJvTJJt-bLuZQRsLS8oHZZxBY?authuser=0&hl=pt-BR&g_ep=EgoyMDI2MDkzMC4wIJJjKgBIAVAD&rclk=1;0
Anel 1;Serrana/SP;Tarcisioacess;;(16) 99304-1949;;;https://www.google.com/maps/place/Tarcisioacess/data=!4m7!3m6!1s0x94b9c5a939a0fa49:0xc34d727c2158637c!8m2!3d-21.2046807!4d-47.6073682!16s%2Fg%2F11nhw3f03y!19sChIJSfqgOanFuZQRfGNYIXxyTcM?authuser=0&hl=pt-BR&g_ep=EgoyMDI2MDkzMC4wIJJjKgBIAVAD&rclk=1;0
Anel 1;Cravinhos/SP;Vanel Lustres;(16) 3951-5860;;;;https://www.google.com/maps/place/Vanel+Lustres/data=!4m7!3m6!1s0x94b9c986b97ce637:0x79be0e63541df959!8m2!3d-21.3348295!4d-47.730183!16s%2Fg%2F11c2jld9xt!19sChIJN-Z8uYbJuZQRWfkdVGMOvnk?authuser=0&hl=pt-BR&g_ep=EgoyMDI2MDkzMC4wIJJjKgBIAVAD&rclk=1;0
Anel 1;Cravinhos/SP;Elétrica MR;;(16) 99254-5705;;;https://www.google.com/maps/place/El%C3%A9trica+MR/data=!4m7!3m6!1s0x94b9c916a9125e37:0xa2618ddc86ab011!8m2!3d-21.32866!4d-47.7563385!16s%2Fg%2F11rcg_tcj1!19sChIJN14SqRbJuZQREbBqyN0YJgo?authuser=0&hl=pt-BR&g_ep=EgoyMDI2MDkzMC4wIJJjKgBIAVAD&rclk=1;0
Anel 1;Cravinhos/SP;Milton Martins de Mendonça;(16) 3951-1415;;;;https://www.google.com/maps/place/Milton+Martins+de+Mendon%C3%A7a/data=!4m7!3m6!1s0x94b9c9f4a1a4121b:0x3c86e40bf78a796c!8m2!3d-21.3382961!4d-47.7468302!16s%2Fg%2F1ptwfsc2z!19sChIJGxKkofTJuZQRbHmK9wvkhjw?authuser=0&hl=pt-BR&g_ep=EgoyMDI2MDkzMC4wIJJjKgBIAVAD&rclk=1;0
Anel 1;Serrana/SP;Espaço Luz Materiais Elétricos & Iluminação Unidade 2;;(16) 99423-4682;;;https://www.google.com/maps/place/Espa%C3%A7o+Luz+Materiais+El%C3%A9tricos+%26+Ilumina%C3%A7%C3%A3o+Unidade+2/data=!4m7!3m6!1s0x94b9dbcaf5592cd1:0x2ab2811476161227!8m2!3d-21.2126641!4d-47.5974615!16s%2Fg%2F11yvdt_lp9!19sChIJ0SxZ9crbuZQRJxIWdhSBsio?authuser=0&hl=pt-BR&g_ep=EgoyMDI2MDkzMC4wIJJjKgBIAVAD&rclk=1;0
Anel 1;Serrana/SP;Tecfio Componentes Elétricos;;55016981611499;contato@tecfio.com.br;https://tecfio.com.br/;https://www.google.com/maps/place/Tecfio+Componentes+El%C3%A9tricos/data=!4m7!3m6!1s0x94b995cc7dde277f:0xfd4c3e39ac0b7299!8m2!3d-21.2092093!4d-47.6127838!16s%2Fg%2F11y8wk0r5m!19sChIJfyfefcyVuZQRmXILrDk-TP0?authuser=0&hl=pt-BR&g_ep=EgoyMDI2MDkzMC4wIJJjKgBIAVAD&rclk=1;0
Anel 1;Brodowski/SP;Tomadas e Interruptores;;(16) 99988-2600;;;https://www.google.com/maps/place/Tomadas+e+Interruptores/data=!4m7!3m6!1s0x94b9eee6ef08bb73:0x8809b179e2b2908b!8m2!3d-20.9850939!4d-47.6524113!16s%2Fg%2F11j24p5l1j!19sChIJc7sI7-buuZQRi5Cy4nmxCYg?authuser=0&hl=pt-BR&g_ep=EgoyMDI2MDkzMC4wIJJjKgBIAVAD&rclk=1;0
Anel 1;Brodowski/SP;EMTEC INDUSTRIA E COMERCIO DE PRODUTOS ELETRICOS E ELETRONICOS LTDA;;;;;https://www.google.com/maps/place/EMTEC+INDUSTRIA+E+COMERCIO+DE+PRODUTOS+ELETRICOS+E+ELETRONICOS+LTDA/data=!4m7!3m6!1s0x94b9ef0007533575:0x6703f17660b7a0c8!8m2!3d-20.9992499!4d-47.6589633!16s%2Fg%2F11nbzk1hmn!19sChIJdTVTBwDvuZQRyKC3YHbxA2c?authuser=0&hl=pt-BR&g_ep=EgoyMDI2MDkzMC4wIJJjKgBIAVAD&rclk=1;0
Anel 1;Dumont/SP;Elétrica Lucas e Comércio;;(16) 99759-4484;;;https://www.google.com/maps/place/El%C3%A9trica+Lucas+e+Com%C3%A9rcio/data=!4m7!3m6!1s0x94b9a3882d48dec3:0xc48deb6175c80253!8m2!3d-21.2349166!4d-47.9814755!16s%2Fg%2F11q1h2s2xh!19sChIJw95ILYijuZQRUwLIdWHrjcQ?authuser=0&hl=pt-BR&g_ep=EgoyMDI2MDkzMC4wIJJjKgBIAVAD&rclk=1;0
Anel 1;Ribeirão Preto/SP;Elétrica Luminar;(16) 3103-9508;;;;https://www.google.com/maps/place/El%C3%A9trica+Luminar/data=!4m7!3m6!1s0x94b9bf050005d92b:0xf0099ff108669da5!8m2!3d-21.1723094!4d-47.8266981!16s%2Fg%2F11j0q6pv2g!19sChIJK9kFAAW_uZQRpZ1mCPGfCfA?authuser=0&hl=pt-BR&g_ep=EgoyMDI2MDkzMC4wIJJjKgBIAVAD&rclk=1;0
Anel 1;Ribeirão Preto/SP;Eletrica Luminar RP;(16) 3515-6441;;;;https://www.google.com/maps/place/Eletrica+Luminar+RP/data=!4m7!3m6!1s0x94b9bf17d5c73fd1:0x94c5859d44e33da6!8m2!3d-21.1842002!4d-47.7911753!16s%2Fg%2F11cmcky3ws!19sChIJ0T_H1Re_uZQRpj3jRJ2FxZQ?authuser=0&hl=pt-BR&g_ep=EgoyMDI2MDkzMC4wIJJjKgBIAVAD&rclk=1;0
Anel 1;Barrinha/SP;GM ELÉTRICA HIDRÁULICA E TINTAS;;;;;https://www.google.com/maps/place/GM+EL%C3%89TRICA+HIDR%C3%81ULICA+E+TINTAS/data=!4m7!3m6!1s0x94b9747805751c79:0x1e771a5d2c2f0fd1!8m2!3d-21.1905022!4d-48.1592905!16s%2Fg%2F11vx14lzkg!19sChIJeRx1BXh0uZQR0Q8vLF0adx4?authuser=0&hl=pt-BR&g_ep=EgoyMDI2MDkzMC4wIJJjKgBIAVAD&rclk=1;0
Anel 1;Barrinha/SP;AUTO ELETRICA;;;;;https://www.google.com/maps/place/AUTO+ELETRICA/data=!4m7!3m6!1s0x94b97388e80e2f2d:0x89d53030e47e83b2!8m2!3d-21.1894429!4d-48.1634708!16s%2Fg%2F11vx14h0vn!19sChIJLS8O6IhzuZQRsoN-5DAw1Yk?authuser=0&hl=pt-BR&g_ep=EgoyMDI2MDkzMC4wIJJjKgBIAVAD&rclk=1;0
Anel 1;Pontal/SP;LS serviços e instalações: Energia solar, Motor para portão, câmeras de segurança, cerca elétrica, concertina, alarmes).;;(16) 99271-6796;;;https://www.google.com/maps/place/LS+servi%C3%A7os+e+instala%C3%A7%C3%B5es:+Energia+solar,+Motor+para+port%C3%A3o,+c%C3%A2meras+de+seguran%C3%A7a,+cerca+el%C3%A9trica,+concertina,+alarmes%29./data=!4m7!3m6!1s0x94b983966902faad:0x54158210fff8a091!8m2!3d-21.0364855!4d-48.0316692!16s%2Fg%2F11rkm6k0n3!19sChIJrfoCaZaDuZQRkaD4_xCCFVQ?authuser=0&hl=pt-BR&g_ep=EgoyMDI2MDkzMC4wIJJjKgBIAVAD&rclk=1;0
Anel 2;Franca/SP;Loja do Mecânico Franca;(16) 3713-1700;;;https://www.lojadomecanico.com.br/hotsite/ofertas-com-frete-gratis?sort=mais-vendidos;https://www.google.com/maps/place/Loja+do+Mec%C3%A2nico+Franca/data=!4m7!3m6!1s0x94b0af77886407c3:0xe499ac5548968420!8m2!3d-20.5461016!4d-47.3992715!16s%2Fg%2F11b6hlbrn2!19sChIJwwdkiHevsJQRIISWSFWsmeQ?authuser=0&hl=pt-BR&g_ep=EgoyMDI2MDkzMC4wIJJjKgBIAVAD&rclk=1;3495
Anel 2;São Carlos/SP;Telhanorte São Carlos;40042444;(11) 3434-3610;telhanorte.canalempresas@saint-gobain.com;https://www.telhanorte.com.br/?utm_source=gmeunegocio&utm_medium=organic&utm_campaign=ficha-sca | https://www.instagram.com/telhanorte;https://www.google.com/maps/place/Telhanorte+S%C3%A3o+Carlos/data=!4m7!3m6!1s0x94b870ca08f95dc9:0xd008d8a125448fdd!8m2!3d-22.0044896!4d-47.9047355!16s%2Fg%2F11c3vnmzzh!19sChIJyV35CMpwuJQR3Y9EJaHYCNA?authuser=0&hl=pt-BR&g_ep=EgoyMDI2MDkzMC4wIJJjKgBIAVAD&rclk=1;2314
Anel 2;Matão/SP;Diskfone (Linetec do Brasil);(16) 3383-1000;(16) 99333-1000;linetec@linetec.com.br;http://www.diskfone.com.br/;https://www.google.com/maps/place/Diskfone+%28Linetec+do+Brasil%29/data=!4m7!3m6!1s0x94b8e1d23d861c19:0x8d092e5571b71bb3!8m2!3d-21.6157559!4d-48.3548177!16s%2Fg%2F11b8zp9jbp!19sChIJGRyGPdLhuJQRsxu3cVUuCY0?authuser=0&hl=pt-BR&g_ep=EgoyMDI2MDkzMC4wIJJjKgBIAVAD&rclk=1;1904
Anel 2;Franca/SP;Eletrônica Castro;(16) 3724-7100;(16) 99219-9921;contato@eletronicacastro.com.br;https://www.eletronicacastro.com.br/ | https://www.instagram.com/eletronicacastro;https://www.google.com/maps/place/Eletr%C3%B4nica+Castro/data=!4m7!3m6!1s0x94b0a652db84448b:0xc25fd83852c681a1!8m2!3d-20.5189352!4d-47.4091248!16s%2Fg%2F1hjgyrqjy!19sChIJi0SE21KmsJQRoYHGUjjYX8I?authuser=0&hl=pt-BR&g_ep=EgoyMDI2MDkzMC4wIJJjKgBIAVAD&rclk=1;1096
Anel 2;São Carlos/SP;Bogas Parafusos;(16) 3368-4272;(16) 3368-4272;;http://mechameaqui.com.br/v2/bogas-parafusos-loja-de-ferramentas-sao-carlos-sp | https://instagram.com/bogas_parafusos;https://www.google.com/maps/place/Bogas+Parafusos/data=!4m7!3m6!1s0x94b8771b39219d2f:0x772f1beb268a2251!8m2!3d-22.0331391!4d-47.8886674!16s%2Fg%2F11ddzp_dtr!19sChIJL50hORt3uJQRUSKKJusbL3c?authuser=0&hl=pt-BR&g_ep=EgoyMDI2MDkzMC4wIJJjKgBIAVAD&rclk=1;1081
Anel 2;Araraquara/SP;Brizolari - Araraquara;(16) 3324-9900;;;http://brizolari.com.br/;https://www.google.com/maps/place/Brizolari+-+Araraquara/data=!4m7!3m6!1s0x94b8f148f7837cbb:0x3b44a05d65ef23e3!8m2!3d-21.7653686!4d-48.1609979!16s%2Fg%2F11b6hj5kyl!19sChIJu3yD90jxuJQR4yPvZV2gRDs?authuser=0&hl=pt-BR&g_ep=EgoyMDI2MDkzMC4wIJJjKgBIAVAD&rclk=1;938
Anel 2;Mococa/SP;Casa Marques Materiais para Construção Ltda;(19) 3656-0863;;;;https://www.google.com/maps/place/Casa+Marques+Materiais+para+Constru%C3%A7%C3%A3o+Ltda/data=!4m7!3m6!1s0x94b7b83851f7d9c7:0x5802f237c6737497!8m2!3d-21.464468!4d-47.0010871!16s%2Fg%2F1tgddhzh!19sChIJx9n3UTi4t5QRl3RzxjfyAlg?authuser=0&hl=pt-BR&g_ep=EgoyMDI2MDkzMC4wIJJjKgBIAVAD&rclk=1;807
Anel 2;Jaboticabal/SP;Borguesan Materiais de Construção;;;;;https://www.google.com/maps/place/Borguesan+Materiais+de+Constru%C3%A7%C3%A3o/data=!4m7!3m6!1s0x94b96bbb4ef70ee1:0xc46f7bdc0f03d2a4!8m2!3d-21.2453243!4d-48.3448359!16s%2Fg%2F11hbkc631v!19sChIJ4Q73TrtruZQRpNIDD9x7b8Q?authuser=0&hl=pt-BR&g_ep=EgoyMDI2MDkzMC4wIJJjKgBIAVAD&rclk=1;735
Anel 2;Franca/SP;Casa dos Parafusos Franca;(16) 3724-3131;(16) 3720-8237;vendasonline@casadosparafusosfranca.com.br;https://www.casadosparafusosfranca.com.br/ | https://www.instagram.com/casadosparafusosfranca;https://www.google.com/maps/place/Casa+dos+Parafusos+Franca/data=!4m7!3m6!1s0x94b0a649dbcac75d:0x24a6fa104883390a!8m2!3d-20.5285496!4d-47.4032535!16s%2Fg%2F11bwyyvhq4!19sChIJXcfK20mmsJQRCjmDSBD6piQ?authuser=0&hl=pt-BR&g_ep=EgoyMDI2MDkzMC4wIJJjKgBIAVAD&rclk=1;717
Anel 2;Batatais/SP;Lizote Materiais de Construção Batatais;(16) 3660-5400;(16) 3660-5400;;https://www.lizote.com.br/ | https://instagram.com/lizotecasaeconstrucao;https://www.google.com/maps/place/Lizote+Materiais+de+Constru%C3%A7%C3%A3o+Batatais/data=!4m7!3m6!1s0x94b9fac7cce6cdff:0xabdf9516054b20c2!8m2!3d-20.8890613!4d-47.5806414!16s%2Fg%2F1pty8zx3_!19sChIJ_83mzMf6uZQRwiBLBRaV36s?authuser=0&hl=pt-BR&g_ep=EgoyMDI2MDkzMC4wIJJjKgBIAVAD&rclk=1;714
Anel 2;São Carlos/SP;Agência de Atendimento CPFL Energia | São Carlos, SP;0800 010 1010;;;https://www.cpfl.com.br/;https://www.google.com/maps/place/Ag%C3%AAncia+de+Atendimento+CPFL+Energia+%7C+S%C3%A3o+Carlos,+SP/data=!4m7!3m6!1s0x94b876fa4c560c4d:0x7c1f8aa40d483799!8m2!3d-22.0326625!4d-47.8746018!16s%2Fg%2F11bxg14wxf!19sChIJTQxWTPp2uJQRmTdIDaSKH3w?authuser=0&hl=pt-BR&g_ep=EgoyMDI2MDkzMC4wIJJjKgBIAVAD&rclk=1;627
Anel 2;Jaboticabal/SP;Tele Central - Segurança Avançada & Energia Solar;(16) 3200-0410;(16) 3200-0410;d.leal@telecentraltec.com.br;http://www.telecentraltec.com.br/ | https://www.instagram.com/telecentraltec;https://www.google.com/maps/place/Tele+Central+-+Seguran%C3%A7a+Avan%C3%A7ada+%26+Energia+Solar/data=!4m7!3m6!1s0x94b96b23d1380f47:0x2ac28720b73e938a!8m2!3d-21.258514!4d-48.3155043!16s%2Fg%2F11bvt6jw0p!19sChIJRw840SNruZQRipM-tyCHwio?authuser=0&hl=pt-BR&g_ep=EgoyMDI2MDkzMC4wIJJjKgBIAVAD&rclk=1;569
Anel 2;Araraquara/SP;Hi-Tec Eletrônica;(16) 3336-2850;;;;https://www.google.com/maps/place/Hi-Tec+Eletr%C3%B4nica/data=!4m7!3m6!1s0x94b8f3e1ba310453:0xe86ffadb6657820a!8m2!3d-21.7864094!4d-48.1766294!16s%2Fg%2F11bw74h0lw!19sChIJUwQxuuHzuJQRCoJXZtv6b-g?authuser=0&hl=pt-BR&g_ep=EgoyMDI2MDkzMC4wIJJjKgBIAVAD&rclk=1;567
Anel 2;São Carlos/SP;Ca And Ma Componentes Eletrônicos;(16) 3375-7778;(16) 99729-1759;;http://www.caandma.com.br/ | https://www.instagram.com/caandmacomp;https://www.google.com/maps/place/Ca+And+Ma+Componentes+Eletr%C3%B4nicos/data=!4m7!3m6!1s0x94b8771336d09cc5:0x6cedbe642c8e48e2!8m2!3d-22.0237033!4d-47.9012448!16s%2Fg%2F11b6_h4f1f!19sChIJxZzQNhN3uJQR4kiOLGS-7Ww?authuser=0&hl=pt-BR&g_ep=EgoyMDI2MDkzMC4wIJJjKgBIAVAD&rclk=1;526
Anel 2;Franca/SP;Eletrônica Faria;(16) 3722-9090;(16) 99958-9090;;https://www.eletronicafaria.com.br/ | https://www.instagram.com/eletronica.faria;https://www.google.com/maps/place/Eletr%C3%B4nica+Faria/data=!4m7!3m6!1s0x94b0a63c0009d6a1:0x2ba93e5f5c64256d!8m2!3d-20.5312995!4d-47.3951369!16s%2Fg%2F11bwyxvpzq!19sChIJodYJADymsJQRbSVkXF8-qSs?authuser=0&hl=pt-BR&g_ep=EgoyMDI2MDkzMC4wIJJjKgBIAVAD&rclk=1;462
Anel 2;Franca/SP;Lojas Hidromar;(16) 3713-2688;(16) 3713-2688;contato.ecommerce@lojashidromar.com.br;http://www.lojashidromar.com.br/ | https://www.instagram.com/lojashidromar;https://www.google.com/maps/place/Lojas+Hidromar/data=!4m7!3m6!1s0x94b0a61b8d7d65eb:0x87334a06f5c76840!8m2!3d-20.5369333!4d-47.3869962!16s%2Fg%2F1q5glfm_c!19sChIJ62V9jRumsJQRQGjH9QZKM4c?authuser=0&hl=pt-BR&g_ep=EgoyMDI2MDkzMC4wIJJjKgBIAVAD&rclk=1;456
Anel 2;Monte Alto/SP;Hidrolux;(16) 3242-1850;;;http://hidroluxmontealto.com.br/;https://www.google.com/maps/place/Hidrolux/data=!4m7!3m6!1s0x94b946a81cb9a455:0xb54f4c13ef2260d7!8m2!3d-21.260005!4d-48.489003!16s%2Fg%2F1s04w83th!19sChIJVaS5HKhGuZQR12Ai7xNMT7U?authuser=0&hl=pt-BR&g_ep=EgoyMDI2MDkzMC4wIJJjKgBIAVAD&rclk=1;455
Anel 2;Araraquara/SP;Jabu Elétrica e Hidráulica - Araraquara;(16) 3303-7500;(16) 3362-3330;atendimento@jabu.com.br;http://www.jabu.com.br/ | https://www.instagram.com/jabu.oficial;https://www.google.com/maps/place/Jabu+El%C3%A9trica+e+Hidr%C3%A1ulica+-+Araraquara/data=!4m7!3m6!1s0x94b8f159c4cbbbb3:0x1e817d209c75132b!8m2!3d-21.7798721!4d-48.1703379!16s%2Fg%2F1tkc368b!19sChIJs7vLxFnxuJQRKxN1nCB9gR4?authuser=0&hl=pt-BR&g_ep=EgoyMDI2MDkzMC4wIJJjKgBIAVAD&rclk=1;434
Anel 2;Bebedouro/SP;Cleitin Baterias;;(17) 99116-7306;;https://cleitinbaterias.com.br/ | https://www.instagram.com/cleitinbaterias;https://www.google.com/maps/place/Cleitin+Baterias/data=!4m7!3m6!1s0x94bbe1923cfba3bd:0xf08e652fe968c8fd!8m2!3d-20.9467151!4d-48.4656956!16s%2Fg%2F11t9w5_scj!19sChIJvaP7PJLhu5QR_cho6S9ljvA?authuser=0&hl=pt-BR&g_ep=EgoyMDI2MDkzMC4wIJJjKgBIAVAD&rclk=1;412
Anel 2;São Carlos/SP;Multicoisas - Carlos Botelho;;(11) 97210-9757;atendimento@multicoisas.com.br;https://www.multicoisas.com.br/ | https://www.instagram.com/multicoisasoficial;https://www.google.com/maps/place/Multicoisas+-+Carlos+Botelho/data=!4m7!3m6!1s0x94b8772e5fe7fd5d:0xe4649c20dba0a58c!8m2!3d-22.011289!4d-47.889725!16s%2Fg%2F11c3klr62w!19sChIJXf3nXy53uJQRjKWg2yCcZOQ?authuser=0&hl=pt-BR&g_ep=EgoyMDI2MDkzMC4wIJJjKgBIAVAD&rclk=1;388
Anel 2;Jaboticabal/SP;Elétrica Qualicerto;(16) 3212-3939;;;;https://www.google.com/maps/place/El%C3%A9trica+Qualicerto/data=!4m7!3m6!1s0x94b96baa804c4631:0x3a8abd149fc15b83!8m2!3d-21.2676267!4d-48.3350768!16s%2Fg%2F11gtsnfctv!19sChIJMUZMgKpruZQRg1vBnxS9ijo?authuser=0&hl=pt-BR&g_ep=EgoyMDI2MDkzMC4wIJJjKgBIAVAD&rclk=1;386
Anel 2;São Carlos/SP;Eletro Eletrônica Gaspar;(16) 3374-1901;;;https://www.facebook.com/gasparmais/;https://www.google.com/maps/place/Eletro+Eletr%C3%B4nica+Gaspar/data=!4m7!3m6!1s0x94b8772de7acbdaf:0xda38a5913b61a52f!8m2!3d-22.0100808!4d-47.8911745!16s%2Fg%2F11bwkm2t69!19sChIJr72s5y13uJQRL6VhO5GlONo?authuser=0&hl=pt-BR&g_ep=EgoyMDI2MDkzMC4wIJJjKgBIAVAD&rclk=1;347
Anel 2;Franca/SP;Depósito Português Materiais para Construção;;(16) 99196-6433;;;https://www.google.com/maps/place/Dep%C3%B3sito+Portugu%C3%AAs+Materiais+para+Constru%C3%A7%C3%A3o/data=!4m7!3m6!1s0x94ba08227409b3d7:0xd3453d28b20fcffd!8m2!3d-20.5444072!4d-47.4554066!16s%2Fg%2F11bxc5xz_d!19sChIJ17MJdCIIupQR_c8Psig9RdM?authuser=0&hl=pt-BR&g_ep=EgoyMDI2MDkzMC4wIJJjKgBIAVAD&rclk=1;306
Anel 2;Santa Rita do Passa Quatro/SP;THS Provider - Santa Rita do Passa Quatro;0800 941 6477;(08) 00941-6477;;http://www.thsprovider.com.br/ | https://instagram.com/thsprovider;https://www.google.com/maps/place/THS+Provider+-+Santa+Rita+do+Passa+Quatro/data=!4m7!3m6!1s0x94b81f4a3a85bb53:0xc2ebfa24e09a3f6e!8m2!3d-21.7059926!4d-47.4802042!16s%2Fg%2F11sd0008q6!19sChIJU7uFOkofuJQRbj-a4CT668I?authuser=0&hl=pt-BR&g_ep=EgoyMDI2MDkzMC4wIJJjKgBIAVAD&rclk=1;302
Anel 2;Araraquara/SP;Eletricista 24h - Eletrotécnica Carvalho || Araraquara;;(16) 99779-6232;;http://www.eletrotecnicacarvalho.com.br/ | https://www.instagram.com/eletrotecnica_carvalho;https://www.google.com/maps/place/Eletricista+24h+-+Eletrot%C3%A9cnica+Carvalho+%7C%7C+Araraquara/data=!4m7!3m6!1s0x94b8f3a4a4f0163f:0xf6f044e378165999!8m2!3d-21.7940786!4d-48.1769034!16s%2Fg%2F11r2jr63zr!19sChIJPxbwpKTzuJQRmVkWeONE8PY?authuser=0&hl=pt-BR&g_ep=EgoyMDI2MDkzMC4wIJJjKgBIAVAD&rclk=1;270
Anel 2;Araraquara/SP;POSTE PADRÃO CPFL Ramelli Eng Elétrica;(16) 3114-2666;;;;https://www.google.com/maps/place/POSTE+PADR%C3%83O+CPFL+Ramelli+Eng+El%C3%A9trica/data=!4m7!3m6!1s0x94b8f14bf222e8ad:0x1bd84a527be1e8b6!8m2!3d-21.766256!4d-48.1641192!16s%2Fg%2F11bw62qyq2!19sChIJregi8kvxuJQRtujhe1JK2Bs?authuser=0&hl=pt-BR&g_ep=EgoyMDI2MDkzMC4wIJJjKgBIAVAD&rclk=1;254
Anel 2;Mococa/SP;Santa Maria Materiais Para Construção | Tijolo | Areia | Porcelanato;;(19) 99106-7243;;https://www.clickdisk.com.br/telefone/mococa-sp/santa-maria-deposito-de-construcao;https://www.google.com/maps/place/Santa+Maria+Materiais+Para+Constru%C3%A7%C3%A3o+%7C+Tijolo+%7C+Areia+%7C+Porcelanato/data=!4m7!3m6!1s0x94b7b840bb32133d:0x600fd479e8c2c102!8m2!3d-21.4631493!4d-47.0161987!16s%2Fg%2F1vgx1vym!19sChIJPRMyu0C4t5QRAsHC6HnUD2A?authuser=0&hl=pt-BR&g_ep=EgoyMDI2MDkzMC4wIJJjKgBIAVAD&rclk=1;226
Anel 2;Mococa/SP;Hortifruti São João - Mococa;;;;;https://www.google.com/maps/place/Hortifruti+S%C3%A3o+Jo%C3%A3o+-+Mococa/data=!4m7!3m6!1s0x94b7b877bed5ef11:0x332543d5b5e5c006!8m2!3d-21.4949528!4d-47.0081323!16s%2Fg%2F11bx2g5qt9!19sChIJEe_Vvne4t5QRBsDltdVDJTM?authuser=0&hl=pt-BR&g_ep=EgoyMDI2MDkzMC4wIJJjKgBIAVAD&rclk=1;224
Anel 2;Araraquara/SP;Ventluz - Iluminação e Materiais Elétricos;(16) 3336-1466;;;;https://www.google.com/maps/place/Ventluz+-+Ilumina%C3%A7%C3%A3o+e+Materiais+El%C3%A9tricos/data=!4m7!3m6!1s0x94b8f3e1d9e71621:0x3412392e3b2362fe!8m2!3d-21.7854787!4d-48.1765424!16s%2Fg%2F11bw66wql4!19sChIJIRbn2eHzuJQR_mIjOy45EjQ?authuser=0&hl=pt-BR&g_ep=EgoyMDI2MDkzMC4wIJJjKgBIAVAD&rclk=1;218
Anel 2;Matão/SP;Sartori Casa & Construção Ltda;(16) 3383-7777;(16) 99641-8550;;http://www.sartoriweb.com.br/ | https://www.instagram.com/sartorimateriais;https://www.google.com/maps/place/Sartori+Casa+%26+Constru%C3%A7%C3%A3o+Ltda/data=!4m7!3m6!1s0x94b8e1e7770b4277:0xf9c3b6a03e8db465!8m2!3d-21.6151457!4d-48.3680391!16s%2Fg%2F1tdbm2ss!19sChIJd0ILd-fhuJQRZbSNPqC2w_k?authuser=0&hl=pt-BR&g_ep=EgoyMDI2MDkzMC4wIJJjKgBIAVAD&rclk=1;205
Anel 2;São Carlos/SP;Casa Nossa Materiais para Construção;(16) 3368-4109;;;https://casanossamatdeconstrucao.com.br/;https://www.google.com/maps/place/Casa+Nossa+Materiais+para+Constru%C3%A7%C3%A3o/data=!4m7!3m6!1s0x94b876e238c99521:0xd02f12cfc54370af!8m2!3d-22.0278391!4d-47.8807785!16s%2Fg%2F11cjj0qnj5!19sChIJIZXJOOJ2uJQRr3BDxc8SL9A?authuser=0&hl=pt-BR&g_ep=EgoyMDI2MDkzMC4wIJJjKgBIAVAD&rclk=1;203
Anel 2;Batatais/SP;JM Baterias;;(16) 99162-9397;;https://bateriasbatatais.com.br/ | https://www.instagram.com/jm.baterias.bts;https://www.google.com/maps/place/JM+Baterias/data=!4m7!3m6!1s0x94b9fa9b6ce69c0f:0xf6cccff44178aad8!8m2!3d-20.8873506!4d-47.5993438!16s%2Fg%2F11hc_vkwd3!19sChIJD5zmbJv6uZQR2Kp4QfTPzPY?authuser=0&hl=pt-BR&g_ep=EgoyMDI2MDkzMC4wIJJjKgBIAVAD&rclk=1;202
Anel 2;Matão/SP;Tenda Atacado - Matão;(16) 3600-0136;;;https://www.tendaatacado.com.br/;https://www.google.com/maps/place/Tenda+Atacado+-+Mat%C3%A3o/data=!4m7!3m6!1s0x94b91ff39a2bfe27:0x15625ec397f454fc!8m2!3d-21.6015716!4d-48.3559906!16s%2Fg%2F11rjqjtj6r!19sChIJJ_4rmvMfuZQR_FT0l8NeYhU?authuser=0&hl=pt-BR&g_ep=EgoyMDI2MDkzMC4wIJJjKgBIAVAD&rclk=1;190
Anel 2;Jaboticabal/SP;Casa Rocha Materiais Construção;(16) 3204-1936;;;https://www.instagram.com/casarochaoficial_/;https://www.google.com/maps/place/Casa+Rocha+Materiais+Constru%C3%A7%C3%A3o/data=!4m7!3m6!1s0x94b96c8168df3089:0x536fecae9722d98e!8m2!3d-21.2512!4d-48.315938!16s%2Fg%2F1tnct_kv!19sChIJiTDfaIFsuZQRjtkil67sb1M?authuser=0&hl=pt-BR&g_ep=EgoyMDI2MDkzMC4wIJJjKgBIAVAD&rclk=1;189
Anel 2;Araraquara/SP;Contato Materiais Elétricos;(16) 3461-9200;;contato@contagroup.com.br;http://www.contatogroup.com.br/materiais-eletricos-varejo;https://www.google.com/maps/place/Contato+Materiais+El%C3%A9tricos/data=!4m7!3m6!1s0x94b8f3ec22f7a1c5:0xf0945ab9b95e3b2e!8m2!3d-21.7991935!4d-48.1732913!16s%2Fg%2F1pv1wjjdd!19sChIJxaH3IuzzuJQRLjteublalPA?authuser=0&hl=pt-BR&g_ep=EgoyMDI2MDkzMC4wIJJjKgBIAVAD&rclk=1;184
Anel 2;Araraquara/SP;Harmonia Utilidades;(16) 3214-1905;;;https://loja.harmoniautilidades.com.br/;https://www.google.com/maps/place/Harmonia+Utilidades/data=!4m7!3m6!1s0x94b8f13e6b8a7851:0x3215db8789a82b77!8m2!3d-21.7624858!4d-48.1780789!16s%2Fg%2F11bw716r2c!19sChIJUXiKaz7xuJQRdyuoiYfbFTI?authuser=0&hl=pt-BR&g_ep=EgoyMDI2MDkzMC4wIJJjKgBIAVAD&rclk=1;176
Anel 2;Bebedouro/SP;Mazinho Materiais de Construção e Indústria de Artefatos de Cimento;(17) 3342-6307;;;;https://www.google.com/maps/place/Mazinho+Materiais+de+Constru%C3%A7%C3%A3o+e+Ind%C3%BAstria+de+Artefatos+de+Cimento/data=!4m7!3m6!1s0x94bbe6b65805cafd:0xbe0c1c48c2fc02eb!8m2!3d-20.9340769!4d-48.4613926!16s%2Fg%2F1ptws5m6y!19sChIJ_coFWLbmu5QR6wL8wkgcDL4?authuser=0&hl=pt-BR&g_ep=EgoyMDI2MDkzMC4wIJJjKgBIAVAD&rclk=1;171
Anel 2;Mococa/SP;Caelmo Materiais para Construção;(19) 3656-1401;;;http://www.caelmo.com.br/;https://www.google.com/maps/place/Caelmo+Materiais+para+Constru%C3%A7%C3%A3o/data=!4m7!3m6!1s0x94b7b848f4363969:0x24ec09ef8fca01e6!8m2!3d-21.4645501!4d-47.002462!16s%2Fg%2F11g6qfgvmy!19sChIJaTk29Ei4t5QR5gHKj-8J7CQ?authuser=0&hl=pt-BR&g_ep=EgoyMDI2MDkzMC4wIJJjKgBIAVAD&rclk=1;171
Anel 2;São Carlos/SP;Tema Peças Elétricas para veículos;(16) 3368-5380;(01) 63368-5380;contato@temapecaseletricas.com.br;http://www.temapecaseletricas.com.br/ | https://instagram.com/temapecaseletricas;https://www.google.com/maps/place/Tema+Pe%C3%A7as+El%C3%A9tricas+para+ve%C3%ADculos/data=!4m7!3m6!1s0x94b876e2e699572d:0xc10755dc40937a5e!8m2!3d-22.0295719!4d-47.8801801!16s%2Fg%2F11bx2m1j0v!19sChIJLVeZ5uJ2uJQRXnqTQNxVB8E?authuser=0&hl=pt-BR&g_ep=EgoyMDI2MDkzMC4wIJJjKgBIAVAD&rclk=1;168
Anel 2;Araraquara/SP;Hidráulica Paulista Materiais para Construção;;(16) 99745-8279;;https://www.instagram.com/hidraulicapaulista?igsh=MWFvY2g1c2RsMnk2Zw==;https://www.google.com/maps/place/Hidr%C3%A1ulica+Paulista+Materiais+para+Constru%C3%A7%C3%A3o/data=!4m7!3m6!1s0x94b8f472399003f3:0x465e39bc2fe35245!8m2!3d-21.800798!4d-48.1516063!16s%2Fg%2F11bw7_3b9d!19sChIJ8wOQOXL0uJQRRVLjL7w5XkY?authuser=0&hl=pt-BR&g_ep=EgoyMDI2MDkzMC4wIJJjKgBIAVAD&rclk=1;162
Anel 2;Araraquara/SP;ENG Automação;;(12) 99198-7608;vendas@engautomacao.com.br;http://www.engautomacao.com.br/ | https://www.instagram.com/grupoengautomacao;https://www.google.com/maps/place/ENG+Automa%C3%A7%C3%A3o/data=!4m7!3m6!1s0x94b8f3ada745bd05:0x75bfc158c46730cd!8m2!3d-14.4095262!4d-51.3168626!16s%2Fg%2F11hzwh3mg3!19sChIJBb1Fp63zuJQRzTBnxFjBv3U?authuser=0&hl=pt-BR&g_ep=EgoyMDI2MDkzMC4wIJJjKgBIAVAD&rclk=1;151
Anel 2;Mococa/SP;Bernini Acabamentos Mococa;(19) 3656-1889;(19) 3656-1889;;https://www.berniniacabamentos.com.br/;https://www.google.com/maps/place/Bernini+Acabamentos+Mococa/data=!4m7!3m6!1s0x94b7b906e4ab58d9:0x436f2a918afa4d44!8m2!3d-21.4761755!4d-47.0086121!16s%2Fg%2F11q4dr_wl8!19sChIJ2Vir5Aa5t5QRRE36ipEqb0M?authuser=0&hl=pt-BR&g_ep=EgoyMDI2MDkzMC4wIJJjKgBIAVAD&rclk=1;151
Anel 2;Santa Rita do Passa Quatro/SP;Gipel Agropecuária e Pet Shop e Empório Pet;(19) 3582-1285;;;http://www.gipelemporiopet.com.br/ | https://www.instagram.com/gipelagropet;https://www.google.com/maps/place/Gipel+Agropecu%C3%A1ria+e+Pet+Shop+e+Emp%C3%B3rio+Pet/data=!4m7!3m6!1s0x94b81f36a110256f:0xc2cf4b646c7605ba!8m2!3d-21.7069569!4d-47.4785312!16s%2Fg%2F11g_zfcdgy!19sChIJbyUQoTYfuJQRugV2bGRLz8I?authuser=0&hl=pt-BR&g_ep=EgoyMDI2MDkzMC4wIJJjKgBIAVAD&rclk=1;149
Anel 2;Matão/SP;Essencial Eletro;(16) 3383-4848;(16) 99722-7862;;https://www.essencialeletro.com.br/ | https://instagram.com/essencial.eletro;https://www.google.com/maps/place/Essencial+Eletro/data=!4m7!3m6!1s0x94b91fdba6938c0d:0x3d3663562c4de0be!8m2!3d-21.602246!4d-48.3715549!16s%2Fg%2F11pcsdj26v!19sChIJDYyTptsfuZQRvuBNLFZjNj0?authuser=0&hl=pt-BR&g_ep=EgoyMDI2MDkzMC4wIJJjKgBIAVAD&rclk=1;144
Anel 2;Franca/SP;Kell Distribuidora;(16) 3018-0000;;;;https://www.google.com/maps/place/Kell+Distribuidora/data=!4m7!3m6!1s0x94b0a646c4e1eab3:0x97c9ea855a55aaed!8m2!3d-20.520861!4d-47.3967732!16s%2Fg%2F1tf61cy6!19sChIJs-rhxEamsJQR7apVWoXqyZc?authuser=0&hl=pt-BR&g_ep=EgoyMDI2MDkzMC4wIJJjKgBIAVAD&rclk=1;144
Anel 2;Mococa/SP;Leão Diesel Elétrico;(19) 3666-6060;;;https://www.leaodieselbosch.com/;https://www.google.com/maps/place/Le%C3%A3o+Diesel+El%C3%A9trico/data=!4m7!3m6!1s0x94b7b854d277d8d5:0xe04ba377f252e2af!8m2!3d-21.4575925!4d-47.0214045!16s%2Fg%2F1tflh9ys!19sChIJ1dh30lS4t5QRr-JS8nejS-A?authuser=0&hl=pt-BR&g_ep=EgoyMDI2MDkzMC4wIJJjKgBIAVAD&rclk=1;141
Anel 2;São Carlos/SP;Mercil Eletrica;(16) 3415-0262;;;https://www.mercileletrica.com.br/;https://www.google.com/maps/place/Mercil+Eletrica/data=!4m7!3m6!1s0x94b876dfa2f43393:0x1d94fc2824211bcb!8m2!3d-22.0198766!4d-47.8809315!16s%2Fg%2F11c807l4d9!19sChIJkzP0ot92uJQRyxshJCj8lB0?authuser=0&hl=pt-BR&g_ep=EgoyMDI2MDkzMC4wIJJjKgBIAVAD&rclk=1;138
Anel 2;São Carlos/SP;Auto Elétrico Pinhal;(16) 3368-6285;;;;https://www.google.com/maps/place/Auto+El%C3%A9trico+Pinhal/data=!4m7!3m6!1s0x94b8771eeb512c9b:0xe3448468cb45ddd6!8m2!3d-22.0268486!4d-47.8854863!16s%2Fg%2F1tcv7dyp!19sChIJmyxR6x53uJQR1t1Fy2iEROM?authuser=0&hl=pt-BR&g_ep=EgoyMDI2MDkzMC4wIJJjKgBIAVAD&rclk=1;136
Anel 2;Matão/SP;Toca Do Leão Matérias Hidráulicos e Elétricos Matão;(16) 3382-3610;;;https://www.instagram.com/tocadoleaomatao/;https://www.google.com/maps/place/Toca+Do+Le%C3%A3o+Mat%C3%A9rias+Hidr%C3%A1ulicos+e+El%C3%A9tricos+Mat%C3%A3o/data=!4m7!3m6!1s0x94b91fcd8c199969:0xab1491128591263c!8m2!3d-21.5995357!4d-48.3624151!16s%2Fg%2F11dx9dlnrt!19sChIJaZkZjM0fuZQRPCaRhRKRFKs?authuser=0&hl=pt-BR&g_ep=EgoyMDI2MDkzMC4wIJJjKgBIAVAD&rclk=1;135
Anel 2;Franca/SP;ADRIPEL DISTRIBUIDORA DE PEÇAS AUTOMOTIVAS;(16) 3701-1555;;;http://www.franpecas.com.br/ | https://www.instagram.com/lojadk_shoes;https://www.google.com/maps/place/ADRIPEL+DISTRIBUIDORA+DE+PE%C3%87AS+AUTOMOTIVAS/data=!4m7!3m6!1s0x94b0a60a1b6b1dc3:0x78c6372b6326e5d1!8m2!3d-20.5238723!4d-47.3711999!16s%2Fg%2F11cn7f151q!19sChIJwx1rGwqmsJQR0eUmYys3xng?authuser=0&hl=pt-BR&g_ep=EgoyMDI2MDkzMC4wIJJjKgBIAVAD&rclk=1;131
Anel 2;São Carlos/SP;Brascanio São Carlos Comércio Materiais Elétricos;(16) 3361-4210;(16) 3361-4210;;https://wa.me/1633614210 | https://www.instagram.com/whatsapp;https://www.google.com/maps/place/Brascanio+S%C3%A3o+Carlos+Com%C3%A9rcio+Materiais+El%C3%A9tricos/data=!4m7!3m6!1s0x94b870d550212d13:0x3222be2f560d5cb2!8m2!3d-22.0027606!4d-47.8827045!16s%2Fg%2F1tf7nnvj!19sChIJEy0hUNVwuJQRslwNVi--IjI?authuser=0&hl=pt-BR&g_ep=EgoyMDI2MDkzMC4wIJJjKgBIAVAD&rclk=1;130
Anel 2;São Carlos/SP;Auto Elétrico Chicão;(16) 3375-5177;;;;https://www.google.com/maps/place/Auto+El%C3%A9trico+Chic%C3%A3o/data=!4m7!3m6!1s0x94b8771aa17b33d9:0x87cc50c88e618465!8m2!3d-22.0338959!4d-47.8918644!16s%2Fg%2F11c3ty1y36!19sChIJ2TN7oRp3uJQRZYRhjshQzIc?authuser=0&hl=pt-BR&g_ep=EgoyMDI2MDkzMC4wIJJjKgBIAVAD&rclk=1;129
Anel 2;Santa Rita do Passa Quatro/SP;Eletro Móveis Santa Rita;(19) 3582-1156;;;https://www.eletromoveisfaustao.com.br/;https://www.google.com/maps/place/Eletro+M%C3%B3veis+Santa+Rita/data=!4m7!3m6!1s0x94b81fa363d67aab:0x59a89e1f842a6b69!8m2!3d-21.7037372!4d-47.4806152!16s%2Fg%2F1v6l8ljr!19sChIJq3rWY6MfuJQRaWsqhB-eqFk?authuser=0&hl=pt-BR&g_ep=EgoyMDI2MDkzMC4wIJJjKgBIAVAD&rclk=1;128
Anel 2;Araraquara/SP;COMERCIAL FERREIRA ARARAQUARA-SP;(16) 3114-1167;;;;https://www.google.com/maps/place/COMERCIAL+FERREIRA+ARARAQUARA-SP/data=!4m7!3m6!1s0x94b8f3d9c6f39aa1:0xe60fa6c60e12437b!8m2!3d-21.7921285!4d-48.1886248!16s%2Fg%2F11hd5w95wy!19sChIJoZrzxtnzuJQRe0MSDsamD-Y?authuser=0&hl=pt-BR&g_ep=EgoyMDI2MDkzMC4wIJJjKgBIAVAD&rclk=1;127
Anel 2;São Carlos/SP;Comercial TIBA;(16) 3372-5308;;;;https://www.google.com/maps/place/Comercial+TIBA/data=!4m7!3m6!1s0x94b870a57a484529:0x86dd691ddbdf6b98!8m2!3d-22.0029926!4d-47.9139563!16s%2Fg%2F1tgm3z90!19sChIJKUVIeqVwuJQRmGvf2x1p3YY?authuser=0&hl=pt-BR&g_ep=EgoyMDI2MDkzMC4wIJJjKgBIAVAD&rclk=1;127
Anel 2;Jaboticabal/SP;Vênus Eletrônica- Motor de Portão-Câmeras de Segurança-Automação;;(16) 99787-1391;;;https://www.google.com/maps/place/V%C3%AAnus+Eletr%C3%B4nica-+Motor+de+Port%C3%A3o-C%C3%A2meras+de+Seguran%C3%A7a-Automa%C3%A7%C3%A3o/data=!4m7!3m6!1s0x94b96d13f7593c41:0xb71a61c4b65b5bd6!8m2!3d-21.2629108!4d-48.3156142!16s%2Fg%2F11rcmjnlth!19sChIJQTxZ9xNtuZQR1ltbtsRhGrc?authuser=0&hl=pt-BR&g_ep=EgoyMDI2MDkzMC4wIJJjKgBIAVAD&rclk=1;126
Anel 2;Araraquara/SP;Torre Forte;(16) 3214-6908;;atendimento@estudiowow.com.br;https://www.lojatorreforte.com.br/;https://www.google.com/maps/place/Torre+Forte/data=!4m7!3m6!1s0x94b8f10d6895b507:0x8a274dd0e7ebf186!8m2!3d-21.768997!4d-48.2018814!16s%2Fg%2F11p65yrpdq!19sChIJB7WVaA3xuJQRhvHr59BNJ4o?authuser=0&hl=pt-BR&g_ep=EgoyMDI2MDkzMC4wIJJjKgBIAVAD&rclk=1;122
Anel 2;São Carlos/SP;Comercial Santa Felícia;(16) 3412-5595;(16) 3412-5595;csf@comercialsantafelicia.com.br;https://www.comercialsantafelicia.com.br/;https://www.google.com/maps/place/Comercial+Santa+Fel%C3%ADcia/data=!4m7!3m6!1s0x94b870bb34c6ab91:0x57de4fe36b0c4a76!8m2!3d-22.0020706!4d-47.9136623!16s%2Fg%2F1hdzbjsdt!19sChIJkavGNLtwuJQRdkoMa-NP3lc?authuser=0&hl=pt-BR&g_ep=EgoyMDI2MDkzMC4wIJJjKgBIAVAD&rclk=1;122
Anel 2;Santa Rita do Passa Quatro/SP;Empório Casa Espanhola;;(19) 99256-5087;;;https://www.google.com/maps/place/Emp%C3%B3rio+Casa+Espanhola/data=!4m7!3m6!1s0x94b81f8974e3f40b:0xca6a2e26467d8c80!8m2!3d-21.7060981!4d-47.4795477!16s%2Fg%2F11fptz_5qt!19sChIJC_TjdIkfuJQRgIx9RiYuaso?authuser=0&hl=pt-BR&g_ep=EgoyMDI2MDkzMC4wIJJjKgBIAVAD&rclk=1;122
Anel 2;Araraquara/SP;Elétrica Santa Terezinha;(16) 3336-6676;;;;https://www.google.com/maps/place/El%C3%A9trica+Santa+Terezinha/data=!4m7!3m6!1s0x94b8f3e6b29998f5:0x87752cb3a58cb5b1!8m2!3d-21.7897978!4d-48.1753047!16s%2Fg%2F11bw680dt_!19sChIJ9ZiZsubzuJQRsbWMpbMsdYc?authuser=0&hl=pt-BR&g_ep=EgoyMDI2MDkzMC4wIJJjKgBIAVAD&rclk=1;120
Anel 2;Jaboticabal/SP;Eletrofio Materiais Elétricos;(16) 3209-3070;;;https://www.eletrofio.com/;https://www.google.com/maps/place/Eletrofio+Materiais+El%C3%A9tricos/data=!4m7!3m6!1s0x94b96c9cc57ff75d:0xfc8ef6a42232f51d!8m2!3d-21.2558323!4d-48.3153292!16s%2Fg%2F1vgx1vzz!19sChIJXfd_xZxsuZQRHfUyIqT2jvw?authuser=0&hl=pt-BR&g_ep=EgoyMDI2MDkzMC4wIJJjKgBIAVAD&rclk=1;111
Anel 2;Franca/SP;TUBOS DA ESTAÇÃO;(16) 3711-3400;;;;https://www.google.com/maps/place/TUBOS+DA+ESTA%C3%87%C3%83O/data=!4m7!3m6!1s0x94b0a7b5b681bf2d:0xae957b5c30b7ca93!8m2!3d-20.5298028!4d-47.4132349!16s%2Fg%2F11bx1rxbwg!19sChIJLb-BtrWnsJQRk8q3MFx7la4?authuser=0&hl=pt-BR&g_ep=EgoyMDI2MDkzMC4wIJJjKgBIAVAD&rclk=1;109
Anel 2;Bebedouro/SP;SITA Materiais de Construção;(17) 3344-6146;;;https://www.facebook.com/sitamateriais;https://www.google.com/maps/place/SITA+Materiais+de+Constru%C3%A7%C3%A3o/data=!4m7!3m6!1s0x94bbe7950ec8825f:0xac9f2715adc71099!8m2!3d-20.932602!4d-48.4692386!16s%2Fg%2F11ftfhq4bv!19sChIJX4LIDpXnu5QRmRDHrRUnn6w?authuser=0&hl=pt-BR&g_ep=EgoyMDI2MDkzMC4wIJJjKgBIAVAD&rclk=1;108
Anel 2;Santa Rita do Passa Quatro/SP;Center Pack Embalagens;;(19) 99998-8531;;;https://www.google.com/maps/place/Center+Pack+Embalagens/data=!4m7!3m6!1s0x94b81e65a617a229:0x1cec94bb0a9d1717!8m2!3d-21.7068638!4d-47.4814081!16s%2Fg%2F11g68_lfh6!19sChIJKaIXpmUeuJQRFxedCruU7Bw?authuser=0&hl=pt-BR&g_ep=EgoyMDI2MDkzMC4wIJJjKgBIAVAD&rclk=1;107
Anel 2;Mococa/SP;Bull Mix Agro Shop;(19) 3656-2858;;;;https://www.google.com/maps/place/Bull+Mix+Agro+Shop/data=!4m7!3m6!1s0x94b7b97f71258fff:0x7b40682a5c3846a7!8m2!3d-21.4747982!4d-46.9992941!16s%2Fg%2F11rb9ln5zg!19sChIJ_48lcX-5t5QRp0Y4XCpoQHs?authuser=0&hl=pt-BR&g_ep=EgoyMDI2MDkzMC4wIJJjKgBIAVAD&rclk=1;106
Anel 2;Franca/SP;VINIMAQ - ELETRO & AUTOMAÇÃO - MATRIZ;(16) 3713-1800;;;https://vinimaq.com.br/ | https://instagram.com/vinimaq;https://www.google.com/maps/place/VINIMAQ+-+ELETRO+%26+AUTOMA%C3%87%C3%83O+-+MATRIZ/data=!4m7!3m6!1s0x94b0a648afe657c1:0xa19971a09e9f3a15!8m2!3d-20.5240693!4d-47.4007609!16s%2Fg%2F11by_fcybw!19sChIJwVfmr0imsJQRFTqfnqBxmaE?authuser=0&hl=pt-BR&g_ep=EgoyMDI2MDkzMC4wIJJjKgBIAVAD&rclk=1;105
Anel 2;Pitangueiras/SP;DELA MARTA - MATERIAIS CONSTRUÇÃO;;(16) 99202-2603;;;https://www.google.com/maps/place/DELA+MARTA+-+MATERIAIS+CONSTRU%C3%87%C3%83O/data=!4m7!3m6!1s0x94b97cecba0a7f75:0x5a120d94eed6388d!8m2!3d-21.002336!4d-48.213661!16s%2Fg%2F1tznnfvl!19sChIJdX8Kuux8uZQRjTjW7pQNElo?authuser=0&hl=pt-BR&g_ep=EgoyMDI2MDkzMC4wIJJjKgBIAVAD&rclk=1;104
Anel 2;Araraquara/SP;Kairós Eletrônica e Soluções | Componentes Eletrônicos, Automação, Montagem de Painéis Elétricos em Araraquara;(16) 3463-7403;(16) 99993-1949;sac@ekairos.com.br;http://www.ekairos.com.br/ | https://www.instagram.com/kairos.eletrica.automacao;https://www.google.com/maps/place/Kair%C3%B3s+Eletr%C3%B4nica+e+Solu%C3%A7%C3%B5es+%7C+Componentes+Eletr%C3%B4nicos,+Automa%C3%A7%C3%A3o,+Montagem+de+Pain%C3%A9is+El%C3%A9tricos+em+Araraquara/data=!4m7!3m6!1s0x94b8f5c480b835a7:0xff6448a9b30beb45!8m2!3d-21.8043006!4d-48.1619527!16s%2Fg%2F11ghq3j1vl!19sChIJpzW4gMT1uJQRResLs6lIZP8?authuser=0&hl=pt-BR&g_ep=EgoyMDI2MDkzMC4wIJJjKgBIAVAD&rclk=1;103
Anel 2;Franca/SP;Loja de eletronicos - Eletrônica Caparelli;;(16) 99786-3314;;https://www.instagram.com/eletronicacaparelli22/;https://www.google.com/maps/place/Loja+de+eletronicos+-+Eletr%C3%B4nica+Caparelli/data=!4m7!3m6!1s0x94b0a93297136803:0x45db55e7ef325e3d!8m2!3d-20.5595578!4d-47.3984446!16s%2Fg%2F11tfx4dvr9!19sChIJA2gTlzKpsJQRPV4y7-dV20U?authuser=0&hl=pt-BR&g_ep=EgoyMDI2MDkzMC4wIJJjKgBIAVAD&rclk=1;102
Anel 2;Mococa/SP;Romtech Ferramentas - Assistência Técnica Autorizada Stihl, Makita, Bosch e DeWalt.;(19) 3656-3910;(19) 99172-1426;;http://wa.me/5519991721426 | https://www.instagram.com/whatsapp;https://www.google.com/maps/place/Romtech+Ferramentas+-+Assist%C3%AAncia+T%C3%A9cnica+Autorizada+Stihl,+Makita,+Bosch+e+DeWalt./data=!4m7!3m6!1s0x94b7b848dd4315d9:0x6441e8da6483ca80!8m2!3d-21.4749973!4d-47.007984!16s%2Fg%2F1wn_75wj!19sChIJ2RVD3Ui4t5QRgMqDZNroQWQ?authuser=0&hl=pt-BR&g_ep=EgoyMDI2MDkzMC4wIJJjKgBIAVAD&rclk=1;101
Anel 2;Bebedouro/SP;Casanova EPIs e Ferramentas Elétricas;(17) 3343-9174;(17) 99727-7403;sac@casanovaepionline.com.br;https://www.casanovaepionline.com.br/ | https://www.instagram.com/casanova.epis;https://www.google.com/maps/place/Casanova+EPIs+e+Ferramentas+El%C3%A9tricas/data=!4m7!3m6!1s0x94bbe15550f49cc7:0x455e9dee53eb292b!8m2!3d-20.946869!4d-48.478209!16s%2Fg%2F11bxb9qgtj!19sChIJx5z0UFXhu5QRKynrU-6dXkU?authuser=0&hl=pt-BR&g_ep=EgoyMDI2MDkzMC4wIJJjKgBIAVAD&rclk=1;97
Anel 2;São Carlos/SP;First Refrigeração;(16) 3367-7184;;firstdistribuidor@gmail.com;https://www.firstrefrigeracao.com.br/ | https://www.google.com/url;https://www.google.com/maps/place/First+Refrigera%C3%A7%C3%A3o/data=!4m7!3m6!1s0x94b8777cc87a3d8b:0x6213ebbe2cf8e70a!8m2!3d-22.0281848!4d-47.8972761!16s%2Fg%2F11tjqs8wvn!19sChIJiz16yHx3uJQRCuf4LL7rE2I?authuser=0&hl=pt-BR&g_ep=EgoyMDI2MDkzMC4wIJJjKgBIAVAD&rclk=1;96
Anel 2;Batatais/SP;Deposito 2 Irmaos;(16) 3761-1866;;;;https://www.google.com/maps/place/Deposito+2+Irmaos/data=!4m7!3m6!1s0x94b9fab97888c407:0x71a75edcd57a9269!8m2!3d-20.8997268!4d-47.5911439!16s%2Fg%2F11ggmrdsn3!19sChIJB8SIeLn6uZQRaZJ61dxep3E?authuser=0&hl=pt-BR&g_ep=EgoyMDI2MDkzMC4wIJJjKgBIAVAD&rclk=1;95
Anel 2;Batatais/SP;Lojas CEM;(16) 3662-3767;;;http://www.lojascem.com.br/ | https://www.instagram.com/lojascem;https://www.google.com/maps/place/Lojas+CEM/data=!4m7!3m6!1s0x94b9fa954b7e7fc9:0x9e92b02a4263eb0b!8m2!3d-20.8905258!4d-47.5867217!16s%2Fg%2F1ptwjx4hx!19sChIJyX9-S5X6uZQRC-tjQiqwkp4?authuser=0&hl=pt-BR&g_ep=EgoyMDI2MDkzMC4wIJJjKgBIAVAD&rclk=1;90
Anel 2;São Carlos/SP;Megaleste;(11) 2059-5959;;;http://www.megaleste.com.br/ | https://www.instagram.com/megaleste.oficial;https://www.google.com/maps/place/Megaleste/data=!4m7!3m6!1s0x94b8765859eeab0d:0x2b0977947b939fc6!8m2!3d-22.0391735!4d-47.8694127!16s%2Fg%2F11c6qdzhmn!19sChIJDavuWVh2uJQRxp-Te5R3CSs?authuser=0&hl=pt-BR&g_ep=EgoyMDI2MDkzMC4wIJJjKgBIAVAD&rclk=1;89
Anel 2;São Carlos/SP;Risc Tech - Casa, Decoração, Iluminação e Elétrica;(16) 3373-2200;;;https://meulink.com.vc/risc-tech-casa-decoracao-iluminacao-e-eletrica/;https://www.google.com/maps/place/Risc+Tech+-+Casa,+Decora%C3%A7%C3%A3o,+Ilumina%C3%A7%C3%A3o+e+El%C3%A9trica/data=!4m7!3m6!1s0x94b877226cee7731:0x45d014f35f19ed5d!8m2!3d-22.0234243!4d-47.8882642!16s%2Fg%2F1ptxt_4jy!19sChIJMXfubCJ3uJQRXe0ZX_MU0EU?authuser=0&hl=pt-BR&g_ep=EgoyMDI2MDkzMC4wIJJjKgBIAVAD&rclk=1;88
Anel 2;Mococa/SP;Eletrovolt Engenharia e Comércio;(19) 3656-0556;(19) 99291-7335;eletrovolt@eletrovolt.com;http://www.eletrovolt.com/;https://www.google.com/maps/place/Eletrovolt+Engenharia+e+Com%C3%A9rcio/data=!4m7!3m6!1s0x94b7b840bb32133d:0xfb27741f111b4075!8m2!3d-21.4773348!4d-47.0091677!16s%2Fg%2F1thhlm7c!19sChIJPRMyu0C4t5QRdUAbER90J_s?authuser=0&hl=pt-BR&g_ep=EgoyMDI2MDkzMC4wIJJjKgBIAVAD&rclk=1;87
Anel 2;Matão/SP;A.MIL Material para Construção;(16) 3384-3924;;;https://wa.me/message/RSJKNWQX2QMJD1 | https://www.instagram.com/whatsapp;https://www.google.com/maps/place/A.MIL+Material+para+Constru%C3%A7%C3%A3o/data=!4m7!3m6!1s0x94b8e1b72351d8ff:0x5306fc538e2d6ff3!8m2!3d-21.6294518!4d-48.3509508!16s%2Fg%2F11t9p8jw__!19sChIJ_9hRI7fhuJQR828tjlP8BlM?authuser=0&hl=pt-BR&g_ep=EgoyMDI2MDkzMC4wIJJjKgBIAVAD&rclk=1;86
Anel 2;Mococa/SP;Casa das Baterias | Mococa;(19) 3665-2167;(19) 99279-6453;;https://casadasbateriasoficial.com.br/ | https://www.instagram.com/casadasbaterias.oficial;https://www.google.com/maps/place/Casa+das+Baterias+%7C+Mococa/data=!4m7!3m6!1s0x94b7b9f15f21a4b5:0x7f01eaf4d62e18de!8m2!3d-21.4760948!4d-46.9999724!16s%2Fg%2F11gvy21qjd!19sChIJtaQhX_G5t5QR3hgu1vTqAX8?authuser=0&hl=pt-BR&g_ep=EgoyMDI2MDkzMC4wIJJjKgBIAVAD&rclk=1;84
Anel 2;Monte Alto/SP;Michelutti Comércio Ferramentas Implementos Agrícolas;(16) 3242-3111;;;;https://www.google.com/maps/place/Michelutti+Com%C3%A9rcio+Ferramentas+Implementos+Agr%C3%ADcolas/data=!4m7!3m6!1s0x94b946a996d2f2ab:0x15d3742e97861a26!8m2!3d-21.2640014!4d-48.5041742!16s%2Fg%2F1tlvqmry!19sChIJq_LSlqlGuZQRJhqGly500xU?authuser=0&hl=pt-BR&g_ep=EgoyMDI2MDkzMC4wIJJjKgBIAVAD&rclk=1;83
Anel 2;São Carlos/SP;PINHÉ - Automação, Elétrica & Eletrônica;(16) 3372-7207;(16) 3372-7207;;https://linktr.ee/pinhe | https://www.instagram.com/pinhe.oficial;https://www.google.com/maps/place/PINH%C3%89+-+Automa%C3%A7%C3%A3o,+El%C3%A9trica+%26+Eletr%C3%B4nica/data=!4m7!3m6!1s0x94b877393962d3e9:0x284c8762deb449bb!8m2!3d-22.0216901!4d-47.8986644!16s%2Fg%2F1tl8ltf7!19sChIJ6dNiOTl3uJQRu0m03mKHTCg?authuser=0&hl=pt-BR&g_ep=EgoyMDI2MDkzMC4wIJJjKgBIAVAD&rclk=1;82
Anel 2;Bebedouro/SP;Hidrogeral - Hidráulica E Acabamento;(17) 3342-5355;;;;https://www.google.com/maps/place/Hidrogeral+-+Hidr%C3%A1ulica+E+Acabamento/data=!4m7!3m6!1s0x94bbe46d2bebd363:0xb53d233f77d1cf8!8m2!3d-20.9381835!4d-48.4983686!16s%2Fg%2F1tdskw_r!19sChIJY9PrK23ku5QR-Bx99zPSUws?authuser=0&hl=pt-BR&g_ep=EgoyMDI2MDkzMC4wIJJjKgBIAVAD&rclk=1;81
Anel 2;São Carlos/SP;GERDIESEL GRD Comercial e Distribuidora de Peças;(16) 3375-1082;;;;https://www.google.com/maps/place/GERDIESEL+GRD+Comercial+e+Distribuidora+de+Pe%C3%A7as/data=!4m7!3m6!1s0x94b8770f767bb9e7:0x12f1042391e8867f!8m2!3d-22.0378817!4d-47.8931103!16s%2Fg%2F11c4c0wp9b!19sChIJ57l7dg93uJQRf4bokSME8RI?authuser=0&hl=pt-BR&g_ep=EgoyMDI2MDkzMC4wIJJjKgBIAVAD&rclk=1;79
Anel 2;São Carlos/SP;Eletro Nacional;(16) 3413-5257;;;;https://www.google.com/maps/place/Eletro+Nacional/data=!4m7!3m6!1s0x94b87724984824fd:0x1315b21e6e46bb6c!8m2!3d-22.0195724!4d-47.8907892!16s%2Fg%2F11bwh9_92x!19sChIJ_SRImCR3uJQRbLtGbh6yFRM?authuser=0&hl=pt-BR&g_ep=EgoyMDI2MDkzMC4wIJJjKgBIAVAD&rclk=1;78
Anel 2;Batatais/SP;Auto Eletrica 3 Irmãos Batatais;(16) 3662-6075;;;;https://www.google.com/maps/place/Auto+Eletrica+3+Irm%C3%A3os+Batatais/data=!4m7!3m6!1s0x94b9fb7a04c1f191:0x6ad3670ace9f2fee!8m2!3d-20.8922424!4d-47.5998855!16s%2Fg%2F11h6g7lrd4!19sChIJkfHBBHr7uZQR7i-fzgpn02o?authuser=0&hl=pt-BR&g_ep=EgoyMDI2MDkzMC4wIJJjKgBIAVAD&rclk=1;77
Anel 2;Batatais/SP;Eletro Service Assistência Técnica Autorizada;(16) 3662-4040;;;https://www.facebook.com/eletro.ervice;https://www.google.com/maps/place/Eletro+Service+Assist%C3%AAncia+T%C3%A9cnica+Autorizada/data=!4m7!3m6!1s0x94b9fb4c2fcea9e7:0xe7241986aac41db7!8m2!3d-20.8909068!4d-47.5875292!16s%2Fg%2F11h1mg378f!19sChIJ56nOL0z7uZQRtx3EqoYZJOc?authuser=0&hl=pt-BR&g_ep=EgoyMDI2MDkzMC4wIJJjKgBIAVAD&rclk=1;76
Anel 2;Franca/SP;Franpel Distribuidora de Peças Automotivas;(16) 3721-6688;;;https://franpel.com.br/;https://www.google.com/maps/place/Franpel+Distribuidora+de+Pe%C3%A7as+Automotivas/data=!4m7!3m6!1s0x94b0a7aa3dbf38cf:0x74634bb77be46eaf!8m2!3d-20.5155884!4d-47.4148904!16s%2Fg%2F1ptytdq46!19sChIJzzi_PaqnsJQRr27ke7dLY3Q?authuser=0&hl=pt-BR&g_ep=EgoyMDI2MDkzMC4wIJJjKgBIAVAD&rclk=1;76
Anel 2;Batatais/SP;JNB Elétrica Casa & Lazer;(16) 3761-1723;;;https://www.eletricacasaelazer.com.br/;https://www.google.com/maps/place/JNB+El%C3%A9trica+Casa+%26+Lazer/data=!4m7!3m6!1s0x94b9fada9c1befab:0x64688fc19baf3689!8m2!3d-20.8976337!4d-47.5740044!16s%2Fg%2F1ptyy2hks!19sChIJq-8bnNr6uZQRiTavm8GPaGQ?authuser=0&hl=pt-BR&g_ep=EgoyMDI2MDkzMC4wIJJjKgBIAVAD&rclk=1;74
Anel 2;Araraquara/SP;Morvillo Atacado | Araraquara;(16) 3301-0300;;comercial.atacado@morvillo.com.br;http://www.morvillo.com.br/morvilloatacado | https://www.instagram.com/morvilloatacado;https://www.google.com/maps/place/Morvillo+Atacado+%7C+Araraquara/data=!4m7!3m6!1s0x94b8f38c726ae34f:0xdb55cd3e337c52ec!8m2!3d-21.8046899!4d-48.1651133!16s%2Fg%2F1ts1tb34!19sChIJT-NqcozzuJQR7FJ8Mz7NVds?authuser=0&hl=pt-BR&g_ep=EgoyMDI2MDkzMC4wIJJjKgBIAVAD&rclk=1;72
Anel 2;Santa Rita do Passa Quatro/SP;Bianca Bianchi Perfumaria e Cosméticos;;(19) 99194-2271;;;https://www.google.com/maps/place/Bianca+Bianchi+Perfumaria+e+Cosm%C3%A9ticos/data=!4m7!3m6!1s0x94b81f0137114e87:0x1f926f52d6a9c1cb!8m2!3d-21.7080583!4d-47.4791062!16s%2Fg%2F11ympq2db4!19sChIJh04RNwEfuJQRy8Gp1lJvkh8?authuser=0&hl=pt-BR&g_ep=EgoyMDI2MDkzMC4wIJJjKgBIAVAD&rclk=1;72
Anel 2;Bebedouro/SP;Melchior Materiais para Construção;(17) 3342-3351;;;;https://www.google.com/maps/place/Melchior+Materiais+para+Constru%C3%A7%C3%A3o/data=!4m7!3m6!1s0x94bbe165e52a2c77:0x5472a66a43925fab!8m2!3d-20.9651151!4d-48.4704029!16s%2Fg%2F1v3j028p!19sChIJdywq5WXhu5QRq1-SQ2qmclQ?authuser=0&hl=pt-BR&g_ep=EgoyMDI2MDkzMC4wIJJjKgBIAVAD&rclk=1;71
Anel 2;Monte Alto/SP;Lojas Françolin - Materiais de Construção;;(16) 99771-3401;;https://www.instagram.com/lojasfrancolin;https://www.google.com/maps/place/Lojas+Fran%C3%A7olin+-+Materiais+de+Constru%C3%A7%C3%A3o/data=!4m7!3m6!1s0x94b947247f502eeb:0x1f45eecedb998c0d!8m2!3d-21.2607661!4d-48.4880835!16s%2Fg%2F11gjjw03g_!19sChIJ6y5QfyRHuZQRDYyZ287uRR8?authuser=0&hl=pt-BR&g_ep=EgoyMDI2MDkzMC4wIJJjKgBIAVAD&rclk=1;71
Anel 2;Taquaritinga/SP;Casa Brasil;(16) 3252-2213;;;https://www.lojalocal.com/quartzolit/06264434000185;https://www.google.com/maps/place/Casa+Brasil/data=!4m7!3m6!1s0x94b9396fadb92565:0xf701501a34249248!8m2!3d-21.4086316!4d-48.5067455!16s%2Fg%2F11c52jh7l8!19sChIJZSW5rW85uZQRSJIkNBpQAfc?authuser=0&hl=pt-BR&g_ep=EgoyMDI2MDkzMC4wIJJjKgBIAVAD&rclk=1;71
Anel 2;Franca/SP;Eletro Pires;(16) 3711-3777;;;http://www.eletropires.com.br/;https://www.google.com/maps/place/Eletro+Pires/data=!4m7!3m6!1s0x94b0a623fd0c2329:0x1dcf9e6c0cb6975c!8m2!3d-20.5345638!4d-47.4095075!16s%2Fg%2F1ptwwyk20!19sChIJKSMM_SOmsJQRXJe2DGyezx0?authuser=0&hl=pt-BR&g_ep=EgoyMDI2MDkzMC4wIJJjKgBIAVAD&rclk=1;69
Anel 2;São Carlos/SP;Comercial Ricetti - Casa e Construção;(16) 3415-3020;;;;https://www.google.com/maps/place/Comercial+Ricetti+-+Casa+e+Constru%C3%A7%C3%A3o/data=!4m7!3m6!1s0x94b876e4c8b67d51:0x68fbc8f9fee561ed!8m2!3d-22.0293215!4d-47.8757723!16s%2Fg%2F11bx742n5n!19sChIJUX22yOR2uJQR7WHl_vnI-2g?authuser=0&hl=pt-BR&g_ep=EgoyMDI2MDkzMC4wIJJjKgBIAVAD&rclk=1;68
Anel 2;Mococa/SP;Viva Acabamentos - Mococa;(19) 3665-2118;;;http://www.vivaacabamentos.com.br/;https://www.google.com/maps/place/Viva+Acabamentos+-+Mococa/data=!4m7!3m6!1s0x94b7b837eb3b7f23:0x4072858e333b3124!8m2!3d-21.488806!4d-47.0087278!16s%2Fg%2F1ptw2y1lc!19sChIJI3876ze4t5QRJDE7M46FckA?authuser=0&hl=pt-BR&g_ep=EgoyMDI2MDkzMC4wIJJjKgBIAVAD&rclk=1;68
Anel 2;São Carlos/SP;ELF - Casa Do Eletricista;(16) 3362-9877;(16) 3362-9877;;http://www.elfeletrica.com.br/;https://www.google.com/maps/place/ELF+-+Casa+Do+Eletricista/data=!4m7!3m6!1s0x94b8773a15cda393:0x137abbfb81c5cf6d!8m2!3d-22.0179794!4d-47.8961069!16s%2Fg%2F11b8_mrsts!19sChIJk6PNFTp3uJQRbc_Fgfu7ehM?authuser=0&hl=pt-BR&g_ep=EgoyMDI2MDkzMC4wIJJjKgBIAVAD&rclk=1;67
Anel 2;Bebedouro/SP;VIZICATO PEÇAS E OFICINA MECANICA PARA CAMINHOES;(17) 3342-7221;;;;https://www.google.com/maps/place/VIZICATO+PE%C3%87AS+E+OFICINA+MECANICA+PARA+CAMINHOES/data=!4m7!3m6!1s0x94bbe117620e7a9d:0x428480dabda822d4!8m2!3d-20.9316725!4d-48.4622582!16s%2Fg%2F1ptw926g2!19sChIJnXoOYhfhu5QR1CKovdqAhEI?authuser=0&hl=pt-BR&g_ep=EgoyMDI2MDkzMC4wIJJjKgBIAVAD&rclk=1;65
Anel 2;Santa Rita do Passa Quatro/SP;Casa Quaglio;(19) 3584-5883;;;http://casaquaglio.com.br/;https://www.google.com/maps/place/Casa+Quaglio/data=!4m7!3m6!1s0x94b81f396221b52f:0xe178bb7da7d7e2be!8m2!3d-21.7062831!4d-47.4801771!16s%2Fg%2F11fm19p7xq!19sChIJL7UhYjkfuJQRvuLXp327eOE?authuser=0&hl=pt-BR&g_ep=EgoyMDI2MDkzMC4wIJJjKgBIAVAD&rclk=1;65
Anel 2;Mococa/SP;Casa Yê Construção CYC | Materiais De Construção | Ferragens | Elétrica | Hidráulica;;(19) 99837-2570;;https://www.instagram.com/casayeconstrucao/;https://www.google.com/maps/place/Casa+Y%C3%AA+Constru%C3%A7%C3%A3o+CYC+%7C+Materiais+De+Constru%C3%A7%C3%A3o+%7C+Ferragens+%7C+El%C3%A9trica+%7C+Hidr%C3%A1ulica/data=!4m7!3m6!1s0x94b7b9d5593b54fb:0x6dd7ec9cc7ecb2db!8m2!3d-21.4952509!4d-47.008159!16s%2Fg%2F11m7qnr2x6!19sChIJ-1Q7WdW5t5QR27Lsx5zs120?authuser=0&hl=pt-BR&g_ep=EgoyMDI2MDkzMC4wIJJjKgBIAVAD&rclk=1;65
Anel 2;São Carlos/SP;Chumbo Eletro Part´s LTDA;;(16) 99753-2526;;http://wa.me/5516997532526 | https://www.instagram.com/whatsapp;https://www.google.com/maps/place/Chumbo+Eletro+Part%C2%B4s+LTDA/data=!4m7!3m6!1s0x94b877062fe85549:0x6ee8f1670781d5d0!8m2!3d-22.041965!4d-47.8913866!16s%2Fg%2F1trxlcrd!19sChIJSVXoLwZ3uJQR0NWBB2fx6G4?authuser=0&hl=pt-BR&g_ep=EgoyMDI2MDkzMC4wIJJjKgBIAVAD&rclk=1;64
Anel 2;Franca/SP;R2 hidráulicos e elétricos;;(16) 99236-4330;;https://r2-hidraulicos-e-eletricos.negocio.site/?utm_source=gmb&utm_medium=referral;https://www.google.com/maps/place/R2+hidr%C3%A1ulicos+e+el%C3%A9tricos/data=!4m7!3m6!1s0x94b0a9432d4e03bb:0xf36322cb4ecdf13d!8m2!3d-20.5762853!4d-47.3761865!16s%2Fg%2F11p74d_cmz!19sChIJuwNOLUOpsJQRPfHNTssiY_M?authuser=0&hl=pt-BR&g_ep=EgoyMDI2MDkzMC4wIJJjKgBIAVAD&rclk=1;62
Anel 2;Matão/SP;Prajá Materiais Elétricos e Hidráulicos;(16) 3382-7634;;;https://prajamateriais.vercel.app/;https://www.google.com/maps/place/Praj%C3%A1+Materiais+El%C3%A9tricos+e+Hidr%C3%A1ulicos/data=!4m7!3m6!1s0x94b91f15d7404885:0x1e278ff7e65040b4!8m2!3d-21.6084519!4d-48.3600428!16s%2Fg%2F11fq87pwqc!19sChIJhUhA1xUfuZQRtEBQ5vePJx4?authuser=0&hl=pt-BR&g_ep=EgoyMDI2MDkzMC4wIJJjKgBIAVAD&rclk=1;58
Anel 2;Franca/SP;Fiocom Automação Industrial;(16) 3727-4898;;;http://www.fiocom.com.br/;https://www.google.com/maps/place/Fiocom+Automa%C3%A7%C3%A3o+Industrial/data=!4m7!3m6!1s0x94b0a64296ac156d:0xc8702a8264112f2!8m2!3d-20.5171394!4d-47.3911592!16s%2Fg%2F11h084p3g!19sChIJbRWslkKmsJQR8hJBJqgChww?authuser=0&hl=pt-BR&g_ep=EgoyMDI2MDkzMC4wIJJjKgBIAVAD&rclk=1;58
Anel 2;São Carlos/SP;Conexão Materiais Eletricos e Hidraulicos;(16) 3366-9539;;;;https://www.google.com/maps/place/Conex%C3%A3o+Materiais+Eletricos+e+Hidraulicos/data=!4m7!3m6!1s0x94b8774c9b916533:0x24c818a96a04d43a!8m2!3d-22.0168555!4d-47.8809866!16s%2Fg%2F11qk7d41lt!19sChIJM2WRm0x3uJQROtQEaqkYyCQ?authuser=0&hl=pt-BR&g_ep=EgoyMDI2MDkzMC4wIJJjKgBIAVAD&rclk=1;55
Anel 2;Monte Alto/SP;Martins Materiais para Contrução;;(16) 99601-3460;;;https://www.google.com/maps/place/Martins+Materiais+para+Contru%C3%A7%C3%A3o/data=!4m7!3m6!1s0x94b9470e783a49f1:0xe31c598e38a0897a!8m2!3d-21.2596704!4d-48.4825088!16s%2Fg%2F11gk8pc96p!19sChIJ8Uk6eA5HuZQReomgOI5ZHOM?authuser=0&hl=pt-BR&g_ep=EgoyMDI2MDkzMC4wIJJjKgBIAVAD&rclk=1;54
Anel 2;Araraquara/SP;CASA FORTE;(16) 3337-5000;;;http://facebook.com/casaforteararaquara;https://www.google.com/maps/place/CASA+FORTE/data=!4m7!3m6!1s0x94b8f41d922fd629:0x5fe1f25292985afd!8m2!3d-21.7765069!4d-48.1462452!16s%2Fg%2F1tfcv9_3!19sChIJKdYvkh30uJQR_VqYklLy4V8?authuser=0&hl=pt-BR&g_ep=EgoyMDI2MDkzMC4wIJJjKgBIAVAD&rclk=1;54
Anel 2;Taquaritinga/SP;Felipe Materiais - Taquaritinga;(16) 3253-6700;;;https://felipemateriais.com.br/;https://www.google.com/maps/place/Felipe+Materiais+-+Taquaritinga/data=!4m7!3m6!1s0x94b9396da8ca6283:0x8a045897feece2f2!8m2!3d-21.4094868!4d-48.5075691!16s%2Fg%2F1t_h_29y!19sChIJg2LKqG05uZQR8uLs_pdYBIo?authuser=0&hl=pt-BR&g_ep=EgoyMDI2MDkzMC4wIJJjKgBIAVAD&rclk=1;54
Anel 2;Mococa/SP;Tikão Embalagens;(19) 3656-1593;;;;https://www.google.com/maps/place/Tik%C3%A3o+Embalagens/data=!4m7!3m6!1s0x94b7b8403361c969:0x1fa06535c1dad95e!8m2!3d-21.47447!4d-47.0022904!16s%2Fg%2F11b8tbzy5f!19sChIJaclhM0C4t5QRXtnawTVloB8?authuser=0&hl=pt-BR&g_ep=EgoyMDI2MDkzMC4wIJJjKgBIAVAD&rclk=1;54
Anel 2;Bebedouro/SP;NOVA ELÉTRICA - JC Maia Comércio de Materiais Elétricos Ltda.;(17) 3343-2940;;;;https://www.google.com/maps/place/NOVA+EL%C3%89TRICA+-+JC+Maia+Com%C3%A9rcio+de+Materiais+El%C3%A9tricos+Ltda./data=!4m7!3m6!1s0x94bbe3fffad8927b:0x4f7ac866ffdca9ce!8m2!3d-20.9467423!4d-48.4793625!16s%2Fg%2F1tph2v8l!19sChIJe5LY-v_ju5QRzqnc_2bIek8?authuser=0&hl=pt-BR&g_ep=EgoyMDI2MDkzMC4wIJJjKgBIAVAD&rclk=1;52
Anel 2;São Carlos/SP;Palácio do LED;(16) 3374-6928;;;https://www.facebook.com/palaciodoled/;https://www.google.com/maps/place/Pal%C3%A1cio+do+LED/data=!4m7!3m6!1s0x94b877c72a51179f:0xbbe244c571c82c!8m2!3d-22.0183412!4d-47.8951436!16s%2Fg%2F11pzrs48mg!19sChIJnxdRKsd3uJQRLMhxxUTiuwA?authuser=0&hl=pt-BR&g_ep=EgoyMDI2MDkzMC4wIJJjKgBIAVAD&rclk=1;52
Anel 2;Mococa/SP;Resoluto Casa Construção Soluções Elétricas;(19) 3656-2986;;;https://resolutocce.com.br/;https://www.google.com/maps/place/Resoluto+Casa+Constru%C3%A7%C3%A3o+Solu%C3%A7%C3%B5es+El%C3%A9tricas/data=!4m7!3m6!1s0x94b7b9474356ba69:0x9afb10f5496b3767!8m2!3d-21.4760899!4d-46.9983959!16s%2Fg%2F11qpqgm66f!19sChIJabpWQ0e5t5QRZzdrSfUQ-5o?authuser=0&hl=pt-BR&g_ep=EgoyMDI2MDkzMC4wIJJjKgBIAVAD&rclk=1;52
Anel 2;São Carlos/SP;Jomax Com Materiais Elétricos Hidraúlicos;(16) 3361-2070;;;;https://www.google.com/maps/place/Jomax+Com+Materiais+El%C3%A9tricos+Hidra%C3%BAlicos/data=!4m7!3m6!1s0x94b870c8af70305f:0x7c85043eb558ad8d!8m2!3d-21.9980322!4d-47.8980083!16s%2Fg%2F1vxcxh_2!19sChIJXzBwr8hwuJQRja1YtT4EhXw?authuser=0&hl=pt-BR&g_ep=EgoyMDI2MDkzMC4wIJJjKgBIAVAD&rclk=1;48
Anel 2;Jaboticabal/SP;Maqtronic Informática;(16) 3202-0080;;;http://maqtronic.com.br/;https://www.google.com/maps/place/Maqtronic+Inform%C3%A1tica/data=!4m7!3m6!1s0x94b96b628e17c079:0xadbdb0407a9117bf!8m2!3d-21.2585116!4d-48.3189538!16s%2Fg%2F11b6hsgbcd!19sChIJecAXjmJruZQRvxeRekCwva0?authuser=0&hl=pt-BR&g_ep=EgoyMDI2MDkzMC4wIJJjKgBIAVAD&rclk=1;47
Anel 2;São Carlos/SP;Fermaq São Carlos;(16) 3371-7343;;;https://drive.google.com/file/d/13lliNisMPivbXAsER_QxhPHx3VvGAyEA/view?usp=sharing;https://www.google.com/maps/place/Fermaq+S%C3%A3o+Carlos/data=!4m7!3m6!1s0x94b87723f8579097:0x84d51d7f9caace61!8m2!3d-22.0192757!4d-47.887622!16s%2Fg%2F11dxbmy_t8!19sChIJl5BX-CN3uJQRYc6qnH8d1YQ?authuser=0&hl=pt-BR&g_ep=EgoyMDI2MDkzMC4wIJJjKgBIAVAD&rclk=1;47
Anel 2;Batatais/SP;JR AUTO - Peças e Serviços (Auto Elétrica JR);(16) 3662-4201;;;;https://www.google.com/maps/place/JR+AUTO+-+Pe%C3%A7as+e+Servi%C3%A7os+%28Auto+El%C3%A9trica+JR%29/data=!4m7!3m6!1s0x94b9fa84931158c5:0xba488c6db1e7a306!8m2!3d-20.8835166!4d-47.6001895!16s%2Fg%2F11gf0pkrgr!19sChIJxVgRk4T6uZQRBqPnsW2MSLo?authuser=0&hl=pt-BR&g_ep=EgoyMDI2MDkzMC4wIJJjKgBIAVAD&rclk=1;46
Anel 2;Araraquara/SP;MLG Materiais Elétricos e Hidráulicos Ltda;;(16) 99279-0309;;http://mlgeletricos.com.br/ | https://www.instagram.com/mlgeletricos;https://www.google.com/maps/place/MLG+Materiais+El%C3%A9tricos+e+Hidr%C3%A1ulicos+Ltda/data=!4m7!3m6!1s0x94b8f7c33a9c39bb:0xfa5cecf7f34fc6f6!8m2!3d-21.7774907!4d-48.1791935!16s%2Fg%2F11qbv8vdyn!19sChIJuzmcOsP3uJQR9sZP8_fsXPo?authuser=0&hl=pt-BR&g_ep=EgoyMDI2MDkzMC4wIJJjKgBIAVAD&rclk=1;46
Anel 2;Santa Rita do Passa Quatro/SP;Azulinha Aviamentos;(19) 3584-4796;;;;https://www.google.com/maps/place/Azulinha+Aviamentos/data=!4m7!3m6!1s0x94b81e6614d71a59:0xee2d2296984368a!8m2!3d-21.7067523!4d-47.4796878!16s%2Fg%2F11c6sb0v5j!19sChIJWRrXFGYeuJQRijaEaSnS4g4?authuser=0&hl=pt-BR&g_ep=EgoyMDI2MDkzMC4wIJJjKgBIAVAD&rclk=1;46
Anel 2;Batatais/SP;R.S Auto Elétrica E Mecânica;(16) 3761-4777;;;https://www.instagram.com/rsautoeletricamecanica/;https://www.google.com/maps/place/R.S+Auto+El%C3%A9trica+E+Mec%C3%A2nica/data=!4m7!3m6!1s0x94b9fb932077280d:0x518d0e0170ac789f!8m2!3d-20.8945448!4d-47.5812162!16s%2Fg%2F11nx2ws0p6!19sChIJDSh3IJP7uZQRn3iscAEOjVE?authuser=0&hl=pt-BR&g_ep=EgoyMDI2MDkzMC4wIJJjKgBIAVAD&rclk=1;45
Anel 2;Monte Alto/SP;Ferralto - Materiais Elétricos, Hidráulicos, EPI, Ferramentas, Máquinas;(16) 3242-6571;;;http://www.ferralto.com.br/;https://www.google.com/maps/place/Ferralto+-+Materiais+El%C3%A9tricos,+Hidr%C3%A1ulicos,+EPI,+Ferramentas,+M%C3%A1quinas/data=!4m7!3m6!1s0x94b946a9cdaeb07b:0xf45b8a2365efe733!8m2!3d-21.2595965!4d-48.4860921!16s%2Fg%2F11rvt3x58!19sChIJe7CuzalGuZQRM-fvZSOKW_Q?authuser=0&hl=pt-BR&g_ep=EgoyMDI2MDkzMC4wIJJjKgBIAVAD&rclk=1;45
Anel 2;São Carlos/SP;Lumiah - Materiais Elétricos e Iluminação;;(16) 99711-8748;;http://www.lumiah.com.br/ | https://instagram.com/lumiaheletrica;https://www.google.com/maps/place/Lumiah+-+Materiais+El%C3%A9tricos+e+Ilumina%C3%A7%C3%A3o/data=!4m7!3m6!1s0x94b870b6358ef843:0xebe67cf4ff6deaa6!8m2!3d-22.0024722!4d-47.9032748!16s%2Fg%2F11c3tjs170!19sChIJQ_iONbZwuJQRpupt__R85us?authuser=0&hl=pt-BR&g_ep=EgoyMDI2MDkzMC4wIJJjKgBIAVAD&rclk=1;45
Anel 2;Santa Rita do Passa Quatro/SP;Casa do Construtor Santa Rita do Passa Quatro;;(19) 99897-0412;paulopferreira@casadoconstrutor.com.br;https://www.casadoconstrutor.com.br/loja/santa-rita-do-passa-quatro | https://www.instagram.com/casadoconstrutor;https://www.google.com/maps/place/Casa+do+Construtor+Santa+Rita+do+Passa+Quatro/data=!4m7!3m6!1s0x94b81e67a651bf87:0x40862379afe37ef0!8m2!3d-21.7050206!4d-47.4807394!16s%2Fg%2F11b699m1g5!19sChIJh79RpmceuJQR8H7jr3kjhkA?authuser=0&hl=pt-BR&g_ep=EgoyMDI2MDkzMC4wIJJjKgBIAVAD&rclk=1;44
Anel 2;Batatais/SP;Mult Coisas Ferragens & Ferramentas;(16) 3761-0060;;;;https://www.google.com/maps/place/Mult+Coisas+Ferragens+%26+Ferramentas/data=!4m7!3m6!1s0x94b9fbb8cd1cfbf9:0x32d7d7d1a0fb7403!8m2!3d-20.8973006!4d-47.5842527!16s%2Fg%2F11hy_1wtfw!19sChIJ-fsczbj7uZQRA3T7oNHX1zI?authuser=0&hl=pt-BR&g_ep=EgoyMDI2MDkzMC4wIJJjKgBIAVAD&rclk=1;43
Anel 2;Bebedouro/SP;Jertec Iluminação e Automação;;(17) 99257-7337;;http://www.jerteciluminacao.com.br/;https://www.google.com/maps/place/Jertec+Ilumina%C3%A7%C3%A3o+e+Automa%C3%A7%C3%A3o/data=!4m7!3m6!1s0x94bbe59a410766b9:0xe25742de2b5e5492!8m2!3d-20.9448035!4d-48.4825086!16s%2Fg%2F11fn49pzcl!19sChIJuWYHQZrlu5QRklReK95CV-I?authuser=0&hl=pt-BR&g_ep=EgoyMDI2MDkzMC4wIJJjKgBIAVAD&rclk=1;43
Anel 2;Santa Rita do Passa Quatro/SP;Ritmo Auto Elétrica;(19) 3584-4812;;;;https://www.google.com/maps/place/Ritmo+Auto+El%C3%A9trica/data=!4m7!3m6!1s0x94b81e6046098883:0xdaf00b6d59ceb4c3!8m2!3d-21.7071537!4d-47.4866878!16s%2Fg%2F11hyn8mjyc!19sChIJg4gJRmAeuJQRw7TOWW0L8No?authuser=0&hl=pt-BR&g_ep=EgoyMDI2MDkzMC4wIJJjKgBIAVAD&rclk=1;43
Anel 2;Monte Alto/SP;Loja do Salla;(16) 3243-2424;(16) 99313-4212;;https://www.lojadosalla.com.br/;https://www.google.com/maps/place/Loja+do+Salla/data=!4m7!3m6!1s0x94b94573437fb00b:0x4ee40c08addaf74e!8m2!3d-21.2582995!4d-48.4869857!16s%2Fg%2F11hgjqz_pl!19sChIJC7B_Q3NFuZQRTvfarQgM5E4?authuser=0&hl=pt-BR&g_ep=EgoyMDI2MDkzMC4wIJJjKgBIAVAD&rclk=1;42
Anel 2;Matão/SP;Ta Na Mão Materiais Elétricos e Hidráulicos;(16) 2016-3177;;;;https://www.google.com/maps/place/Ta+Na+M%C3%A3o+Materiais+El%C3%A9tricos+e+Hidr%C3%A1ulicos/data=!4m7!3m6!1s0x94b91f4a935418cd:0x2eb6ff1bde8c650c!8m2!3d-21.5873873!4d-48.3766315!16s%2Fg%2F11rf9m_tvf!19sChIJzRhUk0ofuZQRDGWM3hv_ti4?authuser=0&hl=pt-BR&g_ep=EgoyMDI2MDkzMC4wIJJjKgBIAVAD&rclk=1;42
Anel 2;Matão/SP;Cermig Máquinas e Ferramentas;(16) 2016-2020;(16) 99753-4881;vendas@cermig.com.br;http://www.cermig.com.br/ | https://www.instagram.com/cermig;https://www.google.com/maps/place/Cermig+M%C3%A1quinas+e+Ferramentas/data=!4m7!3m6!1s0x94b8e1cc0336789f:0xa8012631ec6e8cf3!8m2!3d-21.6148057!4d-48.3662328!16s%2Fg%2F11gzcvkwy!19sChIJn3g2A8zhuJQR84xu7DEmAag?authuser=0&hl=pt-BR&g_ep=EgoyMDI2MDkzMC4wIJJjKgBIAVAD&rclk=1;42
Anel 2;Matão/SP;Alegranci Ferramentas e Utilidades em Geral;(16) 3384-2848;(16) 99159-9287;alegrancimatao@gmail.com;http://www.alegranci.com.br/ | https://www.instagram.com;https://www.google.com/maps/place/Alegranci+Ferramentas+e+Utilidades+em+Geral/data=!4m7!3m6!1s0x94b8e1c690dc01eb:0x8339a996d7a6defb!8m2!3d-21.6200733!4d-48.3455467!16s%2Fg%2F11c55v0sjn!19sChIJ6wHckMbhuJQR-96m15apOYM?authuser=0&hl=pt-BR&g_ep=EgoyMDI2MDkzMC4wIJJjKgBIAVAD&rclk=1;42
Anel 2;Santa Rita do Passa Quatro/SP;Agrocitrus Agropecuária Santa Rita do Passa Quatro;(19) 3582-2491;;;;https://www.google.com/maps/place/Agrocitrus+Agropecu%C3%A1ria+Santa+Rita+do+Passa+Quatro/data=!4m7!3m6!1s0x94b81e68a4e42a75:0xdd2ec0803cb6ce6e!8m2!3d-21.7064663!4d-47.4779484!16s%2Fg%2F11hchtttj8!19sChIJdSrkpGgeuJQRbs62PIDALt0?authuser=0&hl=pt-BR&g_ep=EgoyMDI2MDkzMC4wIJJjKgBIAVAD&rclk=1;42
Anel 2;Matão/SP;Comercial Polo;(16) 3382-5321;(16) 99714-5321;administrativo@comercialpolo.com.br;http://www.comercialpolo.com.br/;https://www.google.com/maps/place/Comercial+Polo/data=!4m7!3m6!1s0x94b8e1d55358f2a9:0xbb9e0dd4664a8ed8!8m2!3d-21.6090132!4d-48.3588346!16s%2Fg%2F11gfd0yq1v!19sChIJqfJYU9XhuJQR2I5KZtQNnrs?authuser=0&hl=pt-BR&g_ep=EgoyMDI2MDkzMC4wIJJjKgBIAVAD&rclk=1;41
Anel 2;Guarujá/SP;Casa do Eletricista Pitangueiras | Materiais Elétricos e Construção Guarujá;(13) 3384-3713;;;https://www.instagram.com/invites/contact/?i=10l1nfgm5e9sg&utm_content=bu826uc;https://www.google.com/maps/place/Casa+do+Eletricista+Pitangueiras+%7C+Materiais+El%C3%A9tricos+e+Constru%C3%A7%C3%A3o+Guaruj%C3%A1/data=!4m7!3m6!1s0x94ce0138f49dbbff:0x16826fc8983f55b5!8m2!3d-23.9984733!4d-46.2634336!16s%2Fg%2F11fjtqp4zf!19sChIJ_7ud9DgBzpQRtVU_mMhvghY?authuser=0&hl=pt-BR&g_ep=EgoyMDI2MDkzMC4wIJJjKgBIAVAD&rclk=1;41
Anel 2;Santa Rita do Passa Quatro/SP;Eletro Eletrônica Bolinha - Sky Santa Rita;(19) 3582-2769;;;;https://www.google.com/maps/place/Eletro+Eletr%C3%B4nica+Bolinha+-+Sky+Santa+Rita/data=!4m7!3m6!1s0x94b81e66cab21ee9:0xe96ab6846a953c27!8m2!3d-21.7077203!4d-47.4833517!16s%2Fg%2F11g6_1x93p!19sChIJ6R6yymYeuJQRJzyVaoS2auk?authuser=0&hl=pt-BR&g_ep=EgoyMDI2MDkzMC4wIJJjKgBIAVAD&rclk=1;41
Anel 2;Jaboticabal/SP;ROCHA MATERIAIS;(16) 3204-1076;;;https://www.instagram.com/rochamateriaisoficial/;https://www.google.com/maps/place/ROCHA+MATERIAIS/data=!4m7!3m6!1s0x94b96c9a55555555:0x4027d88df13934ff!8m2!3d-21.2610002!4d-48.3185184!16s%2Fg%2F11bvt32706!19sChIJVVVVVZpsuZQR_zQ58Y3YJ0A?authuser=0&hl=pt-BR&g_ep=EgoyMDI2MDkzMC4wIJJjKgBIAVAD&rclk=1;40
Anel 2;Matão/SP;AG Materiais Elétricos & Iluminação Decorativa (Loja 02);(16) 3389-3239;;;https://fidelidade.agmateriais.com.br/;https://www.google.com/maps/place/AG+Materiais+El%C3%A9tricos+%26+Ilumina%C3%A7%C3%A3o+Decorativa+%28Loja+02%29/data=!4m7!3m6!1s0x94b8e1d45c6a6bff:0xf6358b6d9b85e73e!8m2!3d-21.6082453!4d-48.3545342!16s%2Fg%2F11h0h1p22t!19sChIJ_2tqXNThuJQRPueFm22LNfY?authuser=0&hl=pt-BR&g_ep=EgoyMDI2MDkzMC4wIJJjKgBIAVAD&rclk=1;40
Anel 2;Franca/SP;Riberfran Materiais Eletricos;(16) 3700-7060;;;;https://www.google.com/maps/place/Riberfran+Materiais+Eletricos/data=!4m7!3m6!1s0x94b0a7aa350e9ac5:0x7f30149ce013017f!8m2!3d-20.5440031!4d-47.3975652!16s%2Fg%2F11gxtkd0b7!19sChIJxZoONaqnsJQRfwET4JwUMH8?authuser=0&hl=pt-BR&g_ep=EgoyMDI2MDkzMC4wIJJjKgBIAVAD&rclk=1;40
Anel 2;Franca/SP;Atacado Eletrônicos E Acessórios;;(16) 99379-2518;;;https://www.google.com/maps/place/Atacado+Eletr%C3%B4nicos+E+Acess%C3%B3rios/data=!4m7!3m6!1s0x94b0a62f9404b347:0x55aef72d27ed37f8!8m2!3d-20.5392414!4d-47.4009207!16s%2Fg%2F11sfrr95q5!19sChIJR7MElC-msJQR-DftJy33rlU?authuser=0&hl=pt-BR&g_ep=EgoyMDI2MDkzMC4wIJJjKgBIAVAD&rclk=1;40
Anel 2;São Simão/SP;Avenida Gás & Bebidas;(16) 3984-2460;;;;https://www.google.com/maps/place/Avenida+G%C3%A1s+%26+Bebidas/data=!4m7!3m6!1s0x94b82f02ca147757:0x20fd50f1cde35a3d!8m2!3d-21.478809!4d-47.5572533!16s%2Fg%2F11c1nxx5g0!19sChIJV3cUygIvuJQRPVrjzfFQ_SA?authuser=0&hl=pt-BR&g_ep=EgoyMDI2MDkzMC4wIJJjKgBIAVAD&rclk=1;40
Anel 2;São Carlos/SP;Godoy Materiais para Construção - São Carlos SP;;(16) 99141-7549;;https://www.godoymateriais.com.br/;https://www.google.com/maps/place/Godoy+Materiais+para+Constru%C3%A7%C3%A3o+-+S%C3%A3o+Carlos+SP/data=!4m7!3m6!1s0x94b876d18eaf9d29:0x30def4fa5e72fab7!8m2!3d-22.0039635!4d-47.8739735!16s%2Fg%2F1tdfpc9f!19sChIJKZ2vjtF2uJQRt_pyXvr03jA?authuser=0&hl=pt-BR&g_ep=EgoyMDI2MDkzMC4wIJJjKgBIAVAD&rclk=1;39
Anel 2;Franca/SP;Eletro Jan Comércio de Materiais Elétricos Franca;(16) 3702-2821;;;;https://www.google.com/maps/place/Eletro+Jan+Com%C3%A9rcio+de+Materiais+El%C3%A9tricos+Franca/data=!4m7!3m6!1s0x94b0a8b53dfe9719:0xb13b8d023e54bcd7!8m2!3d-20.5567184!4d-47.3720932!16s%2Fg%2F11hbkqkc8k!19sChIJGZf-PbWosJQR17xUPgKNO7E?authuser=0&hl=pt-BR&g_ep=EgoyMDI2MDkzMC4wIJJjKgBIAVAD&rclk=1;38
Anel 2;Franca/SP;AQUALUZ MAT. ELÉTRICOS E HIDRÁULICOS;(16) 3721-4833;(16) 99176-6000;;http://www.aqualuz.com.br/;https://www.google.com/maps/place/AQUALUZ+MAT.+EL%C3%89TRICOS+E+HIDR%C3%81ULICOS/data=!4m7!3m6!1s0x94b0a6138b474e5d:0xf74cb69beaae5b9b!8m2!3d-20.5269725!4d-47.3851144!16s%2Fg%2F11c1s187w8!19sChIJXU5HixOmsJQRm1uu6pu2TPc?authuser=0&hl=pt-BR&g_ep=EgoyMDI2MDkzMC4wIJJjKgBIAVAD&rclk=1;38
Anel 2;Batatais/SP;ELETROLUZ ILUMINAÇÃO E ELÉTRICA;(16) 3662-2929;;;;https://www.google.com/maps/place/ELETROLUZ+ILUMINA%C3%87%C3%83O+E+EL%C3%89TRICA/data=!4m7!3m6!1s0x94b9fabdd54af0b3:0x5d4b60f3b9ad0b94!8m2!3d-20.8950428!4d-47.5914995!16s%2Fg%2F11ggs3ljdb!19sChIJs_BK1b36uZQRlAutufNgS10?authuser=0&hl=pt-BR&g_ep=EgoyMDI2MDkzMC4wIJJjKgBIAVAD&rclk=1;37
Anel 2;Bebedouro/SP;Auto Eletrica MARANATA;(17) 3342-4876;;;;https://www.google.com/maps/place/Auto+Eletrica+MARANATA/data=!4m7!3m6!1s0x94bbe15a4cbc7daf:0x372ef2064709ac12!8m2!3d-20.9564572!4d-48.4723847!16s%2Fg%2F11cmywwsgl!19sChIJr328TFrhu5QREqwJRwbyLjc?authuser=0&hl=pt-BR&g_ep=EgoyMDI2MDkzMC4wIJJjKgBIAVAD&rclk=1;37
Anel 2;São Carlos/SP;Equitron Automação Eletronico;(16) 3362-6300;;sac@equitron.com.br;http://www.equitron.com.br/;https://www.google.com/maps/place/Equitron+Automa%C3%A7%C3%A3o+Eletronico/data=!4m7!3m6!1s0x94b870a5a6caa975:0xaf98f8c0cac0a67!8m2!3d-22.0020721!4d-47.9145997!16s%2Fg%2F1tf_tzby!19sChIJdanKpqVwuJQRZwqsDIyP-Qo?authuser=0&hl=pt-BR&g_ep=EgoyMDI2MDkzMC4wIJJjKgBIAVAD&rclk=1;37
Anel 2;Franca/SP;Eletro Light - Loja 1;(16) 3725-4133;(16) 3703-1600;;https://eletrolight.com.br/ | https://www.instagram.com/eletrolightfranca;https://www.google.com/maps/place/Eletro+Light+-+Loja+1/data=!4m7!3m6!1s0x94b0a5e26c0fc4c9:0xb207de9310b9329c!8m2!3d-20.5263543!4d-47.3695546!16s%2Fg%2F1ptw0z62v!19sChIJycQPbOKlsJQRnDK5EJPeB7I?authuser=0&hl=pt-BR&g_ep=EgoyMDI2MDkzMC4wIJJjKgBIAVAD&rclk=1;37
Anel 2;Taquaritinga/SP;Soldamaq - Manutenções em Motosserras, Roçadeiras, Lavadoras e Motocompressores;(16) 3253-2995;;;;https://www.google.com/maps/place/Soldamaq+-+Manuten%C3%A7%C3%B5es+em+Motosserras,+Ro%C3%A7adeiras,+Lavadoras+e+Motocompressores/data=!4m7!3m6!1s0x94b9397d6527cb73:0xf5e72673c6e5a096!8m2!3d-21.421136!4d-48.5106841!16s%2Fg%2F11b7xjqt4l!19sChIJc8snZX05uZQRlqDlxnMm5_U?authuser=0&hl=pt-BR&g_ep=EgoyMDI2MDkzMC4wIJJjKgBIAVAD&rclk=1;37
Anel 2;Araraquara/SP;Comercial Leal Araraquara;(16) 3303-2100;(16) 3303-2100;;http://comercialleal.com.br/ | https://www.instagram.com/comercialleal;https://www.google.com/maps/place/Comercial+Leal+Araraquara/data=!4m7!3m6!1s0x94b8f1856b42abf5:0x98de9632508868c2!8m2!3d-21.7224182!4d-48.1944697!16s%2Fg%2F1tgn5vdl!19sChIJ9atCa4XxuJQRwmiIUDKW3pg?authuser=0&hl=pt-BR&g_ep=EgoyMDI2MDkzMC4wIJJjKgBIAVAD&rclk=1;36
Anel 2;Franca/SP;RA Eletro - Materiais Elétricos e Hidráulicos;;(16) 99298-5581;;https://wa.me/5516992985581 | https://www.instagram.com/whatsapp;https://www.google.com/maps/place/RA+Eletro+-+Materiais+El%C3%A9tricos+e+Hidr%C3%A1ulicos/data=!4m7!3m6!1s0x94b0a7a0cd1c5ee7:0x2ba32b1ca3d3de34!8m2!3d-20.4978731!4d-47.4193087!16s%2Fg%2F11ghn6khf1!19sChIJ514czaCnsJQRNN7Toxwroys?authuser=0&hl=pt-BR&g_ep=EgoyMDI2MDkzMC4wIJJjKgBIAVAD&rclk=1;36
Anel 2;Santa Rita do Passa Quatro/SP;Lojas Evolução Santa Rita do Passa Quatro – Moda Masculina, Feminina, Infantil, Cama, Mesa, Banho e Decoração;(19) 3582-5248;;;;https://www.google.com/maps/place/Lojas+Evolu%C3%A7%C3%A3o+Santa+Rita+do+Passa+Quatro+%E2%80%93+Moda+Masculina,+Feminina,+Infantil,+Cama,+Mesa,+Banho+e+Decora%C3%A7%C3%A3o/data=!4m7!3m6!1s0x94b81ffab9513355:0xbd4abe43c43aaacd!8m2!3d-21.7084222!4d-47.4789955!16s%2Fg%2F11h70h2_f0!19sChIJVTNRufofuJQRzao6xEO-Sr0?authuser=0&hl=pt-BR&g_ep=EgoyMDI2MDkzMC4wIJJjKgBIAVAD&rclk=1;36
Anel 2;São Carlos/SP;M.J motores eletricos;;(16) 99605-8262;;;https://www.google.com/maps/place/M.J+motores+eletricos/data=!4m7!3m6!1s0x4270e46de1e492ef:0xe0fd614fc07973b0!8m2!3d-22.0395663!4d-47.9302387!16s%2Fg%2F11kj_1731d!19sChIJ75Lk4W3kcEIRsHN5wE9h_eA?authuser=0&hl=pt-BR&g_ep=EgoyMDI2MDkzMC4wIJJjKgBIAVAD&rclk=1;35
Anel 2;Batatais/SP;Bosch Car Service - PRS Elétrica e Mecânica;;(16) 99646-3626;;https://www.oficinaboschservice.com.br/prseletricaemecanica;https://www.google.com/maps/place/Bosch+Car+Service+-+PRS+El%C3%A9trica+e+Mec%C3%A2nica/data=!4m7!3m6!1s0x94b9fb009f781241:0x75e8de79157a57fd!8m2!3d-20.8966513!4d-47.5635332!16s%2Fg%2F11mpd2pphk!19sChIJQRJ4nwD7uZQR_Vd6FXne6HU?authuser=0&hl=pt-BR&g_ep=EgoyMDI2MDkzMC4wIJJjKgBIAVAD&rclk=1;34
Anel 2;Bebedouro/SP;Auto Elétrica Vieira;;(17) 99167-3264;autoeletricavieira2009@hotmail.com;http://www.autoeletricavieira.com.br/;https://www.google.com/maps/place/Auto+El%C3%A9trica+Vieira/data=!4m7!3m6!1s0x94bbe1527b52dccd:0x931cdd10574de7f6!8m2!3d-20.9467475!4d-48.46954!16s%2Fg%2F1ptwvqsx8!19sChIJzdxSe1Lhu5QR9udNVxDdHJM?authuser=0&hl=pt-BR&g_ep=EgoyMDI2MDkzMC4wIJJjKgBIAVAD&rclk=1;34
Anel 2;São Carlos/SP;Nova Soluções Elétricas;;(16) 99286-1628;contato@novasolucoesel.com.br;https://novasolucoesel.com.br/ | https://www.instagram.com/novasolucoesel;https://www.google.com/maps/place/Nova+Solu%C3%A7%C3%B5es+El%C3%A9tricas/data=!4m7!3m6!1s0x94b877904d247681:0x7773921794e4008!8m2!3d-22.0184232!4d-47.8806898!16s%2Fg%2F11y98yq3w3!19sChIJgXYkTZB3uJQRCEBOeSE5dwc?authuser=0&hl=pt-BR&g_ep=EgoyMDI2MDkzMC4wIJJjKgBIAVAD&rclk=1;34
Anel 2;Santa Rita do Passa Quatro/SP;WR Autoelétrica & Mecânica;;(19) 99255-7733;;https://www.facebook.com/contatowr/;https://www.google.com/maps/place/WR+Autoel%C3%A9trica+%26+Mec%C3%A2nica/data=!4m7!3m6!1s0x94b81fbb8c5bbfdf:0xee6b09b6f803d1bd!8m2!3d-21.7020862!4d-47.4829991!16s%2Fg%2F11g1gq3mdw!19sChIJ379bjLsfuJQRvdED-LYJa-4?authuser=0&hl=pt-BR&g_ep=EgoyMDI2MDkzMC4wIJJjKgBIAVAD&rclk=1;34
Anel 2;Batatais/SP;Unelta Materiais Elétricos;(16) 3761-2366;;;https://unelta.com.br/;https://www.google.com/maps/place/Unelta+Materiais+El%C3%A9tricos/data=!4m7!3m6!1s0x94b9fbce9ec3db39:0x8cd976374d1089ce!8m2!3d-20.8880902!4d-47.59658!16s%2Fg%2F11vb38w6rc!19sChIJOdvDns77uZQRzokQTTd22Yw?authuser=0&hl=pt-BR&g_ep=EgoyMDI2MDkzMC4wIJJjKgBIAVAD&rclk=1;33
Anel 2;Batatais/SP;J Pegorin | Tanques e Reatores | Misturadores de Bins | Misturador de Coluna | Recipiente Bin | Sistema de Limpeza CIP;(16) 3761-2654;;contato@jpegorin.com.br;http://www.jpegorin.com.br/ | https://www.instagram.com/jpegorin;https://www.google.com/maps/place/J+Pegorin+%7C+Tanques+e+Reatores+%7C+Misturadores+de+Bins+%7C+Misturador+de+Coluna+%7C+Recipiente+Bin+%7C+Sistema+de+Limpeza+CIP/data=!4m7!3m6!1s0x94b9fae6b59a7d7f:0x549022f5cb9bfe71!8m2!3d-20.8764525!4d-47.6036785!16s%2Fg%2F11cp750p7c!19sChIJf32ateb6uZQRcf6by_UikFQ?authuser=0&hl=pt-BR&g_ep=EgoyMDI2MDkzMC4wIJJjKgBIAVAD&rclk=1;33
Anel 2;Taquaritinga/SP;Sartori Materiais para Construção;(16) 3252-3725;;;https://www.lojasartori.shop/;https://www.google.com/maps/place/Sartori+Materiais+para+Constru%C3%A7%C3%A3o/data=!4m7!3m6!1s0x94b939731ae97715:0x7d53ae259bb4977d!8m2!3d-21.4051382!4d-48.5095862!16s%2Fg%2F1s04cgt5p!19sChIJFXfpGnM5uZQRfZe0myWuU30?authuser=0&hl=pt-BR&g_ep=EgoyMDI2MDkzMC4wIJJjKgBIAVAD&rclk=1;33
Anel 2;Taquaritinga/SP;Portão Verde;(16) 3252-5150;(13) 98190-3367;;https://w.app/xfzfjs | https://www.instagram.com/whatsapp;https://www.google.com/maps/place/Port%C3%A3o+Verde/data=!4m7!3m6!1s0x94b93905063999ef:0xbd030a6ef60b1b90!8m2!3d-21.4021235!4d-48.5098028!16s%2Fg%2F11crzpsmtf!19sChIJ75k5BgU5uZQRkBsL9m4KA70?authuser=0&hl=pt-BR&g_ep=EgoyMDI2MDkzMC4wIJJjKgBIAVAD&rclk=1;33
Anel 2;Bebedouro/SP;TRANSVOLT'S INDUSTRIA, COMERCIO E SERVICOS DE ENGENHARIA ELETRICA LTDA;;(17) 98125-2233;;http://www.transvolts.eng.br/;https://www.google.com/maps/place/TRANSVOLT%27S+INDUSTRIA,+COMERCIO+E+SERVICOS+DE+ENGENHARIA+ELETRICA+LTDA/data=!4m7!3m6!1s0x94bbe40d0b3c081b:0x66a95e319e4d9d84!8m2!3d-20.941963!4d-48.4519024!16s%2Fg%2F1tfscz0m!19sChIJGwg8Cw3ku5QRhJ1NnjFeqWY?authuser=0&hl=pt-BR&g_ep=EgoyMDI2MDkzMC4wIJJjKgBIAVAD&rclk=1;32
Anel 2;Santa Rita do Passa Quatro/SP;Univel Auto Elétrica;(19) 3582-2090;;;;https://www.google.com/maps/place/Univel+Auto+El%C3%A9trica/data=!4m7!3m6!1s0x94b81e4f558b4259:0x5631e4a74c52704d!8m2!3d-21.6950312!4d-47.4750733!16s%2Fg%2F1tnl2hhj!19sChIJWUKLVU8euJQRTXBSTKfkMVY?authuser=0&hl=pt-BR&g_ep=EgoyMDI2MDkzMC4wIJJjKgBIAVAD&rclk=1;32
Anel 2;Santa Rita do Passa Quatro/SP;Denardi Distribuidora;;(19) 98161-2432;;https://www.instagram.com/denardidistribuidora/;https://www.google.com/maps/place/Denardi+Distribuidora/data=!4m7!3m6!1s0x94b81e68a68cb0bd:0x92204226b7d50506!8m2!3d-21.7064401!4d-47.4784442!16s%2Fg%2F11rhdskc8r!19sChIJvbCMpmgeuJQRBgXVtyZCIJI?authuser=0&hl=pt-BR&g_ep=EgoyMDI2MDkzMC4wIJJjKgBIAVAD&rclk=1;32
Anel 2;Mococa/SP;e-Leve Mobilidade elétrica;;(19) 99940-4466;;https://www.instagram.com/e_levemobilidade?igsh=OTIxZXR5azZrMm5p;https://www.google.com/maps/place/e-Leve+Mobilidade+el%C3%A9trica/data=!4m7!3m6!1s0x94b7b9d40aee152b:0xc6955dc594db488c!8m2!3d-21.470004!4d-47.0017889!16s%2Fg%2F11w1rh113d!19sChIJKxXuCtS5t5QRjEjblMVdlcY?authuser=0&hl=pt-BR&g_ep=EgoyMDI2MDkzMC4wIJJjKgBIAVAD&rclk=1;32
Anel 2;São Carlos/SP;Incotech Solução Técnica | Segurança Eletrônica e Elétrica;;(16) 99415-3900;;https://incotec.siteaudit.com.br/?v=1789926335 | https://instagram.com/maykmor;https://www.google.com/maps/place/Incotech+Solu%C3%A7%C3%A3o+T%C3%A9cnica+%7C+Seguran%C3%A7a+Eletr%C3%B4nica+e+El%C3%A9trica/data=!4m7!3m6!1s0x94b877911709e32b:0xc0c3abe3ca334ad9!8m2!3d-22.0466231!4d-47.8925157!16s%2Fg%2F11h_1snw7g!19sChIJK-MJF5F3uJQR2UozyuOrw8A?authuser=0&hl=pt-BR&g_ep=EgoyMDI2MDkzMC4wIJJjKgBIAVAD&rclk=1;31
Anel 2;Mococa/SP;Vem Que Aqui Tem;(19) 3665-2444;;;;https://www.google.com/maps/place/Vem+Que+Aqui+Tem/data=!4m7!3m6!1s0x94b7b856a6c2d837:0x2486056407a57e3e!8m2!3d-21.4655813!4d-47.0152031!16s%2Fg%2F1tgpcckj!19sChIJN9jCpla4t5QRPn6lB2QFhiQ?authuser=0&hl=pt-BR&g_ep=EgoyMDI2MDkzMC4wIJJjKgBIAVAD&rclk=1;31
Anel 2;Mococa/SP;Zanin Equipamentos de Solda e Segurança;(19) 3656-5053;(19) 99204-3338;az.zanin@uol.com.br;http://www.zaninequipamentos.com.br/;https://www.google.com/maps/place/Zanin+Equipamentos+de+Solda+e+Seguran%C3%A7a/data=!4m7!3m6!1s0x94b7b9b6e5511cb9:0x726b74ce9903b2a2!8m2!3d-21.4754192!4d-47.0002133!16s%2Fg%2F1ptzvvnfm!19sChIJuRxR5ba5t5QRorIDmc50a3I?authuser=0&hl=pt-BR&g_ep=EgoyMDI2MDkzMC4wIJJjKgBIAVAD&rclk=1;31
Anel 2;Batatais/SP;Elétrica Carvalho - Materiais Elétricos;(16) 3761-6288;;;https://instagram.com/eletrica_carvalho_?igshid=YmMyMTA2M2Y=;https://www.google.com/maps/place/El%C3%A9trica+Carvalho+-+Materiais+El%C3%A9tricos/data=!4m7!3m6!1s0x94b9fabbfb400099:0x2cf0d3b7e3476fd9!8m2!3d-20.8942946!4d-47.5889542!16s%2Fg%2F1ptyq25t1!19sChIJmQBA-7v6uZQR2W9H47fT8Cw?authuser=0&hl=pt-BR&g_ep=EgoyMDI2MDkzMC4wIJJjKgBIAVAD&rclk=1;30
Anel 2;Jaboticabal/SP;Mig Solda;(16) 3202-4400;;;;https://www.google.com/maps/place/Mig+Solda/data=!4m7!3m6!1s0x94b90c30988156d7:0xc1b9a4b385215c3e!8m2!3d-21.2616438!4d-48.3196697!16s%2Fg%2F1tm13q2t!19sChIJ11aBmDAMuZQRPlwhhbOkucE?authuser=0&hl=pt-BR&g_ep=EgoyMDI2MDkzMC4wIJJjKgBIAVAD&rclk=1;30
Anel 2;Araraquara/SP;Atacado ZR;(16) 3301-0044;(16) 99726-3347;;http://www.atacadozr.com.br/ | https://www.instagram.com/atacadozr;https://www.google.com/maps/place/Atacado+ZR/data=!4m7!3m6!1s0x94b8f38ef0309ecb:0x4460efc05552c902!8m2!3d-21.807961!4d-48.16655!16s%2Fg%2F11bx1hr0nx!19sChIJy54w8I7zuJQRAslSVcDvYEQ?authuser=0&hl=pt-BR&g_ep=EgoyMDI2MDkzMC4wIJJjKgBIAVAD&rclk=1;30
Anel 2;Franca/SP;A Utilar Casa & Construção;(16) 3725-3383;;;;https://www.google.com/maps/place/A+Utilar+Casa+%26+Constru%C3%A7%C3%A3o/data=!4m7!3m6!1s0x94b0a5f92ed25e13:0x78fdf810355cc4ba!8m2!3d-20.5338929!4d-47.3653346!16s%2Fg%2F11bx1qsct6!19sChIJE17SLvmlsJQRusRcNRD4_Xg?authuser=0&hl=pt-BR&g_ep=EgoyMDI2MDkzMC4wIJJjKgBIAVAD&rclk=1;30
Anel 2;São Simão/SP;Rodrigues Casa do Construtor Rcc;;(16) 99329-8979;;https://lp.rodriguesrcc.com.br/ | https://www.instagram.com/rodriguescasadoconstrutor;https://www.google.com/maps/place/Rodrigues+Casa+do+Construtor+Rcc/data=!4m7!3m6!1s0x94b82f1b0c0c5de5:0xe46a39c75ae47f1e!8m2!3d-21.4830586!4d-47.554996!16s%2Fg%2F11vkz37lhp!19sChIJ5V0MDBsvuJQRHn_kWsc5auQ?authuser=0&hl=pt-BR&g_ep=EgoyMDI2MDkzMC4wIJJjKgBIAVAD&rclk=1;30
Anel 2;Mococa/SP;Auto Elétrica Massaro;;(19) 99315-2375;;;https://www.google.com/maps/place/Auto+El%C3%A9trica+Massaro/data=!4m7!3m6!1s0x94b7b8504497311f:0xa0bd28cc58e49348!8m2!3d-21.4671488!4d-47.0113971!16s%2Fg%2F1tjt30wk!19sChIJHzGXRFC4t5QRSJPkWMwovaA?authuser=0&hl=pt-BR&g_ep=EgoyMDI2MDkzMC4wIJJjKgBIAVAD&rclk=1;30
Anel 2;Mococa/SP;Placa de Mococa SP;(19) 3665-1011;;;;https://www.google.com/maps/place/Placa+de+Mococa+SP/data=!4m7!3m6!1s0x94b7b8e664a4ef43:0x6e000dec561c0540!8m2!3d-21.4887946!4d-47.0110087!16s%2Fg%2F1tnqj2fm!19sChIJQ--kZOa4t5QRQAUcVuwNAG4?authuser=0&hl=pt-BR&g_ep=EgoyMDI2MDkzMC4wIJJjKgBIAVAD&rclk=1;30
Anel 2;Monte Alto/SP;S.M.I Residencial Elétrica e Hidráulica;(16) 3242-5205;;;;https://www.google.com/maps/place/S.M.I+Residencial+El%C3%A9trica+e+Hidr%C3%A1ulica/data=!4m7!3m6!1s0x94b9476711013cab:0xe2dd77ff347b01bf!8m2!3d-21.2626278!4d-48.4919053!16s%2Fg%2F11fmdcn6r6!19sChIJqzwBEWdHuZQRvwF7NP933eI?authuser=0&hl=pt-BR&g_ep=EgoyMDI2MDkzMC4wIJJjKgBIAVAD&rclk=1;29
Anel 2;São Carlos/SP;F&A Distribuidora São Carlos;;(16) 99427-9363;;;https://www.google.com/maps/place/F%26A+Distribuidora+S%C3%A3o+Carlos/data=!4m7!3m6!1s0x94b877f99030a80d:0x37bca197ceaf14ec!8m2!3d-22.0241858!4d-47.8973989!16s%2Fg%2F11f7pty_sm!19sChIJDagwkPl3uJQR7BSvzpehvDc?authuser=0&hl=pt-BR&g_ep=EgoyMDI2MDkzMC4wIJJjKgBIAVAD&rclk=1;29
Anel 2;Franca/SP;Automação - Elétrica, pneumática, hidráulica, vapor;(16) 3402-0009;(16) 99949-0019;;http://www.automacaofranca.com.br/ | https://instagram.com/automacao.franca;https://www.google.com/maps/place/Automa%C3%A7%C3%A3o+-+El%C3%A9trica,+pneum%C3%A1tica,+hidr%C3%A1ulica,+vapor/data=!4m7!3m6!1s0x94b0a7e400bbfb3d:0x91073e9b83618e9b!8m2!3d-20.5469474!4d-47.4260026!16s%2Fg%2F11by_g8rnw!19sChIJPfu7AOSnsJQRm45hg5s-B5E?authuser=0&hl=pt-BR&g_ep=EgoyMDI2MDkzMC4wIJJjKgBIAVAD&rclk=1;29
Anel 2;Jaboticabal/SP;Auto Elétrica Santa Capita;(16) 3203-7196;;;;https://www.google.com/maps/place/Auto+El%C3%A9trica+Santa+Capita/data=!4m7!3m6!1s0x94b96b9cd098702b:0xc03aea4b8c9f830!8m2!3d-21.2481528!4d-48.3296036!16s%2Fg%2F11gf0vvwb4!19sChIJK3CY0JxruZQRMPjJuKSuAww?authuser=0&hl=pt-BR&g_ep=EgoyMDI2MDkzMC4wIJJjKgBIAVAD&rclk=1;28
Anel 2;Franca/SP;Alfa Materiais Elétricos;(16) 3406-3067;(16) 99426-0254;;http://www.newalfaluz.com.br/ | https://www.instagram.com/alfamateriaiseletricos;https://www.google.com/maps/place/Alfa+Materiais+El%C3%A9tricos/data=!4m7!3m6!1s0x94b0a950d1a9e791:0x90cd03666193b477!8m2!3d-20.5440831!4d-47.3791656!16s%2Fg%2F11h1fvp3fg!19sChIJkeep0VCpsJQRd7STYWYDzZA?authuser=0&hl=pt-BR&g_ep=EgoyMDI2MDkzMC4wIJJjKgBIAVAD&rclk=1;28
Anel 2;Taquaritinga/SP;Almeida Rádio Comunicação Eletrônica total;(16) 3253-6702;;;https://www.youtube.com/channel/UCfveIkg-SO0iA_4ceeOmOOw?view_as=subscriber;https://www.google.com/maps/place/Almeida+R%C3%A1dio+Comunica%C3%A7%C3%A3o+Eletr%C3%B4nica+total/data=!4m7!3m6!1s0x94b939cf5c8b8bed:0x820cb7831e79e51a!8m2!3d-21.4171693!4d-48.5180537!16s%2Fg%2F11fp531plh!19sChIJ7YuLXM85uZQRGuV5HoO3DII?authuser=0&hl=pt-BR&g_ep=EgoyMDI2MDkzMC4wIJJjKgBIAVAD&rclk=1;28
Anel 2;Jaboticabal/SP;Central dos Ventiladores;(16) 3202-4278;;;https://www.instagram.com/eletricacentral061/;https://www.google.com/maps/place/Central+dos+Ventiladores/data=!4m7!3m6!1s0x94b96b7dbf186585:0x2ba643c22fd48d7b!8m2!3d-21.2537322!4d-48.3210642!16s%2Fg%2F11gf0w0w3f!19sChIJhWUYv31ruZQRe43UL8JDpis?authuser=0&hl=pt-BR&g_ep=EgoyMDI2MDkzMC4wIJJjKgBIAVAD&rclk=1;27
Anel 2;Bebedouro/SP;Luz Ambiente;(17) 3344-8211;;;;https://www.google.com/maps/place/Luz+Ambiente/data=!4m7!3m6!1s0x94bbe3283b7329d1:0xe2c80cfab04793fd!8m2!3d-20.948472!4d-48.4813615!16s%2Fg%2F11kj4qf5w5!19sChIJ0SlzOyjju5QR_ZNHsPoMyOI?authuser=0&hl=pt-BR&g_ep=EgoyMDI2MDkzMC4wIJJjKgBIAVAD&rclk=1;27
Anel 2;Matão/SP;Dumuniz Auto Elétrica;;(16) 99961-6975;;;https://www.google.com/maps/place/Dumuniz+Auto+El%C3%A9trica/data=!4m7!3m6!1s0x94b91f8de601b9ab:0x52a2c1ab3ba3064d!8m2!3d-21.5931594!4d-48.3597775!16s%2Fg%2F11p5yknyx6!19sChIJq7kB5o0fuZQRTQajO6vBolI?authuser=0&hl=pt-BR&g_ep=EgoyMDI2MDkzMC4wIJJjKgBIAVAD&rclk=1;27
Anel 2;Batatais/SP;LORO auto elétrica;;(16) 99131-4584;;;https://www.google.com/maps/place/LORO+auto+el%C3%A9trica/data=!4m7!3m6!1s0x94b9fac56b4cf72b:0x6f35a91f90459e39!8m2!3d-20.8970779!4d-47.5781237!16s%2Fg%2F11f3r254h7!19sChIJK_dMa8X6uZQROZ5FkB-pNW8?authuser=0&hl=pt-BR&g_ep=EgoyMDI2MDkzMC4wIJJjKgBIAVAD&rclk=1;26
Anel 2;Matão/SP;Hidromax Materiais Elétricos;(16) 3382-3552;;;;https://www.google.com/maps/place/Hidromax+Materiais+El%C3%A9tricos/data=!4m7!3m6!1s0x94b91ff5b024fde7:0xaf99304a974980f9!8m2!3d-21.6031528!4d-48.376264!16s%2Fg%2F11fp1kz4_5!19sChIJ5_0ksPUfuZQR-YBJl0owma8?authuser=0&hl=pt-BR&g_ep=EgoyMDI2MDkzMC4wIJJjKgBIAVAD&rclk=1;26
Anel 2;Araraquara/SP;Arablanco Elétrica & Hidráulica, Ferragens & Ferramentas;(16) 3397-7071;;;;https://www.google.com/maps/place/Arablanco+El%C3%A9trica+%26+Hidr%C3%A1ulica,+Ferragens+%26+Ferramentas/data=!4m7!3m6!1s0x94b8f164336935a7:0x6ff908b216555d9b!8m2!3d-21.780849!4d-48.185523!16s%2Fg%2F1pv0_mljs!19sChIJpzVpM2TxuJQRm11VFrII-W8?authuser=0&hl=pt-BR&g_ep=EgoyMDI2MDkzMC4wIJJjKgBIAVAD&rclk=1;26
Anel 2;Franca/SP;TMP Eletrotécnica;(16) 3713-5400;(16) 99794-6909;;http://www.tmpeletrotecnica.com.br/;https://www.google.com/maps/place/TMP+Eletrot%C3%A9cnica/data=!4m7!3m6!1s0x94b0a7d7cf4bb809:0x40b5b56eec231064!8m2!3d-20.54358!4d-47.4081212!16s%2Fg%2F11kzkgv3h5!19sChIJCbhLz9ensJQRZBAj7G61tUA?authuser=0&hl=pt-BR&g_ep=EgoyMDI2MDkzMC4wIJJjKgBIAVAD&rclk=1;26
Anel 2;Bebedouro/SP;TEC TEL SEGURANÇA ELETRÔNICA;(17) 3342-3205;(17) 3342-3205;tectel2001@gmail.com;http://tectelseguranca.com.br/;https://www.google.com/maps/place/TEC+TEL+SEGURAN%C3%87A+ELETR%C3%94NICA/data=!4m7!3m6!1s0x94bbe4147d6ff641:0x3bf662f9afcf6316!8m2!3d-20.9366684!4d-48.4962303!16s%2Fg%2F11bv1cjmr8!19sChIJQfZvfRTku5QRFmPPr_li9js?authuser=0&hl=pt-BR&g_ep=EgoyMDI2MDkzMC4wIJJjKgBIAVAD&rclk=1;25
Anel 2;Matão/SP;WPP Motores Elétricos Ltda;(16) 3383-2450;;vendas@wpp.com.br;https://www.wppnet.com.br/;https://www.google.com/maps/place/WPP+Motores+El%C3%A9tricos+Ltda/data=!4m7!3m6!1s0x94b8e1cb1d66c061:0xc9a0bc79a13ae52b!8m2!3d-21.6074989!4d-48.352389!16s%2Fg%2F11g0g8dr1j!19sChIJYcBmHcvhuJQRK-U6oXm8oMk?authuser=0&hl=pt-BR&g_ep=EgoyMDI2MDkzMC4wIJJjKgBIAVAD&rclk=1;25
Anel 2;Franca/SP;PRACASA - MATERIAIS PARA REPAROS ELÉTRICOS E HIDRÁULICOS, FERRAMENTAS, UTILIDADES E CIA;;(16) 99643-8605;;https://www.facebook.com/pracasafranca;https://www.google.com/maps/place/PRACASA+-+MATERIAIS+PARA+REPAROS+EL%C3%89TRICOS+E+HIDR%C3%81ULICOS,+FERRAMENTAS,+UTILIDADES+E+CIA/data=!4m7!3m6!1s0x94b0a7d510bb56b1:0x85356f37be0f0be2!8m2!3d-20.5102188!4d-47.4210262!16s%2Fg%2F11j4x_2n24!19sChIJsVa7ENWnsJQR4gsPvjdvNYU?authuser=0&hl=pt-BR&g_ep=EgoyMDI2MDkzMC4wIJJjKgBIAVAD&rclk=1;25
Anel 2;Pitangueiras/SP;SPARK | Energia solar Pitangueiras em São Paulo | Energia solar Residencial | Energia Solar Comercial - SP;;(16) 99756-1874;adm@sparkeng.com.br;http://sparkeng.com.br/;https://www.google.com/maps/place/SPARK+%7C+Energia+solar+Pitangueiras+em+S%C3%A3o+Paulo+%7C+Energia+solar+Residencial+%7C+Energia+Solar+Comercial+-+SP/data=!4m7!3m6!1s0x94b97c9737e865a1:0xfabbd2b0691a7271!8m2!3d-21.0074792!4d-48.2177657!16s%2Fg%2F11jd9n4n78!19sChIJoWXoN5d8uZQRcXIaabDSu_o?authuser=0&hl=pt-BR&g_ep=EgoyMDI2MDkzMC4wIJJjKgBIAVAD&rclk=1;24
Anel 2;Jaboticabal/SP;Comercial Rocha | Materias para Construção;(16) 3204-9506;;;https://www.instagram.com/comercialrochajaboticabal?stkn=NHdheXl6ZGp6Ympj&utm_source=qr;https://www.google.com/maps/place/Comercial+Rocha+%7C+Materias+para+Constru%C3%A7%C3%A3o/data=!4m7!3m6!1s0x94b96bfd50f29179:0x512025214fbeb1ad!8m2!3d-21.2594262!4d-48.3199384!16s%2Fg%2F11zcsnbh2j!19sChIJeZHyUP1ruZQRrbG-TyElIFE?authuser=0&hl=pt-BR&g_ep=EgoyMDI2MDkzMC4wIJJjKgBIAVAD&rclk=1;23
Anel 2;Araraquara/SP;Espaço Luz;(16) 3461-2763;;;;https://www.google.com/maps/place/Espa%C3%A7o+Luz/data=!4m7!3m6!1s0x94b8f1161e0c497d:0xd168ccd80ec6dbd7!8m2!3d-21.7722901!4d-48.1769!16s%2Fg%2F11vhd74bm4!19sChIJfUkMHhbxuJQR19vGDtjMaNE?authuser=0&hl=pt-BR&g_ep=EgoyMDI2MDkzMC4wIJJjKgBIAVAD&rclk=1;23
Anel 2;São Carlos/SP;Pmaq Engenharia Elétrica;;(16) 99297-5138;contato@pmaqengenharia.com.br;http://www.pmaqengenharia.com.br/ | https://www.instagram.com/pmaqengenharia;https://www.google.com/maps/place/Pmaq+Engenharia+El%C3%A9trica/data=!4m7!3m6!1s0x94b87773b2e18da7:0x3bd9ef9e09159efa!8m2!3d-22.0302238!4d-47.8872756!16s%2Fg%2F11qgrwtwkr!19sChIJp43hsnN3uJQR-p4VCZ7v2Ts?authuser=0&hl=pt-BR&g_ep=EgoyMDI2MDkzMC4wIJJjKgBIAVAD&rclk=1;23
Anel 2;Taquaritinga/SP;Auto elétrica Taquaritinga;(16) 3253-5450;;;;https://www.google.com/maps/place/Auto+el%C3%A9trica+Taquaritinga/data=!4m7!3m6!1s0x94b939828056b83f:0xf4c8c402e8ff1a1d!8m2!3d-21.4200191!4d-48.5102981!16s%2Fg%2F11q2x_zcts!19sChIJP7hWgII5uZQRHRr_6ALEyPQ?authuser=0&hl=pt-BR&g_ep=EgoyMDI2MDkzMC4wIJJjKgBIAVAD&rclk=1;22
Anel 2;Batatais/SP;Sollar - Materiais Elétricos;(16) 3761-0055;;;;https://www.google.com/maps/place/Sollar+-+Materiais+El%C3%A9tricos/data=!4m7!3m6!1s0x94b9fb58d9a20523:0xd5151b09d8b6cb55!8m2!3d-20.8745993!4d-47.5916631!16s%2Fg%2F11gn207lqh!19sChIJIwWi2Vj7uZQRVcu22AkbFdU?authuser=0&hl=pt-BR&g_ep=EgoyMDI2MDkzMC4wIJJjKgBIAVAD&rclk=1;21
Anel 2;Matão/SP;ALEX AUTO ELÉTRICA;;(16) 99739-3177;;;https://www.google.com/maps/place/ALEX+AUTO+EL%C3%89TRICA/data=!4m7!3m6!1s0x94b91e325290e579:0x5ffd12852f7e2c2b!8m2!3d-21.6141842!4d-48.348696!16s%2Fg%2F11tcztw6z0!19sChIJeeWQUjIeuZQRKyx-L4US_V8?authuser=0&hl=pt-BR&g_ep=EgoyMDI2MDkzMC4wIJJjKgBIAVAD&rclk=1;21
Anel 2;Santa Rita do Passa Quatro/SP;E G Materias Elétricos;(19) 3582-4529;;;;https://www.google.com/maps/place/E+G+Materias+El%C3%A9tricos/data=!4m7!3m6!1s0x94b81e66e516cb8b:0x698c2e339483186!8m2!3d-21.7065179!4d-47.4816253!16s%2Fg%2F11dyx69svj!19sChIJi8sW5WYeuJQRhjFIOePCmAY?authuser=0&hl=pt-BR&g_ep=EgoyMDI2MDkzMC4wIJJjKgBIAVAD&rclk=1;21
Anel 2;Santa Rita do Passa Quatro/SP;Eletro Roma;(19) 3582-6061;;;;https://www.google.com/maps/place/Eletro+Roma/data=!4m7!3m6!1s0x94b81e42b555f411:0x60a3e967487c7c26!8m2!3d-21.701825!4d-47.4781434!16s%2Fg%2F1tqygly2!19sChIJEfRVtUIeuJQRJnx8SGfpo2A?authuser=0&hl=pt-BR&g_ep=EgoyMDI2MDkzMC4wIJJjKgBIAVAD&rclk=1;21
Anel 2;Mococa/SP;Eletrofer Eletromecânica e Comércio Ferr;(19) 3665-3232;;;http://www.eletroferengenharia.com.br/;https://www.google.com/maps/place/Eletrofer+Eletromec%C3%A2nica+e+Com%C3%A9rcio+Ferr/data=!4m7!3m6!1s0x94b7b8361869c84f:0x9b7306745c506c27!8m2!3d-21.4611484!4d-46.9989053!16s%2Fg%2F1pty5gx70!19sChIJT8hpGDa4t5QRJ2xQXHQGc5s?authuser=0&hl=pt-BR&g_ep=EgoyMDI2MDkzMC4wIJJjKgBIAVAD&rclk=1;21
Anel 2;Jaboticabal/SP;Delta Seg | Segurança e Automação;(16) 3212-3299;;;https://www.instagram.com/deltasegjaboticabal?igsh=Y2xpazU1M3psM3Rh;https://www.google.com/maps/place/Delta+Seg+%7C+Seguran%C3%A7a+e+Automa%C3%A7%C3%A3o/data=!4m7!3m6!1s0x94b96b618fea4323:0xc0cf88c13967360d!8m2!3d-21.2503091!4d-48.3199514!16s%2Fg%2F11g9vmyktp!19sChIJI0Pqj2FruZQRDTZnOcGIz8A?authuser=0&hl=pt-BR&g_ep=EgoyMDI2MDkzMC4wIJJjKgBIAVAD&rclk=1;20
Anel 2;Franca/SP;D MAQ Automação Industrial;;(16) 99288-8431;vendas01@dmaqautomacao.com.br;http://www.dmaqautomacao.com.br/ | https://www.instagram.com/dmaqautomacao;https://www.google.com/maps/place/D+MAQ+Automa%C3%A7%C3%A3o+Industrial/data=!4m7!3m6!1s0x94b0a612101a3c11:0xdbdb56c4fa96a156!8m2!3d-20.5299484!4d-47.39451!16s%2Fg%2F11p_8j59z8!19sChIJETwaEBKmsJQRVqGW-sRW29s?authuser=0&hl=pt-BR&g_ep=EgoyMDI2MDkzMC4wIJJjKgBIAVAD&rclk=1;20
Anel 2;Araraquara/SP;SR Elétrica e Hidráulica Vila Xavier loja 1;(16) 2221-0970;;;http://www.srgroup.com.br/;https://www.google.com/maps/place/SR+El%C3%A9trica+e+Hidr%C3%A1ulica+Vila+Xavier+loja+1/data=!4m7!3m6!1s0x94b8f50565426bf3:0x8f98ea75d4b79fd5!8m2!3d-21.7788318!4d-48.1499514!16s%2Fg%2F11shkd9p8q!19sChIJ82tCZQX1uJQR1Z-31HXqmI8?authuser=0&hl=pt-BR&g_ep=EgoyMDI2MDkzMC4wIJJjKgBIAVAD&rclk=1;19
Anel 2;Pitangueiras/SP;Nido Materiais;(16) 3952-2747;;;;https://www.google.com/maps/place/Nido+Materiais/data=!4m7!3m6!1s0x94b97d7595724b21:0xb1c9f4d966be8664!8m2!3d-21.0123099!4d-48.2221286!16s%2Fg%2F11j349ltp3!19sChIJIUtylXV9uZQRZIa-Ztn0ybE?authuser=0&hl=pt-BR&g_ep=EgoyMDI2MDkzMC4wIJJjKgBIAVAD&rclk=1;19
Anel 2;Batatais/SP;ICT | TRANSFLEX TRANSFORMADORES;;55169994573603;transflextrafos@gmail.com;https://transflextrafos.com.br/ | https://www.instagram.com;https://www.google.com/maps/place/ICT+%7C+TRANSFLEX+TRANSFORMADORES/data=!4m7!3m6!1s0x4d2e55277799ab19:0x8c441fc1b4b19a4d!8m2!3d-20.9048223!4d-47.5947159!16s%2Fg%2F11k461_s58!19sChIJGauZdydVLk0RTZqxtMEfRIw?authuser=0&hl=pt-BR&g_ep=EgoyMDI2MDkzMC4wIJJjKgBIAVAD&rclk=1;18
Anel 2;Batatais/SP;LM Automatização, Instalação e Manutenção de Motores para Portões Basculantes, Deslizantes e Pivotantes;;(16) 99426-4696;;;https://www.google.com/maps/place/LM+Automatiza%C3%A7%C3%A3o,+Instala%C3%A7%C3%A3o+e+Manuten%C3%A7%C3%A3o+de+Motores+para+Port%C3%B5es+Basculantes,+Deslizantes+e+Pivotantes/data=!4m7!3m6!1s0x89d6ef6ee1030529:0x4f98cd216e2f4ee3!8m2!3d-20.883157!4d-47.5640292!16s%2Fg%2F11smrcblx6!19sChIJKQUD4W7v1okR404vbiHNmE8?authuser=0&hl=pt-BR&g_ep=EgoyMDI2MDkzMC4wIJJjKgBIAVAD&rclk=1;18
Anel 2;Batatais/SP;Batatais Tech Segurança e Tecnologia;(16) 3903-0720;;;http://www.batataistech.com.br/;https://www.google.com/maps/place/Batatais+Tech+Seguran%C3%A7a+e+Tecnologia/data=!4m7!3m6!1s0x94b9fba4fa509393:0x3b274446d41613f2!8m2!3d-20.8946439!4d-47.5834481!16s%2Fg%2F11kr73vsd7!19sChIJk5NQ-qT7uZQR8hMW1EZEJzs?authuser=0&hl=pt-BR&g_ep=EgoyMDI2MDkzMC4wIJJjKgBIAVAD&rclk=1;18
Anel 2;Bebedouro/SP;TotaLED;;(17) 99240-3430;;;https://www.google.com/maps/place/TotaLED/data=!4m7!3m6!1s0x94bbe40304e1c879:0x78eefad8943d0054!8m2!3d-20.93966!4d-48.4816436!16s%2Fg%2F11cnpfn11n!19sChIJecjhBAPku5QRVAA9lNj67ng?authuser=0&hl=pt-BR&g_ep=EgoyMDI2MDkzMC4wIJJjKgBIAVAD&rclk=1;18
Anel 2;Araraquara/SP;ELO Hidráulica Elétrica E Irrigação;(16) 3335-3822;;;;https://www.google.com/maps/place/ELO+Hidr%C3%A1ulica+El%C3%A9trica+E+Irriga%C3%A7%C3%A3o/data=!4m7!3m6!1s0x94b8f15dbd711b8d:0x1dac5f5a8fe7239b!8m2!3d-21.7781825!4d-48.1788487!16s%2Fg%2F1tdhg2y1!19sChIJjRtxvV3xuJQRmyPnj1pfrB0?authuser=0&hl=pt-BR&g_ep=EgoyMDI2MDkzMC4wIJJjKgBIAVAD&rclk=1;18
Anel 2;Mococa/SP;Boscolo Mococa Elétrica;(19) 3665-2744;;;;https://www.google.com/maps/place/Boscolo+Mococa+El%C3%A9trica/data=!4m7!3m6!1s0x94b7b83ffa995ce3:0xffc3da70388ed6da!8m2!3d-21.4737618!4d-46.9992549!16s%2Fg%2F1tf1cvn9!19sChIJ41yZ-j-4t5QR2taOOHDaw_8?authuser=0&hl=pt-BR&g_ep=EgoyMDI2MDkzMC4wIJJjKgBIAVAD&rclk=1;18
Anel 2;Bebedouro/SP;Iluminar Elétrica;;(17) 98805-1085;;;https://www.google.com/maps/place/Iluminar+El%C3%A9trica/data=!4m7!3m6!1s0x94bbe6aa44d63649:0x2d742f83675637ed!8m2!3d-20.940224!4d-48.4679624!16s%2Fg%2F1ptx_vvgx!19sChIJSTbWRKrmu5QR7TdWZ4MvdC0?authuser=0&hl=pt-BR&g_ep=EgoyMDI2MDkzMC4wIJJjKgBIAVAD&rclk=1;17
Anel 2;Bebedouro/SP;Auto Elétrica JB Ltda ME;(17) 3343-3469;;;;https://www.google.com/maps/place/Auto+El%C3%A9trica+JB+Ltda+ME/data=!4m7!3m6!1s0x94bbe6cb613aba05:0x671467203eb9ead6!8m2!3d-20.9382874!4d-48.4537155!16s%2Fg%2F11fy7bgx5v!19sChIJBbo6Ycvmu5QR1uq5PiBnFGc?authuser=0&hl=pt-BR&g_ep=EgoyMDI2MDkzMC4wIJJjKgBIAVAD&rclk=1;17
Anel 2;Monte Alto/SP;ELETROFAB - Comércio e Manutenção Industrial;(16) 3241-2500;;;https://www.eletrofab.com.br/;https://www.google.com/maps/place/ELETROFAB+-+Com%C3%A9rcio+e+Manuten%C3%A7%C3%A3o+Industrial/data=!4m7!3m6!1s0x94b94406b4290cc1:0xc877840076748e3f!8m2!3d-21.2529386!4d-48.4825996!16s%2Fg%2F11by_djxd0!19sChIJwQwptAZEuZQRP450dgCEd8g?authuser=0&hl=pt-BR&g_ep=EgoyMDI2MDkzMC4wIJJjKgBIAVAD&rclk=1;17
Anel 2;Matão/SP;Alves Motores Elétricos;(16) 3394-4583;;;;https://www.google.com/maps/place/Alves+Motores+El%C3%A9tricos/data=!4m7!3m6!1s0x94b91fd300000001:0xf279acd723ea6256!8m2!3d-21.6028396!4d-48.3735623!16s%2Fg%2F1ptxgfl6v!19sChIJAQAAANMfuZQRVmLqI9esefI?authuser=0&hl=pt-BR&g_ep=EgoyMDI2MDkzMC4wIJJjKgBIAVAD&rclk=1;17
Anel 2;Araraquara/SP;Matriz Automação;(16) 3508-6079;;;http://matrizautomacao.com.br/;https://www.google.com/maps/place/Matriz+Automa%C3%A7%C3%A3o/data=!4m7!3m6!1s0x94b8f156c148e6d1:0x25a2f6f071fb2b97!8m2!3d-21.760484!4d-48.1627192!16s%2Fg%2F11n0n9hznm!19sChIJ0eZIwVbxuJQRlyv7cfD2oiU?authuser=0&hl=pt-BR&g_ep=EgoyMDI2MDkzMC4wIJJjKgBIAVAD&rclk=1;17
Anel 2;Franca/SP;Eletro Fransilva Materiais Elétricos;;(16) 99999-7123;;https://www.facebook.com/EletroFransilva/;https://www.google.com/maps/place/Eletro+Fransilva+Materiais+El%C3%A9tricos/data=!4m7!3m6!1s0x94b0a657aa78c5e3:0xa5ecaddc0d983b8d!8m2!3d-20.5216662!4d-47.4094571!16s%2Fg%2F1ptwdvrs3!19sChIJ48V4qlemsJQRjTuYDdyt7KU?authuser=0&hl=pt-BR&g_ep=EgoyMDI2MDkzMC4wIJJjKgBIAVAD&rclk=1;17
Anel 2;Mococa/SP;Auto elétrica Gugu;;(19) 99316-5503;;https://www.facebook.com/profile.php?id=100063668715984&mibextid=LQQJ4d;https://www.google.com/maps/place/Auto+el%C3%A9trica+Gugu/data=!4m7!3m6!1s0x94b7b9a0ad3f06c9:0x6934ac55eb497ab!8m2!3d-21.4595349!4d-47.0234351!16s%2Fg%2F11hzhv_hj8!19sChIJyQY_raC5t5QRq5e0XsVKkwY?authuser=0&hl=pt-BR&g_ep=EgoyMDI2MDkzMC4wIJJjKgBIAVAD&rclk=1;17
Anel 2;Bebedouro/SP;AB Eletricidade - Elétrica & Refrigeração;;(17) 99111-8512;;https://www.facebook.com/abeletricidade123/;https://www.google.com/maps/place/AB+Eletricidade+-+El%C3%A9trica+%26+Refrigera%C3%A7%C3%A3o/data=!4m7!3m6!1s0x94bbe44b73359659:0x630771b1725dffb1!8m2!3d-20.9133427!4d-48.5033348!16s%2Fg%2F11d_v706gn!19sChIJWZY1c0vku5QRsf9dcrFxB2M?authuser=0&hl=pt-BR&g_ep=EgoyMDI2MDkzMC4wIJJjKgBIAVAD&rclk=1;16
Anel 2;Bebedouro/SP;Diel Motores Elétricos Ltda ME;(17) 3342-7770;;;;https://www.google.com/maps/place/Diel+Motores+El%C3%A9tricos+Ltda+ME/data=!4m7!3m6!1s0x94bbe3fe285e760f:0x905468dc4e351411!8m2!3d-20.9475895!4d-48.4713773!16s%2Fg%2F1tflt3jw!19sChIJD3ZeKP7ju5QRERQ1TtxoVJA?authuser=0&hl=pt-BR&g_ep=EgoyMDI2MDkzMC4wIJJjKgBIAVAD&rclk=1;16
Anel 2;Monte Alto/SP;Tréssino Elétrica e Hidráulica;(16) 3242-1113;;;;https://www.google.com/maps/place/Tr%C3%A9ssino+El%C3%A9trica+e+Hidr%C3%A1ulica/data=!4m7!3m6!1s0x94b946a91fd67ecb:0x12467dfd13427f32!8m2!3d-21.2625935!4d-48.4861795!16s%2Fg%2F1pty_zp7y!19sChIJy37WH6lGuZQRMn9CE_19RhI?authuser=0&hl=pt-BR&g_ep=EgoyMDI2MDkzMC4wIJJjKgBIAVAD&rclk=1;16
Anel 2;Matão/SP;Casa Nova Hidráulica e Elétrica;(16) 3384-2482;;;;https://www.google.com/maps/place/Casa+Nova+Hidr%C3%A1ulica+e+El%C3%A9trica/data=!4m7!3m6!1s0x94b91f8dda096727:0x7391b53b5fa411d9!8m2!3d-21.6036623!4d-48.3775933!16s%2Fg%2F11wbtpq3j4!19sChIJJ2cJ2o0fuZQR2RGkXzu1kXM?authuser=0&hl=pt-BR&g_ep=EgoyMDI2MDkzMC4wIJJjKgBIAVAD&rclk=1;16
Anel 2;Matão/SP;ÚNICAÇO DISTRIBUIDORA;;(16) 99707-9098;;https://unicaco.kyte.site/ | https://instagram.com/unicaco_distribuidora;https://www.google.com/maps/place/%C3%9ANICA%C3%87O+DISTRIBUIDORA/data=!4m7!3m6!1s0x94b91f567c1e26ad:0xf7ec79f58c6ccbe5!8m2!3d-21.5945667!4d-48.3842388!16s%2Fg%2F11qmr0wznn!19sChIJrSYefFYfuZQR5ctsjPV57Pc?authuser=0&hl=pt-BR&g_ep=EgoyMDI2MDkzMC4wIJJjKgBIAVAD&rclk=1;16
Anel 2;Mococa/SP;Orestes e Marques Ltda - MAREST Distribuidora;(19) 3656-9121;;;https://marest.com.br/;https://www.google.com/maps/place/Orestes+e+Marques+Ltda+-+MAREST+Distribuidora/data=!4m7!3m6!1s0x94b7b817916689c3:0x6d0303ed52c1a98d!8m2!3d-21.4742774!4d-46.9897325!16s%2Fg%2F1thkyc13!19sChIJw4lmkRe4t5QRjanBUu0DA20?authuser=0&hl=pt-BR&g_ep=EgoyMDI2MDkzMC4wIJJjKgBIAVAD&rclk=1;16
Anel 2;Araraquara/SP;VILA Materiais Elétricos - Araraquara;(16) 3461-3661;;;;https://www.google.com/maps/place/VILA+Materiais+El%C3%A9tricos+-+Araraquara/data=!4m7!3m6!1s0x94b8f3cdef5965b9:0xe7f81b021a2b9bed!8m2!3d-21.7864634!4d-48.1599879!16s%2Fg%2F11h512bbtw!19sChIJuWVZ783zuJQR7ZsrGgIb-Oc?authuser=0&hl=pt-BR&g_ep=EgoyMDI2MDkzMC4wIJJjKgBIAVAD&rclk=1;15
Anel 2;Franca/SP;Adripeças Distribuidora;(16) 3722-6207;;;;https://www.google.com/maps/place/Adripe%C3%A7as+Distribuidora/data=!4m7!3m6!1s0x94b0a74a7283976f:0xf9281b05484d0a73!8m2!3d-20.5248417!4d-47.3713596!16s%2Fg%2F11jz4p586n!19sChIJb5eDckqnsJQRcwpNSAUbKPk?authuser=0&hl=pt-BR&g_ep=EgoyMDI2MDkzMC4wIJJjKgBIAVAD&rclk=1;15
Anel 2;Taquaritinga/SP;Benja Elétrica Hidraúlica e Iluminação;(16) 3253-1567;(16) 99724-9916;;https://benjaeletrica.com.br/;https://www.google.com/maps/place/Benja+El%C3%A9trica+Hidra%C3%BAlica+e+Ilumina%C3%A7%C3%A3o/data=!4m7!3m6!1s0x94b939ee29f6aead:0xd2149aa76ce79160!8m2!3d-21.4105187!4d-48.5057324!16s%2Fg%2F11vbv8ndd5!19sChIJra72Ke45uZQRYJHnbKeaFNI?authuser=0&hl=pt-BR&g_ep=EgoyMDI2MDkzMC4wIJJjKgBIAVAD&rclk=1;15
Anel 2;Mococa/SP;CASA SÃO FRANCISCO;;(19) 99110-2134;;https://www.poliwebapp.com.br/4381;https://www.google.com/maps/place/CASA+S%C3%83O+FRANCISCO/data=!4m7!3m6!1s0x94b7b9da6eb8f4d3:0x59b42b5944c7cc0e!8m2!3d-21.4649303!4d-47.0163716!16s%2Fg%2F11ldrljpv1!19sChIJ0_S4btq5t5QRDszHRFkrtFk?authuser=0&hl=pt-BR&g_ep=EgoyMDI2MDkzMC4wIJJjKgBIAVAD&rclk=1;15
Anel 2;Mococa/SP;Local Locadora Equipamentos Construção Civil;(19) 3656-0402;;;;https://www.google.com/maps/place/Local+Locadora+Equipamentos+Constru%C3%A7%C3%A3o+Civil/data=!4m7!3m6!1s0x94b7b9b2f3b6ba53:0x9d470b1984eb28b3!8m2!3d-21.4560156!4d-47.0087531!16s%2Fg%2F1tdg8xcc!19sChIJU7q287K5t5QRsyjrhBkLR50?authuser=0&hl=pt-BR&g_ep=EgoyMDI2MDkzMC4wIJJjKgBIAVAD&rclk=1;15
Anel 2;Batatais/SP;GHR Transformadores;(16) 3761-1212;(16) 99323-2768;contato@transformadoresghr.com.br;https://www.transformadorghr.com.br/ | https://www.instagram.com/ghrtransformadores;https://www.google.com/maps/place/GHR+Transformadores/data=!4m7!3m6!1s0x94b9fab22973850f:0xcf687c6dd506164c!8m2!3d-20.9048861!4d-47.5916437!16s%2Fg%2F1pv2btdx2!19sChIJD4VzKbL6uZQRTBYG1W18aM8?authuser=0&hl=pt-BR&g_ep=EgoyMDI2MDkzMC4wIJJjKgBIAVAD&rclk=1;14
Anel 2;Jaboticabal/SP;Casalmeida - Materiais para construção;;(16) 99709-3295;;https://www.instagram.com/casalmeidamte;https://www.google.com/maps/place/Casalmeida+-+Materiais+para+constru%C3%A7%C3%A3o/data=!4m7!3m6!1s0x94b96b753ed7f60b:0x3451dcfd8ecc94b8!8m2!3d-21.2681302!4d-48.3367721!16s%2Fg%2F11z8pyj470!19sChIJC_bXPnVruZQRuJTMjv3cUTQ?authuser=0&hl=pt-BR&g_ep=EgoyMDI2MDkzMC4wIJJjKgBIAVAD&rclk=1;14
Anel 2;Monte Alto/SP;PECMA - Eletrificação e Locação;(16) 3243-3779;;;;https://www.google.com/maps/place/PECMA+-+Eletrifica%C3%A7%C3%A3o+e+Loca%C3%A7%C3%A3o/data=!4m7!3m6!1s0x94b9415136b49481:0xfaabf95f4f814d52!8m2!3d-21.2745666!4d-48.4724359!16s%2Fg%2F11lkbyqrjz!19sChIJgZS0NlFBuZQRUk2BT1_5q_o?authuser=0&hl=pt-BR&g_ep=EgoyMDI2MDkzMC4wIJJjKgBIAVAD&rclk=1;14
Anel 2;Araraquara/SP;DVT;(16) 3114-0720;;;https://www.dvtatacadista.com.br/;https://www.google.com/maps/place/DVT/data=!4m7!3m6!1s0x94b8f3ea139fdfd5:0x8ec435d023edc89!8m2!3d-21.7745538!4d-48.1781005!16s%2Fg%2F11gz8hyb9!19sChIJ1d-fE-rzuJQRidw-Al1D7Ag?authuser=0&hl=pt-BR&g_ep=EgoyMDI2MDkzMC4wIJJjKgBIAVAD&rclk=1;14
Anel 2;Mococa/SP;LONGO MATERIAIS PARA CONSTRUÇÃO LTDA;(19) 3656-2498;;;;https://www.google.com/maps/place/LONGO+MATERIAIS+PARA+CONSTRU%C3%87%C3%83O+LTDA/data=!4m7!3m6!1s0x94b7b84c253aa077:0x5a4040455ac2f93d!8m2!3d-21.4618661!4d-47.0066624!16s%2Fg%2F11hyn8tqhn!19sChIJd6A6JUy4t5QRPfnCWkVAQFo?authuser=0&hl=pt-BR&g_ep=EgoyMDI2MDkzMC4wIJJjKgBIAVAD&rclk=1;14
Anel 2;Mococa/SP;MOTO ELETRICA MOBIVOLTZ.MOCOCA;;(19) 99344-3890;;;https://www.google.com/maps/place/MOTO+ELETRICA+MOBIVOLTZ.MOCOCA/data=!4m7!3m6!1s0x94b7b933b4e0bbf1:0x6143af3f32af36fd!8m2!3d-21.4798013!4d-47.0014082!16s%2Fg%2F11yzkxzwj5!19sChIJ8bvgtDO5t5QR_TavMj-vQ2E?authuser=0&hl=pt-BR&g_ep=EgoyMDI2MDkzMC4wIJJjKgBIAVAD&rclk=1;14
Anel 2;Batatais/SP;DMC INSTALAÇÕES ELÉTRICAS;;(16) 99145-8575;;;https://www.google.com/maps/place/DMC+INSTALA%C3%87%C3%95ES+EL%C3%89TRICAS/data=!4m7!3m6!1s0x94b9fb1cc4c2db65:0xa5f9de54a301098c!8m2!3d-20.8910357!4d-47.581576!16s%2Fg%2F11mvnqk_x6!19sChIJZdvCxBz7uZQRjAkBo1Te-aU?authuser=0&hl=pt-BR&g_ep=EgoyMDI2MDkzMC4wIJJjKgBIAVAD&rclk=1;13
Anel 2;São Carlos/SP;Eletroenrolamentos e Automação Industrial São Carlos;(16) 3412-4289;;;;https://www.google.com/maps/place/Eletroenrolamentos+e+Automa%C3%A7%C3%A3o+Industrial+S%C3%A3o+Carlos/data=!4m7!3m6!1s0x94b877cd251c3289:0x5125579b7740e355!8m2!3d-22.0686734!4d-47.882943!16s%2Fg%2F11c1g8vl74!19sChIJiTIcJc13uJQRVeNAd5tXJVE?authuser=0&hl=pt-BR&g_ep=EgoyMDI2MDkzMC4wIJJjKgBIAVAD&rclk=1;13
Anel 2;São Carlos/SP;Sousa Elétrica e Hidráulica;(16) 3307-5500;;;https://www.instagram.com/sousaeletricaehidraulica/;https://www.google.com/maps/place/Sousa+El%C3%A9trica+e+Hidr%C3%A1ulica/data=!4m7!3m6!1s0x94b87783adc755e3:0x627a5a3dd3439144!8m2!3d-22.0176032!4d-47.8495577!16s%2Fg%2F11x13jbsjp!19sChIJ41XHrYN3uJQRRJFD0z1aemI?authuser=0&hl=pt-BR&g_ep=EgoyMDI2MDkzMC4wIJJjKgBIAVAD&rclk=1;13
Anel 2;Franca/SP;Sousa Brito Materiais Eletricos;;(16) 99383-8630;;https://shopee.com.br/shop/1119437104;https://www.google.com/maps/place/Sousa+Brito+Materiais+Eletricos/data=!4m7!3m6!1s0x94b0a73c32222eb3:0xf809a24ec4eb4d29!8m2!3d-20.5180875!4d-47.392215!16s%2Fg%2F11x1y1ndd_!19sChIJsy4iMjynsJQRKU3rxE6iCfg?authuser=0&hl=pt-BR&g_ep=EgoyMDI2MDkzMC4wIJJjKgBIAVAD&rclk=1;13
Anel 2;Bebedouro/SP;ILUMISEG;;(17) 99164-4400;;;https://www.google.com/maps/place/ILUMISEG/data=!4m7!3m6!1s0x94bbe5686538d317:0x37ddfda1ab0d27ac!8m2!3d-20.9460872!4d-48.4809999!16s%2Fg%2F11y98ptlr4!19sChIJF9M4ZWjlu5QRrCcNq6H93Tc?authuser=0&hl=pt-BR&g_ep=EgoyMDI2MDkzMC4wIJJjKgBIAVAD&rclk=1;12
Anel 2;Araraquara/SP;Primeira Opção Materiais Elétricos e Hidráulicos;;(16) 99766-7458;;;https://www.google.com/maps/place/Primeira+Op%C3%A7%C3%A3o+Materiais+El%C3%A9tricos+e+Hidr%C3%A1ulicos/data=!4m7!3m6!1s0x94b8f6ab618c43bb:0xfee9a0e2a6c69d52!8m2!3d-21.7753172!4d-48.1589988!16s%2Fg%2F11bztf3kb2!19sChIJu0OMYav2uJQRUp3GpuKg6f4?authuser=0&hl=pt-BR&g_ep=EgoyMDI2MDkzMC4wIJJjKgBIAVAD&rclk=1;12
Anel 2;Araraquara/SP;DC MATERIAIS PARA CONSTRUÇÃO;;(16) 99600-0315;;;https://www.google.com/maps/place/DC+MATERIAIS+PARA+CONSTRU%C3%87%C3%83O/data=!4m7!3m6!1s0x94b8f19c35c691d7:0xca3d55301d405ef3!8m2!3d-21.762542!4d-48.2111041!16s%2Fg%2F11tj_ywfl3!19sChIJ15HGNZzxuJQR815AHTBVPco?authuser=0&hl=pt-BR&g_ep=EgoyMDI2MDkzMC4wIJJjKgBIAVAD&rclk=1;12
Anel 2;Franca/SP;EPF Eletro Poste Forte Materiais Elétricos;;(16) 99275-0609;;https://www.facebook.com/eletro.poste.forte/;https://www.google.com/maps/place/EPF+Eletro+Poste+Forte+Materiais+El%C3%A9tricos/data=!4m7!3m6!1s0x94b0a8aafe74f8f9:0x8bb520ec983d0a4b!8m2!3d-20.5412581!4d-47.3728019!16s%2Fg%2F11bx1j8680!19sChIJ-fh0_qqosJQRSwo9mOwgtYs?authuser=0&hl=pt-BR&g_ep=EgoyMDI2MDkzMC4wIJJjKgBIAVAD&rclk=1;12
Anel 2;Mococa/SP;WL Equipamentos Comerciais;(19) 3665-1230;;;http://www.wlequipamentoscomerciais.com.br/;https://www.google.com/maps/place/WL+Equipamentos+Comerciais/data=!4m7!3m6!1s0x94b7b993e4e0e4f3:0x46db133e5a24c451!8m2!3d-21.4661388!4d-47.0111236!16s%2Fg%2F11h5mqjk20!19sChIJ8-Tg5JO5t5QRUcQkWj4T20Y?authuser=0&hl=pt-BR&g_ep=EgoyMDI2MDkzMC4wIJJjKgBIAVAD&rclk=1;12
Anel 2;Batatais/SP;Capel materiais elétricos;;(16) 99234-7028;;;https://www.google.com/maps/place/Capel+materiais+el%C3%A9tricos/data=!4m7!3m6!1s0x94b9fb6b94037339:0x486d38a21cd40f34!8m2!3d-20.8917185!4d-47.5926043!16s%2Fg%2F11ld_qtcsb!19sChIJOXMDlGv7uZQRNA_UHKI4bUg?authuser=0&hl=pt-BR&g_ep=EgoyMDI2MDkzMC4wIJJjKgBIAVAD&rclk=1;11
Anel 2;Jaboticabal/SP;Remifio Materiais Para Construção;(16) 3202-7268;(67) 98112-2626;;https://mechamenozap.com.br/remifiomateriaisparaconstrucao/;https://www.google.com/maps/place/Remifio+Materiais+Para+Constru%C3%A7%C3%A3o/data=!4m7!3m6!1s0x94b96b6e8bf3fd3f:0x3e5a9d03c8d93fd5!8m2!3d-21.2759491!4d-48.3194443!16s%2Fg%2F11pwjks7kx!19sChIJP_3zi25ruZQR1T_ZyAOdWj4?authuser=0&hl=pt-BR&g_ep=EgoyMDI2MDkzMC4wIJJjKgBIAVAD&rclk=1;11
Anel 2;Bebedouro/SP;Elétrica Hecel;(17) 3342-5358;;;;https://www.google.com/maps/place/El%C3%A9trica+Hecel/data=!4m7!3m6!1s0x94bbe40cc09f6601:0xe7cbf37ae2b3fb7d!8m2!3d-20.9461114!4d-48.4977028!16s%2Fg%2F11c31xvs44!19sChIJAWafwAzku5QRffuz4nrzy-c?authuser=0&hl=pt-BR&g_ep=EgoyMDI2MDkzMC4wIJJjKgBIAVAD&rclk=1;11
Anel 2;Franca/SP;Boa Vista Materiais Hidráulicos e Elétricos;(16) 3702-3598;;;;https://www.google.com/maps/place/Boa+Vista+Materiais+Hidr%C3%A1ulicos+e+El%C3%A9tricos/data=!4m7!3m6!1s0x94b0a8ebf1c20a21:0xf87bb098d1c8fbd6!8m2!3d-20.556835!4d-47.4050871!16s%2Fg%2F1ptxqnz1x!19sChIJIQrC8euosJQR1vvI0Ziwe_g?authuser=0&hl=pt-BR&g_ep=EgoyMDI2MDkzMC4wIJJjKgBIAVAD&rclk=1;11
Anel 2;Franca/SP;Vã-Lago elétricos e hidráulicos;;;;;https://www.google.com/maps/place/V%C3%A3-Lago+el%C3%A9tricos+e+hidr%C3%A1ulicos/data=!4m7!3m6!1s0x94b0aecb466cb3c1:0x51211bf60d0881e!8m2!3d-20.5915587!4d-47.3699661!16s%2Fg%2F11bx9m_0j8!19sChIJwbNsRsuusJQRHojQYL8REgU?authuser=0&hl=pt-BR&g_ep=EgoyMDI2MDkzMC4wIJJjKgBIAVAD&rclk=1;11
Anel 2;Mococa/SP;Auto elétrica Alves;;(19) 99154-3630;;http://wa.me/5519991543630 | https://www.instagram.com/whatsapp;https://www.google.com/maps/place/Auto+el%C3%A9trica+Alves/data=!4m7!3m6!1s0x94b7b9aadb310c23:0x4e0f6925d173c3ce!8m2!3d-21.4916574!4d-47.0134461!16s%2Fg%2F11vyfj9kk3!19sChIJIwwx26q5t5QRzsNz0SVpD04?authuser=0&hl=pt-BR&g_ep=EgoyMDI2MDkzMC4wIJJjKgBIAVAD&rclk=1;11
Anel 2;Matão/SP;DM Materiais Elétricos, Hidráulica e Ferramentas - Matão;;(16) 99641-0648;;https://www.instagram.com/dmmateriaiseletricosmatao?igsh=MXB5NXFnaTNmcWJkZw==;https://www.google.com/maps/place/DM+Materiais+El%C3%A9tricos,+Hidr%C3%A1ulica+e+Ferramentas+-+Mat%C3%A3o/data=!4m7!3m6!1s0x94b91fc1fd64b9a7:0xb99d2f2b1459cd4!8m2!3d-21.5933011!4d-48.3578746!16s%2Fg%2F11x8r_3b_4!19sChIJp7lk_cEfuZQR1JxFsfLSmQs?authuser=0&hl=pt-BR&g_ep=EgoyMDI2MDkzMC4wIJJjKgBIAVAD&rclk=1;10
Anel 2;Matão/SP;Mega Elétron Matão - Veículos Elétricos;(16) 2016-3181;;;;https://www.google.com/maps/place/Mega+El%C3%A9tron+Mat%C3%A3o+-+Ve%C3%ADculos+El%C3%A9tricos/data=!4m7!3m6!1s0x94b91f907f8cbf51:0xb42b3e5b02363423!8m2!3d-21.5983092!4d-48.3675489!16s%2Fg%2F11wbfrfy1h!19sChIJUb-Mf5AfuZQRIzQ2Als-K7Q?authuser=0&hl=pt-BR&g_ep=EgoyMDI2MDkzMC4wIJJjKgBIAVAD&rclk=1;10
Anel 2;Araraquara/SP;Elétro Pas;(16) 3337-3912;;;;https://www.google.com/maps/place/El%C3%A9tro+Pas/data=!4m7!3m6!1s0x94b8f4082497bf89:0x25b70c635150ba6d!8m2!3d-21.791146!4d-48.159256!16s%2Fg%2F11ckr7y7jk!19sChIJib-XJAj0uJQRbbpQUWMMtyU?authuser=0&hl=pt-BR&g_ep=EgoyMDI2MDkzMC4wIJJjKgBIAVAD&rclk=1;10
Anel 2;São Carlos/SP;FP - Ferpecas;(16) 3368-3400;;;;https://www.google.com/maps/place/FP+-+Ferpecas/data=!4m7!3m6!1s0x94b8771a2ffaf243:0x351afc66b85093b8!8m2!3d-22.0301564!4d-47.8902626!16s%2Fg%2F11bx421zz0!19sChIJQ_L6Lxp3uJQRuJNQuGb8GjU?authuser=0&hl=pt-BR&g_ep=EgoyMDI2MDkzMC4wIJJjKgBIAVAD&rclk=1;10
Anel 2;Franca/SP;Eletro Cano Materiais Elétricos, Hidráulicos e Ferramentas;(16) 3702-8902;;;;https://www.google.com/maps/place/Eletro+Cano+Materiais+El%C3%A9tricos,+Hidr%C3%A1ulicos+e+Ferramentas/data=!4m7!3m6!1s0x94b0af2b50697521:0x414560a56f6671!8m2!3d-20.5720189!4d-47.3701099!16s%2Fg%2F11bx44krwf!19sChIJIXVpUCuvsJQRcWZvpWBFQQA?authuser=0&hl=pt-BR&g_ep=EgoyMDI2MDkzMC4wIJJjKgBIAVAD&rclk=1;10
Anel 2;Franca/SP;360 ENGENHARIA INDUSTRIAL - ELETRICA E AUTOMAÇÃO;(16) 3030-7141;;;http://360engenhariaindustrial.com.br/;https://www.google.com/maps/place/360+ENGENHARIA+INDUSTRIAL+-+ELETRICA+E+AUTOMA%C3%87%C3%83O/data=!4m7!3m6!1s0x94ba093434430c69:0x741a4ab1b9d97302!8m2!3d-20.5432869!4d-47.4579906!16s%2Fg%2F11x_6mgfhr!19sChIJaQxDNDQJupQRAnPZubFKGnQ?authuser=0&hl=pt-BR&g_ep=EgoyMDI2MDkzMC4wIJJjKgBIAVAD&rclk=1;10
Anel 2;Franca/SP;Engenheiro Guilherme Siqueira - Engenharia Elétrica e Materiais Elétricos;;(16) 99404-2823;;http://engenheirosiqueira.com.br/;https://www.google.com/maps/place/Engenheiro+Guilherme+Siqueira+-+Engenharia+El%C3%A9trica+e+Materiais+El%C3%A9tricos/data=!4m7!3m6!1s0x67aa543440212bf7:0x37d69a475f7dbc68!8m2!3d-20.5513055!4d-47.3524653!16s%2Fg%2F11tcz7k0xx!19sChIJ9yshQDRUqmcRaLx9X0ea1jc?authuser=0&hl=pt-BR&g_ep=EgoyMDI2MDkzMC4wIJJjKgBIAVAD&rclk=1;10
Anel 2;Jaboticabal/SP;MR SAT Segurança Eletrônica e Energia Solar - Motor de portão, câmera de segurança, interfone, antena;(16) 3202-7262;;;;https://www.google.com/maps/place/MR+SAT+Seguran%C3%A7a+Eletr%C3%B4nica+e+Energia+Solar+-+Motor+de+port%C3%A3o,+c%C3%A2mera+de+seguran%C3%A7a,+interfone,+antena/data=!4m7!3m6!1s0x94b96dc00d9227d1:0x58639ee37bd646d0!8m2!3d-21.2594149!4d-48.3143005!16s%2Fg%2F11vq06fm0v!19sChIJ0SeSDcBtuZQR0EbWe-OeY1g?authuser=0&hl=pt-BR&g_ep=EgoyMDI2MDkzMC4wIJJjKgBIAVAD&rclk=1;9
Anel 2;Araraquara/SP;Tudo Tudo Utilidades;(16) 2221-0504;(16) 2221-0504;;https://wa.me/551622210504 | https://www.instagram.com/whatsapp;https://www.google.com/maps/place/Tudo+Tudo+Utilidades/data=!4m7!3m6!1s0x94b8f4073a8a6d65:0x2f68fd1983d93819!8m2!3d-21.7850357!4d-48.158166!16s%2Fg%2F11bw5zht4v!19sChIJZW2KOgf0uJQRGTjZgxn9aC8?authuser=0&hl=pt-BR&g_ep=EgoyMDI2MDkzMC4wIJJjKgBIAVAD&rclk=1;9
Anel 2;Pitangueiras/SP;Almeida Materiais Elétricos;;(16) 99193-9715;;https://www.instagram.com/almeida.eletricos/profilecard/?igsh=MTd2bDd6ejBrbmtjdg==;https://www.google.com/maps/place/Almeida+Materiais+El%C3%A9tricos/data=!4m7!3m6!1s0x94b97d6878c4c45b:0x6dcd32e01a8accac!8m2!3d-21.009473!4d-48.2179408!16s%2Fg%2F11x0n_2pvl!19sChIJW8TEeGh9uZQRrMyKGuAyzW0?authuser=0&hl=pt-BR&g_ep=EgoyMDI2MDkzMC4wIJJjKgBIAVAD&rclk=1;9
Anel 2;Santa Rita do Passa Quatro/SP;Delfi Distribuidora e Refrigeração;(19) 3584-5134;;;;https://www.google.com/maps/place/Delfi+Distribuidora+e+Refrigera%C3%A7%C3%A3o/data=!4m7!3m6!1s0x94b81e66e3904739:0x29d261340d4e8055!8m2!3d-21.7079016!4d-47.4832219!16s%2Fg%2F11pdnn9lx3!19sChIJOUeQ42YeuJQRVYBODTRh0ik?authuser=0&hl=pt-BR&g_ep=EgoyMDI2MDkzMC4wIJJjKgBIAVAD&rclk=1;9
Anel 2;Batatais/SP;Servitec - Serviços Técnicos em Eletricidade e Rebobinagem de Motores;(16) 3662-6316;;;;https://www.google.com/maps/place/Servitec+-+Servi%C3%A7os+T%C3%A9cnicos+em+Eletricidade+e+Rebobinagem+de+Motores/data=!4m7!3m6!1s0x94b9faa275475e3f:0x409904e6af57fdb9!8m2!3d-20.895319!4d-47.599963!16s%2Fg%2F11b5ywv4rj!19sChIJP15HdaL6uZQRuf1Xr-YEmUA?authuser=0&hl=pt-BR&g_ep=EgoyMDI2MDkzMC4wIJJjKgBIAVAD&rclk=1;8
Anel 2;Monte Alto/SP;Conexão Iluminação Materiais Elétricos Hidráulicos;(16) 3242-1190;;;;https://www.google.com/maps/place/Conex%C3%A3o+Ilumina%C3%A7%C3%A3o+Materiais+El%C3%A9tricos+Hidr%C3%A1ulicos/data=!4m7!3m6!1s0x94b9469dd3da6adb:0x38fc0d534c3a8662!8m2!3d-21.2664151!4d-48.5043062!16s%2Fg%2F1tfv66rc!19sChIJ22ra051GuZQRYoY6TFMN_Dg?authuser=0&hl=pt-BR&g_ep=EgoyMDI2MDkzMC4wIJJjKgBIAVAD&rclk=1;8
Anel 2;Matão/SP;MaxFio Matão;(16) 2016-1730;;;http://www.maxfio.com.br/;https://www.google.com/maps/place/MaxFio+Mat%C3%A3o/data=!4m7!3m6!1s0x94b8e1aa226f71a5:0x7a4af533c887fc1!8m2!3d-21.6149249!4d-48.3498315!16s%2Fg%2F11n7tcpb2z!19sChIJpXFvIqrhuJQRwX-IPFOvpAc?authuser=0&hl=pt-BR&g_ep=EgoyMDI2MDkzMC4wIJJjKgBIAVAD&rclk=1;8
Anel 2;Taquaritinga/SP;Fe Tech | Painéis Elétricos;(16) 3253-6860;;contato@fetech.ind.br;http://www.fetech.ind.br/ | https://www.instagram.com/fetechnologia;https://www.google.com/maps/place/Fe+Tech+%7C+Pain%C3%A9is+El%C3%A9tricos/data=!4m7!3m6!1s0x94b93bfd9c44b92f:0x26ed0ba5a770d4b7!8m2!3d-21.4131498!4d-48.4795519!16s%2Fg%2F11kqlwn89r!19sChIJL7lEnP07uZQRt9Rwp6UL7SY?authuser=0&hl=pt-BR&g_ep=EgoyMDI2MDkzMC4wIJJjKgBIAVAD&rclk=1;8
Anel 2;Taquaritinga/SP;Eletrocentro;(16) 3252-3243;;;;https://www.google.com/maps/place/Eletrocentro/data=!4m7!3m6!1s0x94b93968b0d5d023:0xcda3221024deb4fe!8m2!3d-21.4088964!4d-48.5032442!16s%2Fg%2F11hbkh7285!19sChIJI9DVsGg5uZQR_rTeJBAio80?authuser=0&hl=pt-BR&g_ep=EgoyMDI2MDkzMC4wIJJjKgBIAVAD&rclk=1;8
Anel 2;Taquaritinga/SP;Iluminar elétrica, hidráulica e iluminação;;;;;https://www.google.com/maps/place/Iluminar+el%C3%A9trica,+hidr%C3%A1ulica+e+ilumina%C3%A7%C3%A3o/data=!4m7!3m6!1s0x94b939005b039f41:0x7daac5d9f73f9d76!8m2!3d-21.4092936!4d-48.5046201!16s%2Fg%2F11z1jm_vbt!19sChIJQZ8DWwA5uZQRdp0_99nFqn0?authuser=0&hl=pt-BR&g_ep=EgoyMDI2MDkzMC4wIJJjKgBIAVAD&rclk=1;8
Anel 2;Santa Rita do Passa Quatro/SP;Rolamentos e Ferragens Santa Rita;(19) 3582-3342;;;;https://www.google.com/maps/place/Rolamentos+e+Ferragens+Santa+Rita/data=!4m7!3m6!1s0x94b81fd098802a01:0x18fad9d0307b0bd6!8m2!3d-21.7062536!4d-47.4807119!16s%2Fg%2F11h1knd76g!19sChIJASqAmNAfuJQR1gt7MNDZ-hg?authuser=0&hl=pt-BR&g_ep=EgoyMDI2MDkzMC4wIJJjKgBIAVAD&rclk=1;8
Anel 2;Mococa/SP;QUAPRO Componentes Elétricos;;(11) 99811-7279;contato@quapro.com.br;https://www.quapro.com.br/ | https://www.instagram.com/quaprobr;https://www.google.com/maps/place/QUAPRO+Componentes+El%C3%A9tricos/data=!4m7!3m6!1s0x94b7b9aefa8e6927:0xbe8e78672a230b7b!8m2!3d-21.4737013!4d-47.0347986!16s%2Fg%2F1tj53pty!19sChIJJ2mO-q65t5QRewsjKmd4jr4?authuser=0&hl=pt-BR&g_ep=EgoyMDI2MDkzMC4wIJJjKgBIAVAD&rclk=1;8
Anel 2;Monte Alto/SP;ERMA, ENGENHARIA ELÉTRICA, LOCAÇÃO DE MUNCK, SISTEMA DE SEGURANÇAS.;(16) 3242-4782;;;;https://www.google.com/maps/place/ERMA,+ENGENHARIA+EL%C3%89TRICA,+LOCA%C3%87%C3%83O+DE+MUNCK,+SISTEMA+DE+SEGURAN%C3%87AS./data=!4m7!3m6!1s0x94b947fe245d555f:0x5476e178b9c6c618!8m2!3d-21.2637865!4d-48.4946392!16s%2Fg%2F11g0lkrxdw!19sChIJX1VdJP5HuZQRGMbGuXjhdlQ?authuser=0&hl=pt-BR&g_ep=EgoyMDI2MDkzMC4wIJJjKgBIAVAD&rclk=1;7
Anel 2;Matão/SP;João Frota Neto Matão;(16) 3394-3689;;;;https://www.google.com/maps/place/Jo%C3%A3o+Frota+Neto+Mat%C3%A3o/data=!4m7!3m6!1s0x94b91e2488bd5221:0x23ac39c5beb1a79d!8m2!3d-21.5968837!4d-48.3448371!16s%2Fg%2F1ptw7yx63!19sChIJIVK9iCQeuZQRnaexvsU5rCM?authuser=0&hl=pt-BR&g_ep=EgoyMDI2MDkzMC4wIJJjKgBIAVAD&rclk=1;7
Anel 2;Araraquara/SP;Oriente Distribuidora;(16) 3461-6364;(16) 3461-6364;contato@orientedistribuidora.com.br;http://www.orientedistribuidora.com.br/ | https://www.instagram.com/oriente_distribuidoraoficial;https://www.google.com/maps/place/Oriente+Distribuidora/data=!4m7!3m6!1s0x94b8f1f0b6ed9e21:0xbeb334318457f02a!8m2!3d-21.7763851!4d-48.1894405!16s%2Fg%2F11j20tdznp!19sChIJIZ7ttvDxuJQRKvBXhDE0s74?authuser=0&hl=pt-BR&g_ep=EgoyMDI2MDkzMC4wIJJjKgBIAVAD&rclk=1;7
Anel 2;Araraquara/SP;Ponto de Luz;(16) 3334-2040;;;;https://www.google.com/maps/place/Ponto+de+Luz/data=!4m7!3m6!1s0x94b8f3e9cf6078bb:0xc71fe65bd1520833!8m2!3d-21.7986435!4d-48.1788191!16s%2Fg%2F11bw772l6k!19sChIJu3hgz-nzuJQRMwhS0VvmH8c?authuser=0&hl=pt-BR&g_ep=EgoyMDI2MDkzMC4wIJJjKgBIAVAD&rclk=1;7
Anel 2;São Carlos/SP;AK SUPRIMENTOS;;(16) 99790-2425;;https://aksuprimentos.com.br/;https://www.google.com/maps/place/AK+SUPRIMENTOS/data=!4m7!3m6!1s0x94b877b71a7e5ad7:0x116276b19d9b69f0!8m2!3d-22.0305401!4d-47.8792169!16s%2Fg%2F11xf1x21h8!19sChIJ11p-Grd3uJQR8GmbnbF2YhE?authuser=0&hl=pt-BR&g_ep=EgoyMDI2MDkzMC4wIJJjKgBIAVAD&rclk=1;7
Anel 2;São Carlos/SP;MWF DISTRIBUIDORA DE PEÇAS ELÉTRICAS AUTOMOTIVAS LTDA;;(16) 98257-3473;;;https://www.google.com/maps/place/MWF+DISTRIBUIDORA+DE+PE%C3%87AS+EL%C3%89TRICAS+AUTOMOTIVAS+LTDA/data=!4m7!3m6!1s0x94b8771529c83e8f:0xc719ae4ae0953316!8m2!3d-22.0145881!4d-47.876912!16s%2Fg%2F11x02zswt8!19sChIJjz7IKRV3uJQRFjOV4EquGcc?authuser=0&hl=pt-BR&g_ep=EgoyMDI2MDkzMC4wIJJjKgBIAVAD&rclk=1;7
Anel 2;Franca/SP;Polimaq Materiais Elétricos;(16) 3721-7510;(16) 99404-2905;;https://polimaqbrasil.com.br/;https://www.google.com/maps/place/Polimaq+Materiais+El%C3%A9tricos/data=!4m7!3m6!1s0x94b0a7cea448513f:0x472eaf88f2d54005!8m2!3d-20.5406573!4d-47.3604396!16s%2Fg%2F11tg9_5c63!19sChIJP1FIpM6nsJQRBUDV8oivLkc?authuser=0&hl=pt-BR&g_ep=EgoyMDI2MDkzMC4wIJJjKgBIAVAD&rclk=1;7
Anel 2;Franca/SP;Materiais Elétricos Decorações e Utilidades iluminar.Led Franca;;(16) 99312-4011;;;https://www.google.com/maps/place/Materiais+El%C3%A9tricos+Decora%C3%A7%C3%B5es+e+Utilidades+iluminar.Led+Franca/data=!4m7!3m6!1s0x94b0a7865e5adb3d:0x6153d48f3014e76b!8m2!3d-20.5289699!4d-47.4273733!16s%2Fg%2F11kpsnkv5n!19sChIJPdtaXoansJQRa-cUMI_UU2E?authuser=0&hl=pt-BR&g_ep=EgoyMDI2MDkzMC4wIJJjKgBIAVAD&rclk=1;7
Anel 2;São Simão/SP;Eletricista Marcelo de São Simão SP;;(16) 99204-8888;;https://marceloeletricista6.wixsite.com/website;https://www.google.com/maps/place/Eletricista+Marcelo+de+S%C3%A3o+Sim%C3%A3o+SP/data=!4m7!3m6!1s0x94b82fd70828d427:0x48b32921f6df839c!8m2!3d-21.464883!4d-47.5712047!16s%2Fg%2F11ffhk4476!19sChIJJ9QoCNcvuJQRnIPf9iEps0g?authuser=0&hl=pt-BR&g_ep=EgoyMDI2MDkzMC4wIJJjKgBIAVAD&rclk=1;7
Anel 2;Santa Rita do Passa Quatro/SP;Associação Comercial Industrial Santa Rita Passa Quatro;(19) 3582-3817;;;;https://www.google.com/maps/place/Associa%C3%A7%C3%A3o+Comercial+Industrial+Santa+Rita+Passa+Quatro/data=!4m7!3m6!1s0x94b81e66590cfed1:0x8f0fb224478e251!8m2!3d-21.7067981!4d-47.4802028!16s%2Fg%2F1td77p53!19sChIJ0f4MWWYeuJQRUeJ4RCL78Ag?authuser=0&hl=pt-BR&g_ep=EgoyMDI2MDkzMC4wIJJjKgBIAVAD&rclk=1;7
Anel 2;Mococa/SP;Indústria Eletrotécnica Breda;(19) 3656-4898;;;http://www.eletrobreda.com.br/;https://www.google.com/maps/place/Ind%C3%BAstria+Eletrot%C3%A9cnica+Breda/data=!4m7!3m6!1s0x94b7c781202495c1:0x4fc89588268fffaf!8m2!3d-21.5025692!4d-47.0156364!16s%2Fg%2F1hm26658_!19sChIJwZUkIIHHt5QRr_-PJoiVyE8?authuser=0&hl=pt-BR&g_ep=EgoyMDI2MDkzMC4wIJJjKgBIAVAD&rclk=1;7
Anel 2;Batatais/SP;3SR SMART CONDOMÍNIOS;;(16) 99208-7354;;http://3sr.com.br/;https://www.google.com/maps/place/3SR+SMART+CONDOM%C3%8DNIOS/data=!4m7!3m6!1s0x94b9e5337f17d0bb:0xc0dd19a908093aae!8m2!3d-20.8918181!4d-47.5831182!16s%2Fg%2F11bzvzc8w_!19sChIJu9AXfzPluZQRrjoJCKkZ3cA?authuser=0&hl=pt-BR&g_ep=EgoyMDI2MDkzMC4wIJJjKgBIAVAD&rclk=1;6
Anel 2;Bebedouro/SP;Marques Material Elétrico;(17) 3342-9193;;;;https://www.google.com/maps/place/Marques+Material+El%C3%A9trico/data=!4m7!3m6!1s0x94bbe155c2ba3509:0xc037855708f29ede!8m2!3d-20.9504455!4d-48.4775176!16s%2Fg%2F11h9_zyz62!19sChIJCTW6wlXhu5QR3p7yCFeFN8A?authuser=0&hl=pt-BR&g_ep=EgoyMDI2MDkzMC4wIJJjKgBIAVAD&rclk=1;6
Anel 2;Monte Alto/SP;ELETROTUBOS- Material eletrico hidraulico automação industrial Monte Alto;(16) 3241-1079;;;http://www.eletrotubos.net.br/;https://www.google.com/maps/place/ELETROTUBOS-+Material+eletrico+hidraulico+automa%C3%A7%C3%A3o+industrial+Monte+Alto/data=!4m7!3m6!1s0x94b945fec34bb749:0x4d940ef9186940d4!8m2!3d-21.2620859!4d-48.5027206!16s%2Fg%2F11g1nxhmml!19sChIJSbdLw_5FuZQR1EBpGPkOlE0?authuser=0&hl=pt-BR&g_ep=EgoyMDI2MDkzMC4wIJJjKgBIAVAD&rclk=1;6
Anel 2;Matão/SP;Vasão Materiais Elétricos e Hidráulicos;(16) 3389-2020;;;http://facebook.com/vasaomateriais;https://www.google.com/maps/place/Vas%C3%A3o+Materiais+El%C3%A9tricos+e+Hidr%C3%A1ulicos/data=!4m7!3m6!1s0x94b8e118da2f2059:0x873e539ae5fa0c99!8m2!3d-21.6304201!4d-48.3399615!16s%2Fg%2F11g1qjngsg!19sChIJWSAv2hjhuJQRmQz65ZpTPoc?authuser=0&hl=pt-BR&g_ep=EgoyMDI2MDkzMC4wIJJjKgBIAVAD&rclk=1;6
Anel 2;Matão/SP;J Ribeiro Elétrica;(16) 3389-1097;(16) 3389-1097;jribeiroeletrica@gmail.com;https://www.jribeiroeletrica.com.br/;https://www.google.com/maps/place/J+Ribeiro+El%C3%A9trica/data=!4m7!3m6!1s0x94b92582fdba135b:0x7c90037eee7e23ff!8m2!3d-21.5504701!4d-48.5319672!16s%2Fg%2F11mk8ylbg8!19sChIJWxO6_YIluZQR_yN-7n4DkHw?authuser=0&hl=pt-BR&g_ep=EgoyMDI2MDkzMC4wIJJjKgBIAVAD&rclk=1;6
Anel 2;Franca/SP;ELETROMARQUES FRANCA;(16) 3704-1575;;;http://www.eletromarquesfranca.com.br/;https://www.google.com/maps/place/ELETROMARQUES+FRANCA/data=!4m7!3m6!1s0x94b0afe653da7e47:0x1f48d036bcadb90a!8m2!3d-20.5509172!4d-47.3601001!16s%2Fg%2F11f5v33_ql!19sChIJR37aU-avsJQRCrmtvDbQSB8?authuser=0&hl=pt-BR&g_ep=EgoyMDI2MDkzMC4wIJJjKgBIAVAD&rclk=1;6
Anel 2;Franca/SP;Libert - Elétrica, Hidráulica, Parafusos e Ferramentas;;(16) 99962-1809;;https://www.facebook.com/Libert-120255731905930/;https://www.google.com/maps/place/Libert+-+El%C3%A9trica,+Hidr%C3%A1ulica,+Parafusos+e+Ferramentas/data=!4m7!3m6!1s0x94b0a71b61ee8811:0x13c158baa5eb51fd!8m2!3d-20.502243!4d-47.414787!16s%2Fg%2F11bx9hm13s!19sChIJEYjuYRunsJQR_VHrpbpYwRM?authuser=0&hl=pt-BR&g_ep=EgoyMDI2MDkzMC4wIJJjKgBIAVAD&rclk=1;6
Anel 2;Pitangueiras/SP;Tué Constrói;(16) 3952-1196;;;;https://www.google.com/maps/place/Tu%C3%A9+Constr%C3%B3i/data=!4m7!3m6!1s0x94b97dd5c69ca709:0xc0e261b8dee45dd8!8m2!3d-21.0047968!4d-48.2176621!16s%2Fg%2F11xdvv04yy!19sChIJCaecxtV9uZQR2F3k3rhh4sA?authuser=0&hl=pt-BR&g_ep=EgoyMDI2MDkzMC4wIJJjKgBIAVAD&rclk=1;6
Anel 2;São Simão/SP;Loja do Dani;;;;;https://www.google.com/maps/place/Loja+do+Dani/data=!4m7!3m6!1s0x94b82fbd33f78d65:0x21f16e7f413c8c18!8m2!3d-21.462324!4d-47.5729461!16s%2Fg%2F11nxs9zkv4!19sChIJZY33M70vuJQRGIw8QX9u8SE?authuser=0&hl=pt-BR&g_ep=EgoyMDI2MDkzMC4wIJJjKgBIAVAD&rclk=1;6
Anel 2;Santa Rita do Passa Quatro/SP;Eletrica Borgo;(19) 3582-2841;;;;https://www.google.com/maps/place/Eletrica+Borgo/data=!4m7!3m6!1s0x94b81e65b6ee9d3b:0x9edc41cab8d8e507!8m2!3d-21.7075064!4d-47.4811721!16s%2Fg%2F11bbrbw_pv!19sChIJO53utmUeuJQRB-XYuMpB3J4?authuser=0&hl=pt-BR&g_ep=EgoyMDI2MDkzMC4wIJJjKgBIAVAD&rclk=1;6
Anel 2;Santa Rita do Passa Quatro/SP;Décio Camargo Produtos e Equipamentos;(19) 3582-9797;(19) 97131-9797;;http://www.deciocamargo.com.br/;https://www.google.com/maps/place/D%C3%A9cio+Camargo+Produtos+e+Equipamentos/data=!4m7!3m6!1s0x94b81e6799526475:0xbe6b4ee31048bb1e!8m2!3d-21.7051834!4d-47.4797713!16s%2Fg%2F1thhlm7n!19sChIJdWRSmWceuJQRHrtIEONOa74?authuser=0&hl=pt-BR&g_ep=EgoyMDI2MDkzMC4wIJJjKgBIAVAD&rclk=1;6
Anel 2;Mococa/SP;Thor Eletrodisel Ltda;;(19) 98610-4898;;;https://www.google.com/maps/place/Thor+Eletrodisel+Ltda/data=!4m7!3m6!1s0x94b7b9d72a6f2f11:0x4335b8cb45c9119f!8m2!3d-21.4512949!4d-47.0240897!16s%2Fg%2F11tx5nw84m!19sChIJES9vKte5t5QRnxHJRcu4NUM?authuser=0&hl=pt-BR&g_ep=EgoyMDI2MDkzMC4wIJJjKgBIAVAD&rclk=1;6
Anel 2;Batatais/SP;Ynova Soluções hidráulicas e elétricas;(16) 3903-0771;;;;https://www.google.com/maps/place/Ynova+Solu%C3%A7%C3%B5es+hidr%C3%A1ulicas+e+el%C3%A9tricas/data=!4m7!3m6!1s0x94b9fb83e54d862d:0xa4f3d0d2d2f80350!8m2!3d-20.8856468!4d-47.5695182!16s%2Fg%2F11w9j45g3l!19sChIJLYZN5YP7uZQRUAP40tLQ86Q?authuser=0&hl=pt-BR&g_ep=EgoyMDI2MDkzMC4wIJJjKgBIAVAD&rclk=1;5
Anel 2;Bebedouro/SP;Tona Distribuidora Peças;(17) 3342-4144;;;;https://www.google.com/maps/place/Tona+Distribuidora+Pe%C3%A7as/data=!4m7!3m6!1s0x94bbe1556767dca9:0x4b86f7065d40b862!8m2!3d-20.9471622!4d-48.4784853!16s%2Fg%2F1tq6l53s!19sChIJqdxnZ1Xhu5QRYrhAXQb3hks?authuser=0&hl=pt-BR&g_ep=EgoyMDI2MDkzMC4wIJJjKgBIAVAD&rclk=1;5
Anel 2;Monte Alto/SP;C.A ELETROTEC;(16) 3241-0887;;;;https://www.google.com/maps/place/C.A+ELETROTEC/data=!4m7!3m6!1s0x94b9452b4d19765f:0xac560591e88b0437!8m2!3d-21.24931!4d-48.5090715!16s%2Fg%2F11f61wbp3n!19sChIJX3YZTStFuZQRNwSL6JEFVqw?authuser=0&hl=pt-BR&g_ep=EgoyMDI2MDkzMC4wIJJjKgBIAVAD&rclk=1;5
Anel 2;Araraquara/SP;Power Tech Elétrica Instrumentação Automação;(16) 3301-7474;;;;https://www.google.com/maps/place/Power+Tech+El%C3%A9trica+Instrumenta%C3%A7%C3%A3o+Automa%C3%A7%C3%A3o/data=!4m7!3m6!1s0x94b8f47ada71367b:0x2abe5a48685b01f8!8m2!3d-21.8084514!4d-48.1503046!16s%2Fg%2F1tdw4ky8!19sChIJezZx2nr0uJQR-AFbaEhavio?authuser=0&hl=pt-BR&g_ep=EgoyMDI2MDkzMC4wIJJjKgBIAVAD&rclk=1;5
Anel 2;Taquaritinga/SP;J.P Auto Elétrica e Mecânica;;(16) 99266-0475;;;https://www.google.com/maps/place/J.P+Auto+El%C3%A9trica+e+Mec%C3%A2nica/data=!4m7!3m6!1s0x94b9390abaddd46d:0x74977853323872ae!8m2!3d-21.4170034!4d-48.5176342!16s%2Fg%2F11qntv1sxk!19sChIJbdTdugo5uZQRrnI4MlN4l3Q?authuser=0&hl=pt-BR&g_ep=EgoyMDI2MDkzMC4wIJJjKgBIAVAD&rclk=1;5
Anel 2;Mococa/SP;Central Mococa;;(19) 97157-5770;;https://web.facebook.com/centralmococamateriaisdeconstrucao/?locale=pt_BR&_rdc=1&_rdr;https://www.google.com/maps/place/Central+Mococa/data=!4m7!3m6!1s0x94b7b9001d7641a3:0xb3d533c188011044!8m2!3d-21.4736153!4d-47.0006685!16s%2Fg%2F11y64zz2nb!19sChIJo0F2HQC5t5QRRBABiMEz1bM?authuser=0&hl=pt-BR&g_ep=EgoyMDI2MDkzMC4wIJJjKgBIAVAD&rclk=1;5
Anel 2;Mococa/SP;Auto Peças e Auto Elétrica Transplan;(19) 3656-2748;;;;https://www.google.com/maps/place/Auto+Pe%C3%A7as+e+Auto+El%C3%A9trica+Transplan/data=!4m7!3m6!1s0x94b7b84bbcda570f:0xd0945f22e4cc80bd!8m2!3d-21.4601909!4d-47.0032975!16s%2Fg%2F1wh4gz0r!19sChIJD1favEu4t5QRvYDM5CJflNA?authuser=0&hl=pt-BR&g_ep=EgoyMDI2MDkzMC4wIJJjKgBIAVAD&rclk=1;5
Anel 2;Mococa/SP;VoltsCom - Elétrica e Telecomunicações;;(19) 99200-1083;;;https://www.google.com/maps/place/VoltsCom+-+El%C3%A9trica+e+Telecomunica%C3%A7%C3%B5es/data=!4m7!3m6!1s0x47e6afb81881476f:0x3308d61799c8bbcc!8m2!3d-21.4989525!4d-47.0039615!16s%2Fg%2F11spxt8v43!19sChIJb0eBGLiv5kcRzLvImRfWCDM?authuser=0&hl=pt-BR&g_ep=EgoyMDI2MDkzMC4wIJJjKgBIAVAD&rclk=1;5
Anel 2;Batatais/SP;Disk Led Eletro & Eletrônicos;(16) 3662-9777;;;;https://www.google.com/maps/place/Disk+Led+Eletro+%26+Eletr%C3%B4nicos/data=!4m7!3m6!1s0x94b9fbea84ff4493:0x5b2a34830414e62b!8m2!3d-20.8940692!4d-47.5834536!16s%2Fg%2F11h1hx6mg7!19sChIJk0T_hOr7uZQRK-YUBIM0Kls?authuser=0&hl=pt-BR&g_ep=EgoyMDI2MDkzMC4wIJJjKgBIAVAD&rclk=1;4
Anel 2;Bebedouro/SP;Alumi Comércio de Produtos de Iluminação Ltda;;(17) 99746-3733;;http://www.alumidistribuidora.com.br/;https://www.google.com/maps/place/Alumi+Com%C3%A9rcio+de+Produtos+de+Ilumina%C3%A7%C3%A3o+Ltda/data=!4m7!3m6!1s0x94bbe5a559225a85:0xa2b0a1c1014b7d4b!8m2!3d-20.9256261!4d-48.4977225!16s%2Fg%2F11vf0z1cf0!19sChIJhVoiWaXlu5QRS31LAcGhsKI?authuser=0&hl=pt-BR&g_ep=EgoyMDI2MDkzMC4wIJJjKgBIAVAD&rclk=1;4
Anel 2;Matão/SP;Carlão Materiais Elétricos;(16) 2016-3500;;;;https://www.google.com/maps/place/Carl%C3%A3o+Materiais+El%C3%A9tricos/data=!4m7!3m6!1s0x94b8e133ffb2e823:0x140a7dc467ce62e1!8m2!3d-21.614279!4d-48.3531817!16s%2Fg%2F11vl9czv89!19sChIJI-iy_zPhuJQR4WLOZ8R9ChQ?authuser=0&hl=pt-BR&g_ep=EgoyMDI2MDkzMC4wIJJjKgBIAVAD&rclk=1;4
Anel 2;Matão/SP;Casa do Eletricista e Pvc de Matão;;(16) 99619-8768;contato@casadoeletricistaepvc.com.br;https://casadoeletricistaepvc.com.br/ | https://www.instagram.com/casadoeletricista2025;https://www.google.com/maps/place/Casa+do+Eletricista+e+Pvc+de+Mat%C3%A3o/data=!4m7!3m6!1s0x94b8e13fd0dabbb9:0x79ff32698edd2849!8m2!3d-21.6216429!4d-48.3390339!16s%2Fg%2F11x0rbkmty!19sChIJubva0D_huJQRSSjdjmky_3k?authuser=0&hl=pt-BR&g_ep=EgoyMDI2MDkzMC4wIJJjKgBIAVAD&rclk=1;4
Anel 2;Matão/SP;Felipe Materiais Matão;(16) 2016-1600;;;https://felipemateriais.com.br/;https://www.google.com/maps/place/Felipe+Materiais+Mat%C3%A3o/data=!4m7!3m6!1s0x94b8e1974ff95a39:0x3497815488143fd7!8m2!3d-21.6177027!4d-48.3608042!16s%2Fg%2F11yfsjpdct!19sChIJOVr5T5fhuJQR1z8UiFSBlzQ?authuser=0&hl=pt-BR&g_ep=EgoyMDI2MDkzMC4wIJJjKgBIAVAD&rclk=1;4
Anel 2;São Carlos/SP;Valmarc Materiais Elétricos;(16) 3368-6268;;;;https://www.google.com/maps/place/Valmarc+Materiais+El%C3%A9tricos/data=!4m7!3m6!1s0x94b87722555e0ca7:0x6b983adec443e2d4!8m2!3d-22.0342086!4d-47.8853538!16s%2Fg%2F1tznnfts!19sChIJpwxeVSJ3uJQR1OJDxN46mGs?authuser=0&hl=pt-BR&g_ep=EgoyMDI2MDkzMC4wIJJjKgBIAVAD&rclk=1;4
Anel 2;Franca/SP;CR Materiais elétricos;(16) 3725-8363;;;;https://www.google.com/maps/place/CR+Materiais+el%C3%A9tricos/data=!4m7!3m6!1s0x94b0a99607a5bb87:0x993b1e0267d085d9!8m2!3d-20.5699716!4d-47.367376!16s%2Fg%2F11sppcm9sq!19sChIJh7ulB5apsJQR2YXQZwIeO5k?authuser=0&hl=pt-BR&g_ep=EgoyMDI2MDkzMC4wIJJjKgBIAVAD&rclk=1;4
Anel 2;Franca/SP;SIMEC Materiais Elétricos;(16) 3724-0162;;;;https://www.google.com/maps/place/SIMEC+Materiais+El%C3%A9tricos/data=!4m7!3m6!1s0x94b0a79d81e1d911:0xb7f804561a4740b6!8m2!3d-20.515!4d-47.4422439!16s%2Fg%2F11bx5pml68!19sChIJEdnhgZ2nsJQRtkBHGlYE-Lc?authuser=0&hl=pt-BR&g_ep=EgoyMDI2MDkzMC4wIJJjKgBIAVAD&rclk=1;4
Anel 2;Taquaritinga/SP;Eletrecista Fulvio;;(16) 99717-9952;;;https://www.google.com/maps/place/Eletrecista+Fulvio/data=!4m7!3m6!1s0x94b939739cfb4cab:0xab119bdb43a70e52!8m2!3d-21.4056097!4d-48.5129793!16s%2Fg%2F11cl_zysrv!19sChIJq0z7nHM5uZQRUg6nQ9ubEas?authuser=0&hl=pt-BR&g_ep=EgoyMDI2MDkzMC4wIJJjKgBIAVAD&rclk=1;4
Anel 2;Batatais/SP;Borelli Materiais Elétricos;;(16) 99151-2484;;;https://www.google.com/maps/place/Borelli+Materiais+El%C3%A9tricos/data=!4m7!3m6!1s0x94b9fb6836434447:0x8ec2cdef6b10bb0!8m2!3d-20.8745949!4d-47.5917209!16s%2Fg%2F11ntk8myqb!19sChIJR0RDNmj7uZQRsAux9t4s7Ag?authuser=0&hl=pt-BR&g_ep=EgoyMDI2MDkzMC4wIJJjKgBIAVAD&rclk=1;3
Anel 2;Batatais/SP;Auto Elétrica El - Shadai;;;;;https://www.google.com/maps/place/Auto+El%C3%A9trica+El+-+Shadai/data=!4m7!3m6!1s0x94b9faf15a4dc4e5:0xeab591e922dace14!8m2!3d-20.875862!4d-47.5811651!16s%2Fg%2F11wj2pzh0_!19sChIJ5cRNWvH6uZQRFM7aIumRteo?authuser=0&hl=pt-BR&g_ep=EgoyMDI2MDkzMC4wIJJjKgBIAVAD&rclk=1;3
Anel 2;Bebedouro/SP;JC Ferragens - Atacado e Varejo;(17) 3344-7870;;;;https://www.google.com/maps/place/JC+Ferragens+-+Atacado+e+Varejo/data=!4m7!3m6!1s0x94bbe5d399e76bbd:0x7e2bf98e28c453c4!8m2!3d-20.9321389!4d-48.4999121!16s%2Fg%2F11vdp7l2d2!19sChIJvWvnmdPlu5QRxFPEKI75K34?authuser=0&hl=pt-BR&g_ep=EgoyMDI2MDkzMC4wIJJjKgBIAVAD&rclk=1;3
Anel 2;Bebedouro/SP;Biciclo Distribuidora;;(17) 99153-3486;;;https://www.google.com/maps/place/Biciclo+Distribuidora/data=!4m7!3m6!1s0x94bbe55603a9ec3f:0xc8d9fbd838a2fc3d!8m2!3d-20.9459401!4d-48.4964104!16s%2Fg%2F11rn96wnqc!19sChIJP-ypA1blu5QRPfyiONj72cg?authuser=0&hl=pt-BR&g_ep=EgoyMDI2MDkzMC4wIJJjKgBIAVAD&rclk=1;3
Anel 2;Bebedouro/SP;Jerry Auto Eletrica;;;;;https://www.google.com/maps/place/Jerry+Auto+Eletrica/data=!4m7!3m6!1s0x94bbe142944ad9f3:0x62d759a72f4e38d1!8m2!3d-20.96431!4d-48.4659162!16s%2Fg%2F11hyn8j7fw!19sChIJ89lKlELhu5QR0ThOL6dZ12I?authuser=0&hl=pt-BR&g_ep=EgoyMDI2MDkzMC4wIJJjKgBIAVAD&rclk=1;3
Anel 2;Monte Alto/SP;Natal Elétrica Hidráulica;(16) 3241-1315;;;https://wa.me/+5516996432567 | https://www.instagram.com/whatsapp;https://www.google.com/maps/place/Natal+El%C3%A9trica+Hidr%C3%A1ulica/data=!4m7!3m6!1s0x94b9417dac2f0727:0x1d399d5f3dc6ffe5!8m2!3d-21.2695911!4d-48.4761684!16s%2Fg%2F11y3drry9l!19sChIJJwcvrH1BuZQR5f_GPV-dOR0?authuser=0&hl=pt-BR&g_ep=EgoyMDI2MDkzMC4wIJJjKgBIAVAD&rclk=1;3
Anel 2;Monte Alto/SP;M.A Prestadora de Serviços;;(16) 99760-0332;;https://m-a-prestadora-de-servicos.ueniweb.com/?utm_campaign=gmb;https://www.google.com/maps/place/M.A+Prestadora+de+Servi%C3%A7os/data=!4m7!3m6!1s0x94b947d006b5b443:0xb4ab0dc1cf4e6139!8m2!3d-21.2630281!4d-48.4951524!16s%2Fg%2F11qq68vls3!19sChIJQ7S1BtBHuZQROWFOz8ENq7Q?authuser=0&hl=pt-BR&g_ep=EgoyMDI2MDkzMC4wIJJjKgBIAVAD&rclk=1;3
Anel 2;Matão/SP;Frota Neto Materiais Elétricos e Hidráulicos;(16) 3382-3723;;;https://www.facebook.com/FrotaNetoMatao;https://www.google.com/maps/place/Frota+Neto+Materiais+El%C3%A9tricos+e+Hidr%C3%A1ulicos/data=!4m7!3m6!1s0x94b91fb2f55fa8eb:0x1b289fd7a5cb0cc5!8m2!3d-21.5957549!4d-48.3494199!16s%2Fg%2F11hz31sp3r!19sChIJ66hf9bIfuZQRxQzLpdefKBs?authuser=0&hl=pt-BR&g_ep=EgoyMDI2MDkzMC4wIJJjKgBIAVAD&rclk=1;3
Anel 2;Matão/SP;Hidrotubos Materiais Elétricos e Hidráulicos;;(16) 99744-5778;;;https://www.google.com/maps/place/Hidrotubos+Materiais+El%C3%A9tricos+e+Hidr%C3%A1ulicos/data=!4m7!3m6!1s0x94b91fa88a174d8f:0x501c1d61e69632b8!8m2!3d-21.5912301!4d-48.3534069!16s%2Fg%2F11ldhjlx9d!19sChIJj00XiqgfuZQRuDKW5mEdHFA?authuser=0&hl=pt-BR&g_ep=EgoyMDI2MDkzMC4wIJJjKgBIAVAD&rclk=1;3
Anel 2;Matão/SP;XT Auto Elétrica Peças e Serviços;(16) 3382-9969;(16) 99720-6620;;https://wa.me/5516997206620 | https://www.instagram.com/whatsapp;https://www.google.com/maps/place/XT+Auto+El%C3%A9trica+Pe%C3%A7as+e+Servi%C3%A7os/data=!4m7!3m6!1s0x94b8e16740a15273:0x9ffb0504871080!8m2!3d-21.621291!4d-48.3546352!16s%2Fg%2F11xd207yh4!19sChIJc1KhQGfhuJQRgBCHBAX7nwA?authuser=0&hl=pt-BR&g_ep=EgoyMDI2MDkzMC4wIJJjKgBIAVAD&rclk=1;3
Anel 2;Araraquara/SP;Eletriara Instalações Elétricas Araraquara;(16) 3214-0606;;;;https://www.google.com/maps/place/Eletriara+Instala%C3%A7%C3%B5es+El%C3%A9tricas+Araraquara/data=!4m7!3m6!1s0x94b8f782ed13f943:0x820a8b1865c8f815!8m2!3d-21.7721596!4d-48.1788577!16s%2Fg%2F11g1g4cn0k!19sChIJQ_kT7YL3uJQRFfjIZRiLCoI?authuser=0&hl=pt-BR&g_ep=EgoyMDI2MDkzMC4wIJJjKgBIAVAD&rclk=1;3
Anel 2;Franca/SP;E.F. Distribuidora de Materiais para Construção;(16) 3723-4623;;;;https://www.google.com/maps/place/E.F.+Distribuidora+de+Materiais+para+Constru%C3%A7%C3%A3o/data=!4m7!3m6!1s0x94b0a700faf129d5:0x5400b0d02f4b1183!8m2!3d-20.5234094!4d-47.4192587!16s%2Fg%2F11n74ldczc!19sChIJ1Snx-gCnsJQRgxFLL9CwAFQ?authuser=0&hl=pt-BR&g_ep=EgoyMDI2MDkzMC4wIJJjKgBIAVAD&rclk=1;3
Anel 2;Taquaritinga/SP;Elétrica Morata;;;;;https://www.google.com/maps/place/El%C3%A9trica+Morata/data=!4m7!3m6!1s0x94b9397476444b9f:0x4d068d47ca511825!8m2!3d-21.4065246!4d-48.5140701!16s%2Fg%2F11c2nhbh4_!19sChIJn0tEdnQ5uZQRJRhRykeNBk0?authuser=0&hl=pt-BR&g_ep=EgoyMDI2MDkzMC4wIJJjKgBIAVAD&rclk=1;3
Anel 2;Taquaritinga/SP;G.MIL ELÉTRICA E ELETRÔNICO;(16) 3253-1956;;;;https://www.google.com/maps/place/G.MIL+EL%C3%89TRICA+E+ELETR%C3%94NICO/data=!4m7!3m6!1s0x94b93928bf57db1d:0x3cb1cbffe2c5e571!8m2!3d-21.4086773!4d-48.5056197!16s%2Fg%2F11ght3xwwg!19sChIJHdtXvyg5uZQRceXF4v_LsTw?authuser=0&hl=pt-BR&g_ep=EgoyMDI2MDkzMC4wIJJjKgBIAVAD&rclk=1;3
Anel 2;Santa Rita do Passa Quatro/SP;Compre Conosco;;(19) 98804-1414;;https://www.compreconosco.com.br/;https://www.google.com/maps/place/Compre+Conosco/data=!4m7!3m6!1s0x62c5860a2ac6e39b:0xa986dfb43fd4450d!8m2!3d-21.6985912!4d-47.4795284!16s%2Fg%2F11lmcwlwcx!19sChIJm-PGKgqGxWIRDUXUP7Tfhqk?authuser=0&hl=pt-BR&g_ep=EgoyMDI2MDkzMC4wIJJjKgBIAVAD&rclk=1;3
Anel 2;Santa Rita do Passa Quatro/SP;Constru-Facil Materiais Para Construção Ltda.;(19) 3582-3078;;;;https://www.google.com/maps/place/Constru-Facil+Materiais+Para+Constru%C3%A7%C3%A3o+Ltda./data=!4m7!3m6!1s0x94b81e58c7e61f2d:0x7a18dbfd2e32a935!8m2!3d-21.6998665!4d-47.4869878!16s%2Fg%2F11rkj0rxww!19sChIJLR_mx1geuJQRNakyLv3bGHo?authuser=0&hl=pt-BR&g_ep=EgoyMDI2MDkzMC4wIJJjKgBIAVAD&rclk=1;3
Anel 2;Mococa/SP;Auto Elétrica TONHO;36560642;;;;https://www.google.com/maps/place/Auto+El%C3%A9trica+TONHO/data=!4m7!3m6!1s0x94b7b86aab3f28cd:0xedf80e331deea9b6!8m2!3d-21.4748572!4d-47.0000192!16s%2Fg%2F11vj338gc7!19sChIJzSg_q2q4t5QRtqnuHTMO-O0?authuser=0&hl=pt-BR&g_ep=EgoyMDI2MDkzMC4wIJJjKgBIAVAD&rclk=1;3
Anel 2;Mococa/SP;Led Reciclagem;(19) 3665-6090;(19) 99353-4912;;https://www.ledreciclagem.com.br/ | https://www.instagram.com/ledreciclagem;https://www.google.com/maps/place/Led+Reciclagem/data=!4m7!3m6!1s0x3ff421760b35d97:0xf5ba8a2b3d44c94c!8m2!3d-21.455899!4d-47.009003!16s%2Fg%2F11b7grgb3b!19sChIJl12zYBdC_wMRTMlEPSuKuvU?authuser=0&hl=pt-BR&g_ep=EgoyMDI2MDkzMC4wIJJjKgBIAVAD&rclk=1;3
Anel 2;Mococa/SP;TM Segurança Eletrônica Ltda;(19) 3656-5360;;;;https://www.google.com/maps/place/TM+Seguran%C3%A7a+Eletr%C3%B4nica+Ltda/data=!4m7!3m6!1s0x94b7b84be365db0b:0x9d76abe090db7e8d!8m2!3d-21.4615191!4d-47.0040597!16s%2Fg%2F1tr18p16!19sChIJC9tl40u4t5QRjX7bkOCrdp0?authuser=0&hl=pt-BR&g_ep=EgoyMDI2MDkzMC4wIJJjKgBIAVAD&rclk=1;3
Anel 2;Batatais/SP;Veb Matérias Elétricos;(16) 3761-6004;;;;https://www.google.com/maps/place/Veb+Mat%C3%A9rias+El%C3%A9tricos/data=!4m7!3m6!1s0x94b9fbec9658b727:0x46e7f80ddbb1e422!8m2!3d-20.895763!4d-47.5815234!16s%2Fg%2F11jzzz7pbb!19sChIJJ7dYluz7uZQRIuSx2w3450Y?authuser=0&hl=pt-BR&g_ep=EgoyMDI2MDkzMC4wIJJjKgBIAVAD&rclk=1;2
Anel 2;Batatais/SP;Max Portões e materiais elétricos;(16) 3761-8575;;;;https://www.google.com/maps/place/Max+Port%C3%B5es+e+materiais+el%C3%A9tricos/data=!4m7!3m6!1s0x94b9fb43b73333eb:0xaccf9ae456ced16b!8m2!3d-20.8883142!4d-47.5933902!16s%2Fg%2F11nfp9vz0t!19sChIJ6zMzt0P7uZQRa9HOVuSaz6w?authuser=0&hl=pt-BR&g_ep=EgoyMDI2MDkzMC4wIJJjKgBIAVAD&rclk=1;2
Anel 2;Batatais/SP;WR AUTO ELETRICA;;(16) 99129-4745;;;https://www.google.com/maps/place/WR+AUTO+ELETRICA/data=!4m7!3m6!1s0x94b9e52e8c509d67:0x6f524f489d137912!8m2!3d-20.9123029!4d-47.5738398!16s%2Fg%2F11thlwy193!19sChIJZ51QjC7luZQREnkTnUhPUm8?authuser=0&hl=pt-BR&g_ep=EgoyMDI2MDkzMC4wIJJjKgBIAVAD&rclk=1;2
Anel 2;Jaboticabal/SP;INBOX Automação;(16) 3209-1200;;vendas@inboxautomacao.com.br;https://www.inboxautomacao.com.br/;https://www.google.com/maps/place/INBOX+Automa%C3%A7%C3%A3o/data=!4m7!3m6!1s0x94b96c9b1b5372f9:0x6f35ae10e0dd158d!8m2!3d-21.256208!4d-48.312026!16s%2Fg%2F1tflnjp5!19sChIJ-XJTG5tsuZQRjRXd4BCuNW8?authuser=0&hl=pt-BR&g_ep=EgoyMDI2MDkzMC4wIJJjKgBIAVAD&rclk=1;2
Anel 2;Jaboticabal/SP;Mega Eletrônica;(16) 3204-3906;;;;https://www.google.com/maps/place/Mega+Eletr%C3%B4nica/data=!4m7!3m6!1s0x94b96ba5e1df2fbf:0x79a000783580f69e!8m2!3d-21.2610076!4d-48.3307361!16s%2Fg%2F11jp722skt!19sChIJvy_f4aVruZQRnvaANXgAoHk?authuser=0&hl=pt-BR&g_ep=EgoyMDI2MDkzMC4wIJJjKgBIAVAD&rclk=1;2
Anel 2;Bebedouro/SP;Led+ Iluminação Bebedouro;;(17) 99197-6395;;;https://www.google.com/maps/place/Led%2B+Ilumina%C3%A7%C3%A3o+Bebedouro/data=!4m7!3m6!1s0x94bbe5e74f257173:0xd8f33f4f00140e85!8m2!3d-20.9220258!4d-48.4975768!16s%2Fg%2F11rxq37prw!19sChIJc3ElT-flu5QRhQ4UAE8_89g?authuser=0&hl=pt-BR&g_ep=EgoyMDI2MDkzMC4wIJJjKgBIAVAD&rclk=1;2
Anel 2;Monte Alto/SP;Eletropolo Materiais Elétricos;(16) 3242-1844;;;;https://www.google.com/maps/place/Eletropolo+Materiais+El%C3%A9tricos/data=!4m7!3m6!1s0x94b9469feaaef8c9:0xb6886443154c9a31!8m2!3d-21.2641088!4d-48.5000499!16s%2Fg%2F1tc_0m63!19sChIJyfiu6p9GuZQRMZpMFUNkiLY?authuser=0&hl=pt-BR&g_ep=EgoyMDI2MDkzMC4wIJJjKgBIAVAD&rclk=1;2
Anel 2;Araraquara/SP;Contrel Materiais Eletricos LTDA;;(16) 98151-1700;;;https://www.google.com/maps/place/Contrel+Materiais+Eletricos+LTDA/data=!4m7!3m6!1s0x94b8f1000298bd73:0xbc74e300d2e193a4!8m2!3d-21.7799397!4d-48.1781499!16s%2Fg%2F11m6wb4wm3!19sChIJc72YAgDxuJQRpJPh0gDjdLw?authuser=0&hl=pt-BR&g_ep=EgoyMDI2MDkzMC4wIJJjKgBIAVAD&rclk=1;2
Anel 2;Araraquara/SP;Castro Atacadista;(16) 3324-6860;;;http://castroatacadista.com.br/;https://www.google.com/maps/place/Castro+Atacadista/data=!4m7!3m6!1s0x94b8f186614e6223:0xdf616a63f4d65062!8m2!3d-21.7491656!4d-48.1651293!16s%2Fg%2F11zb27l7qp!19sChIJI2JOYYbxuJQRYlDW9GNqYd8?authuser=0&hl=pt-BR&g_ep=EgoyMDI2MDkzMC4wIJJjKgBIAVAD&rclk=1;2
Anel 2;Araraquara/SP;CRM Automação Com e Representação;(16) 3301-2626;;;;https://www.google.com/maps/place/CRM+Automa%C3%A7%C3%A3o+Com+e+Representa%C3%A7%C3%A3o/data=!4m7!3m6!1s0x94b8f38bfaaaf549:0xf6515a5f42b1a5b3!8m2!3d-21.805002!4d-48.164166!16s%2Fg%2F1ptw3w8v5!19sChIJSfWq-ovzuJQRs6WxQl9aUfY?authuser=0&hl=pt-BR&g_ep=EgoyMDI2MDkzMC4wIJJjKgBIAVAD&rclk=1;2
Anel 2;São Carlos/SP;Led Tec;(16) 3419-9921;;;;https://www.google.com/maps/place/Led+Tec/data=!4m7!3m6!1s0x94b87174a9bedc0b:0x2a9fdb219178d0de!8m2!3d-22.0004203!4d-47.9073546!16s%2Fg%2F11mcsqkl4v!19sChIJC9y-qXRxuJQR3tB4kSHbnyo?authuser=0&hl=pt-BR&g_ep=EgoyMDI2MDkzMC4wIJJjKgBIAVAD&rclk=1;2
Anel 2;Franca/SP;Lider Distribuidora Materiais Elétricos;;(16) 99263-0984;;;https://www.google.com/maps/place/Lider+Distribuidora+Materiais+El%C3%A9tricos/data=!4m7!3m6!1s0x94b0a5cbdade43cd:0xd1ecc85a3a31f29!8m2!3d-20.5348946!4d-47.3645073!16s%2Fg%2F11v0s49ld7!19sChIJzUPe2sulsJQRKR-jo4XMHg0?authuser=0&hl=pt-BR&g_ep=EgoyMDI2MDkzMC4wIJJjKgBIAVAD&rclk=1;2
Anel 2;Pitangueiras/SP;JD Elétrica;;(16) 99713-0724;;https://www.instagram.com/jd_eletrica01/;https://www.google.com/maps/place/JD+El%C3%A9trica/data=!4m7!3m6!1s0x6260c02972cafa1d:0x5d8e80ad56d1e6c!8m2!3d-21.0083101!4d-48.2174489!16s%2Fg%2F11xgld6_yh!19sChIJHfrKcinAYGIRbB5t1Qro2AU?authuser=0&hl=pt-BR&g_ep=EgoyMDI2MDkzMC4wIJJjKgBIAVAD&rclk=1;2
Anel 2;Mococa/SP;Eletrobim & Casa do Parafuso;(19) 2172-0396;;;https://www.facebook.com/eletrobimmotoreseparafuso/?ref=pages_you_manage;https://www.google.com/maps/place/Eletrobim+%26+Casa+do+Parafuso/data=!4m7!3m6!1s0x94b7b9cd121a2a1f:0xa0fbdc1c9af990ac!8m2!3d-21.4618257!4d-47.0021334!16s%2Fg%2F11lgqxm1xz!19sChIJHyoaEs25t5QRrJD5mhzc-6A?authuser=0&hl=pt-BR&g_ep=EgoyMDI2MDkzMC4wIJJjKgBIAVAD&rclk=1;2
Anel 2;Mococa/SP;Mega Lojão do Brás Mococa SP;;(11) 97951-9059;;https://www.facebook.com/megalojaodobrasmococasp/;https://www.google.com/maps/place/Mega+Loj%C3%A3o+do+Br%C3%A1s+Mococa+SP/data=!4m7!3m6!1s0x94b7b9444efc05d7:0x10acf15e9105940!8m2!3d-21.4664656!4d-46.9991904!16s%2Fg%2F11qzy6ktq3!19sChIJ1wX8TkS5t5QRQFkQ6RXPCgE?authuser=0&hl=pt-BR&g_ep=EgoyMDI2MDkzMC4wIJJjKgBIAVAD&rclk=1;2
Anel 2;Batatais/SP;Nascar Materiais Elétricos;(16) 3761-7035;;;;https://www.google.com/maps/place/Nascar+Materiais+El%C3%A9tricos/data=!4m7!3m6!1s0x94b9fb2b5211d299:0xda9cb29cbcdeff!8m2!3d-20.8750096!4d-47.5970317!16s%2Fg%2F11hzbplx5m!19sChIJmdIRUiv7uZQR_968nLKc2gA?authuser=0&hl=pt-BR&g_ep=EgoyMDI2MDkzMC4wIJJjKgBIAVAD&rclk=1;0
Anel 2;Batatais/SP;SETEL Serviços Técnicos de Eletricidade;(16) 3761-2522;;;;https://www.google.com/maps/place/SETEL+Servi%C3%A7os+T%C3%A9cnicos+de+Eletricidade/data=!4m7!3m6!1s0x94b9fab1757aea33:0xae920ef35dfefaa7!8m2!3d-20.903738!4d-47.5929844!16s%2Fg%2F1ptxfsv9c!19sChIJM-p6dbH6uZQRp_r-XfMOkq4?authuser=0&hl=pt-BR&g_ep=EgoyMDI2MDkzMC4wIJJjKgBIAVAD&rclk=1;0
Anel 2;Batatais/SP;Alpha Materiais Elétricos;;;;;https://www.google.com/maps/place/Alpha+Materiais+El%C3%A9tricos/data=!4m7!3m6!1s0x94b9fac50ecef2ff:0x584510a42b3c7d6a!8m2!3d-20.8967736!4d-47.5787903!16s%2Fg%2F11v03btmws!19sChIJ__LODsX6uZQRan08K6QQRVg?authuser=0&hl=pt-BR&g_ep=EgoyMDI2MDkzMC4wIJJjKgBIAVAD&rclk=1;0
Anel 2;Batatais/SP;airvolt ar-condicionado e materiais elétricos;(16) 3821-1418;;;;https://www.google.com/maps/place/airvolt+ar-condicionado+e+materiais+el%C3%A9tricos/data=!4m7!3m6!1s0x94b9fb224437234d:0xac0978abca098b16!8m2!3d-20.8828539!4d-47.5654852!16s%2Fg%2F11zz5fnrld!19sChIJTSM3RCL7uZQRFosJyqt4Caw?authuser=0&hl=pt-BR&g_ep=EgoyMDI2MDkzMC4wIJJjKgBIAVAD&rclk=1;0
Anel 2;Batatais/SP;Speed Tech Elétrica e Automação Industrial;;(16) 99458-8191;;;https://www.google.com/maps/place/Speed+Tech+El%C3%A9trica+e+Automa%C3%A7%C3%A3o+Industrial/data=!4m7!3m6!1s0x94b9fb12abce8243:0x80c7aeec147501e2!8m2!3d-20.8957031!4d-47.5999738!16s%2Fg%2F11v51c90zc!19sChIJQ4LOqxL7uZQR4gF1FOyux4A?authuser=0&hl=pt-BR&g_ep=EgoyMDI2MDkzMC4wIJJjKgBIAVAD&rclk=1;0
Anel 2;Batatais/SP;Eletrimel Indústria e Comércio;(16) 3761-4723;;;;https://www.google.com/maps/place/Eletrimel+Ind%C3%BAstria+e+Com%C3%A9rcio/data=!4m7!3m6!1s0x94b9fb6defa5b06d:0xeffb5ddfda732c39!8m2!3d-20.9057922!4d-47.5913738!16s%2Fg%2F11fkt7jm20!19sChIJbbCl7237uZQROSxz2t9d--8?authuser=0&hl=pt-BR&g_ep=EgoyMDI2MDkzMC4wIJJjKgBIAVAD&rclk=1;0
Anel 2;Batatais/SP;FB IMEL Indústria e Comércio LTDA.;(16) 3761-5960;(16) 99908-4723;;http://www.fbimel.com.br/ | https://instagram.com/eletrimeltransformadores;https://www.google.com/maps/place/FB+IMEL+Ind%C3%BAstria+e+Com%C3%A9rcio+LTDA./data=!4m7!3m6!1s0x94b9fab1501833ed:0x5b860cefb99d85c0!8m2!3d-20.9062539!4d-47.5918467!16s%2Fg%2F1ptwgcx4d!19sChIJ7TMYULH6uZQRwIWdue8Mhls?authuser=0&hl=pt-BR&g_ep=EgoyMDI2MDkzMC4wIJJjKgBIAVAD&rclk=1;0
Anel 2;Batatais/SP;Aleixo Silva Eletrificadora;(16) 3761-2942;;;;https://www.google.com/maps/place/Aleixo+Silva+Eletrificadora/data=!4m7!3m6!1s0x94b9faca81eedb55:0xb7d713124fc9f74e!8m2!3d-20.9083396!4d-47.5864234!16s%2Fg%2F1ptyrpsfd!19sChIJVdvugcr6uZQRTvfJTxIT17c?authuser=0&hl=pt-BR&g_ep=EgoyMDI2MDkzMC4wIJJjKgBIAVAD&rclk=1;0
Anel 2;Batatais/SP;Auto Elétrica Harold;;(16) 99256-1545;;;https://www.google.com/maps/place/Auto+El%C3%A9trica+Harold/data=!4m7!3m6!1s0x94b9fbb89fe91665:0x357bd5ef7f635b7d!8m2!3d-20.8897919!4d-47.6012021!16s%2Fg%2F11x8c2mmt6!19sChIJZRbpn7j7uZQRfVtjf-_VezU?authuser=0&hl=pt-BR&g_ep=EgoyMDI2MDkzMC4wIJJjKgBIAVAD&rclk=1;0
Anel 2;Jaboticabal/SP;ELETRICA CAVALLINI;;;;;https://www.google.com/maps/place/ELETRICA+CAVALLINI/data=!4m7!3m6!1s0x94b96b63f18f567b:0x614d21dbbd59735b!8m2!3d-21.2627487!4d-48.3235458!16s%2Fg%2F11tdqzfl5w!19sChIJe1aP8WNruZQRW3NZvdshTWE?authuser=0&hl=pt-BR&g_ep=EgoyMDI2MDkzMC4wIJJjKgBIAVAD&rclk=1;0
Anel 2;Jaboticabal/SP;RICARDO AUTO ELÉTRICA;;(16) 99703-0134;;;https://www.google.com/maps/place/RICARDO+AUTO+EL%C3%89TRICA/data=!4m7!3m6!1s0x94b96ba67c544331:0x8b5a1744a7629c49!8m2!3d-21.2516063!4d-48.3466109!16s%2Fg%2F11tdqzpy9l!19sChIJMUNUfKZruZQRSZxip0QXWos?authuser=0&hl=pt-BR&g_ep=EgoyMDI2MDkzMC4wIJJjKgBIAVAD&rclk=1;0
Anel 2;Jaboticabal/SP;Acend Mais Iluminação;(16) 3210-0909;;;;https://www.google.com/maps/place/Acend+Mais+Ilumina%C3%A7%C3%A3o/data=!4m7!3m6!1s0x94b96d0de7299d15:0x4ae2f29703e5edc2!8m2!3d-21.2618424!4d-48.3138693!16s%2Fg%2F11w1q32q3c!19sChIJFZ0p5w1tuZQRwu3lA5fy4ko?authuser=0&hl=pt-BR&g_ep=EgoyMDI2MDkzMC4wIJJjKgBIAVAD&rclk=1;0
Anel 2;Jaboticabal/SP;Samuel Alexandre de Souza;(16) 3202-5085;;;;https://www.google.com/maps/place/Samuel+Alexandre+de+Souza/data=!4m7!3m6!1s0x94b96c9b12520e3b:0xe344fb3ccf75e691!8m2!3d-21.2565209!4d-48.3132168!16s%2Fg%2F1pv5v0cp0!19sChIJOw5SEptsuZQRkeZ1zzz7ROM?authuser=0&hl=pt-BR&g_ep=EgoyMDI2MDkzMC4wIJJjKgBIAVAD&rclk=1;0
Anel 2;Bebedouro/SP;Cesar Eletricista - DSL Energias Renováveis;;(18) 99609-0315;;;https://www.google.com/maps/place/Cesar+Eletricista+-+DSL+Energias+Renov%C3%A1veis/data=!4m7!3m6!1s0x46dbffdea405e643:0x5f9d98774fc032ff!8m2!3d-20.9612343!4d-48.4908586!16s%2Fg%2F11mm8rpb70!19sChIJQ-YFpN7_20YR_zLAT3eYnV8?authuser=0&hl=pt-BR&g_ep=EgoyMDI2MDkzMC4wIJJjKgBIAVAD&rclk=1;0
Anel 2;Bebedouro/SP;PWR MATERIAIS ELÉTRICOS;(17) 3044-5390;;;http://pwrmateriaiseletricos.com.br/;https://www.google.com/maps/place/PWR+MATERIAIS+EL%C3%89TRICOS/data=!4m7!3m6!1s0x94bbe15944715555:0xa13a19b9365fa87b!8m2!3d-20.9589968!4d-48.4745676!16s%2Fg%2F11t_lx2x_j!19sChIJVVVxRFnhu5QRe6hfNrkZOqE?authuser=0&hl=pt-BR&g_ep=EgoyMDI2MDkzMC4wIJJjKgBIAVAD&rclk=1;0
Anel 2;Bebedouro/SP;Montelli Materiais Elétricos;;(17) 99188-5374;;;https://www.google.com/maps/place/Montelli+Materiais+El%C3%A9tricos/data=!4m7!3m6!1s0x94bbe3287b94c12f:0x9dd022d835160e81!8m2!3d-20.9472189!4d-48.4810296!16s%2Fg%2F11z4_b2_ps!19sChIJL8GUeyjju5QRgQ4WNdgi0J0?authuser=0&hl=pt-BR&g_ep=EgoyMDI2MDkzMC4wIJJjKgBIAVAD&rclk=1;0
Anel 2;Bebedouro/SP;TotalWatts - Materiais e Serviços Elétricos;;(17) 99610-2890;;;https://www.google.com/maps/place/TotalWatts+-+Materiais+e+Servi%C3%A7os+El%C3%A9tricos/data=!4m7!3m6!1s0x94bbe5c64f1a2333:0x9dbef49a8bd97351!8m2!3d-20.9463141!4d-48.4792727!16s%2Fg%2F11p1hthf1t!19sChIJMyMaT8blu5QRUXPZi5r0vp0?authuser=0&hl=pt-BR&g_ep=EgoyMDI2MDkzMC4wIJJjKgBIAVAD&rclk=1;0
Anel 2;Bebedouro/SP;Ferreira Materiais Elétricos e Hidráulicos;;(17) 99278-0828;;;https://www.google.com/maps/place/Ferreira+Materiais+El%C3%A9tricos+e+Hidr%C3%A1ulicos/data=!4m7!3m6!1s0x94bbe57aeb4da39b:0xf776dfd33edbfffe!8m2!3d-20.9396244!4d-48.5080763!16s%2Fg%2F11vt63_bvd!19sChIJm6NN63rlu5QR_v_bPtPfdvc?authuser=0&hl=pt-BR&g_ep=EgoyMDI2MDkzMC4wIJJjKgBIAVAD&rclk=1;0
Anel 2;Bebedouro/SP;Comercial Elétrica;;(17) 99205-4019;;http://www.comercialeletricabbd.com.br/;https://www.google.com/maps/place/Comercial+El%C3%A9trica/data=!4m7!3m6!1s0x94bbe15a153c1d61:0xf83b95d7df7673b!8m2!3d-20.9554544!4d-48.4725765!16s%2Fg%2F11s16t1fss!19sChIJYR08FVrhu5QRO2f3fV25gw8?authuser=0&hl=pt-BR&g_ep=EgoyMDI2MDkzMC4wIJJjKgBIAVAD&rclk=1;0
Anel 2;Bebedouro/SP;PITICO LED DISTRIBUIDORA E ATACADO;;(17) 99140-1218;;https://sites.google.com/view/piticoledatacado;https://www.google.com/maps/place/PITICO+LED+DISTRIBUIDORA+E+ATACADO/data=!4m7!3m6!1s0x94bbe16efcdc7f6d:0x2c2699c9a25ab6f4!8m2!3d-20.9556794!4d-48.4726528!16s%2Fg%2F11xct6jh9s!19sChIJbX_c_G7hu5QR9LZaosmZJiw?authuser=0&hl=pt-BR&g_ep=EgoyMDI2MDkzMC4wIJJjKgBIAVAD&rclk=1;0
Anel 2;Bebedouro/SP;VALOR LUZ MATERIAIS ELETRICOS;;;;;https://www.google.com/maps/place/VALOR+LUZ+MATERIAIS+ELETRICOS/data=!4m7!3m6!1s0x94bbe1553f0506ff:0xaf265b7e73857096!8m2!3d-20.9471624!4d-48.4773742!16s%2Fg%2F11yk2b3lj0!19sChIJ_wYFP1Xhu5QRlnCFc35bJq8?authuser=0&hl=pt-BR&g_ep=EgoyMDI2MDkzMC4wIJJjKgBIAVAD&rclk=1;0
Anel 2;Monte Alto/SP;LOJA;(16) 3242-7272;;;;https://www.google.com/maps/place/LOJA/data=!4m7!3m6!1s0x94b946a91fd67ecb:0x5c105a95f9303f24!8m2!3d-21.2626318!4d-48.4862145!16s%2Fg%2F1yfh_jwph!19sChIJy37WH6lGuZQRJD8w-ZVaEFw?authuser=0&hl=pt-BR&g_ep=EgoyMDI2MDkzMC4wIJJjKgBIAVAD&rclk=1;0
Anel 2;Monte Alto/SP;Carlos Saraiva Importação Comércio;(16) 3241-1847;;;;https://www.google.com/maps/place/Carlos+Saraiva+Importa%C3%A7%C3%A3o+Com%C3%A9rcio/data=!4m7!3m6!1s0x94b946a797399813:0x102d95e2f8de0a66!8m2!3d-21.2629236!4d-48.4976718!16s%2Fg%2F1td61v22!19sChIJE5g5l6dGuZQRZgre-OKVLRA?authuser=0&hl=pt-BR&g_ep=EgoyMDI2MDkzMC4wIJJjKgBIAVAD&rclk=1;0
Anel 2;Matão/SP;Alpha Materiais eletricos e hidraulicos;(16) 3389-3543;;;;https://www.google.com/maps/place/Alpha+Materiais+eletricos+e+hidraulicos/data=!4m7!3m6!1s0x94b91e2aed337b83:0x5c31a83e0ad1f6f6!8m2!3d-21.6068794!4d-48.3571372!16s%2Fg%2F11w39_vtwp!19sChIJg3sz7SoeuZQR9vbRCj6oMVw?authuser=0&hl=pt-BR&g_ep=EgoyMDI2MDkzMC4wIJJjKgBIAVAD&rclk=1;0
Anel 2;Matão/SP;Santa Rosa de Lima Materiais;;(16) 99777-7180;;;https://www.google.com/maps/place/Santa+Rosa+de+Lima+Materiais/data=!4m7!3m6!1s0x94b91f6195173a65:0xa795ca4cc8f7bb43!8m2!3d-21.5995856!4d-48.3870202!16s%2Fg%2F11vqvx5bzb!19sChIJZToXlWEfuZQRQ7v3yEzKlac?authuser=0&hl=pt-BR&g_ep=EgoyMDI2MDkzMC4wIJJjKgBIAVAD&rclk=1;0
Anel 2;Matão/SP;Felipe Materiais;;;;;https://www.google.com/maps/place/Felipe+Materiais/data=!4m7!3m6!1s0x94b8e10037aab6a9:0x6b84083424730325!8m2!3d-21.6176584!4d-48.360875!16s%2Fg%2F11nqsl2h9s!19sChIJqbaqNwDhuJQRJQNzJDQIhGs?authuser=0&hl=pt-BR&g_ep=EgoyMDI2MDkzMC4wIJJjKgBIAVAD&rclk=1;0
Anel 2;Matão/SP;Auto Elétrica Zito;(16) 3382-5714;;;;https://www.google.com/maps/place/Auto+El%C3%A9trica+Zito/data=!4m7!3m6!1s0x94b8e156b2f5dfb5:0x35b76d8200d03460!8m2!3d-21.6163678!4d-48.3544114!16s%2Fg%2F11y8jfk0pf!19sChIJtd_1slbhuJQRYDTQAIJttzU?authuser=0&hl=pt-BR&g_ep=EgoyMDI2MDkzMC4wIJJjKgBIAVAD&rclk=1;0
Anel 2;Araraquara/SP;Eletromelli Comercio de Materiais Eletricos Ltda;(16) 3322-5502;;eletromelli@eletromelli.com.br;http://www.eletromelli.com.br/;https://www.google.com/maps/place/Eletromelli+Comercio+de+Materiais+Eletricos+Ltda/data=!4m7!3m6!1s0x94b8f3eec29cde3d:0xa1b06cc934706c40!8m2!3d-21.7702087!4d-48.1767584!16s%2Fg%2F11gzhyqx0!19sChIJPd6cwu7zuJQRQGxwNMlssKE?authuser=0&hl=pt-BR&g_ep=EgoyMDI2MDkzMC4wIJJjKgBIAVAD&rclk=1;0
Anel 2;Araraquara/SP;ARATECH;(16) 3336-6022;;;https://www.facebook.com/aratechautomacao/;https://www.google.com/maps/place/ARATECH/data=!4m7!3m6!1s0x94b8f1339e93ad9b:0x1b12242af3d94516!8m2!3d-21.7702395!4d-48.1828286!16s%2Fg%2F11j0d3k673!19sChIJm62TnjPxuJQRFkXZ8yokEhs?authuser=0&hl=pt-BR&g_ep=EgoyMDI2MDkzMC4wIJJjKgBIAVAD&rclk=1;0
Anel 2;São Carlos/SP;Lider Gás (gás de cozinha e industrial);(16) 3366-2112;;;;https://www.google.com/maps/place/Lider+G%C3%A1s+%28g%C3%A1s+de+cozinha+e+industrial%29/data=!4m7!3m6!1s0x94b8773be7995e69:0xbc603619742a93ee!8m2!3d-22.0226969!4d-47.881592!16s%2Fg%2F11gfd2j6yc!19sChIJaV6Z5zt3uJQR7pMqdBk2YLw?authuser=0&hl=pt-BR&g_ep=EgoyMDI2MDkzMC4wIJJjKgBIAVAD&rclk=1;0
Anel 2;São Carlos/SP;Eletrecista Augusto Motz;;(16) 99778-1839;;https://m.facebook.com/gutomotzeletricista/;https://www.google.com/maps/place/Eletrecista+Augusto+Motz/data=!4m7!3m6!1s0x94b877b543c3d141:0x74200da3571898f7!8m2!3d-22.0197255!4d-47.8816232!16s%2Fg%2F11h32g2ty1!19sChIJQdHDQ7V3uJQR95gYV6MNIHQ?authuser=0&hl=pt-BR&g_ep=EgoyMDI2MDkzMC4wIJJjKgBIAVAD&rclk=1;0
Anel 2;Franca/SP;Soares Eletricista 24hs;;(16) 99426-1336;;https://mercadolivre.com/sec/2oUmuW4 | https://www.instagram.com/mercadolivre;https://www.google.com/maps/place/Soares+Eletricista+24hs/data=!4m7!3m6!1s0x62be88f9639f664d:0xa6dc490ebc659570!8m2!3d-20.5421738!4d-47.371014!16s%2Fg%2F11kqgr61q8!19sChIJTWafY_mIvmIRcJVlvA5J3KY?authuser=0&hl=pt-BR&g_ep=EgoyMDI2MDkzMC4wIJJjKgBIAVAD&rclk=1;0
Anel 2;Franca/SP;Edulux Materiais Elétricos;(16) 3703-2272;;;;https://www.google.com/maps/place/Edulux+Materiais+El%C3%A9tricos/data=!4m7!3m6!1s0x94b0a6fbe2c33039:0xc80ac12a93057121!8m2!3d-20.5035785!4d-47.4067901!16s%2Fg%2F1ptxltnq5!19sChIJOTDD4vumsJQRIXEFkyrBCsg?authuser=0&hl=pt-BR&g_ep=EgoyMDI2MDkzMC4wIJJjKgBIAVAD&rclk=1;0
Anel 2;Taquaritinga/SP;Constroi Materiais elétricos;(16) 3252-3417;;;;https://www.google.com/maps/place/Constroi+Materiais+el%C3%A9tricos/data=!4m7!3m6!1s0x94b939006efe7105:0xc94d0f002f67df8!8m2!3d-21.4103821!4d-48.5073648!16s%2Fg%2F11xn_t_rfj!19sChIJBXH-bgA5uZQR-H32AvDQlAw?authuser=0&hl=pt-BR&g_ep=EgoyMDI2MDkzMC4wIJJjKgBIAVAD&rclk=1;0
Anel 2;Taquaritinga/SP;ROMA ELETRICA assistencia tecnica;(16) 3252-3235;;romaeletrica@romaeletrica.com.br;http://www.romaeletrica.com.br/;https://www.google.com/maps/place/ROMA+ELETRICA+assistencia+tecnica/data=!4m7!3m6!1s0x94b9391638726d8f:0x4a8bcd78ee9d33f3!8m2!3d-21.4052325!4d-48.5108197!16s%2Fg%2F11gzb1wnf!19sChIJj21yOBY5uZQR8zOd7njNi0o?authuser=0&hl=pt-BR&g_ep=EgoyMDI2MDkzMC4wIJJjKgBIAVAD&rclk=1;0
Anel 2;Taquaritinga/SP;SOS Lar Elétrica e Hidráulica - Taquaritinga - sp;;(16) 99614-8276;;;https://www.google.com/maps/place/SOS+Lar+El%C3%A9trica+e+Hidr%C3%A1ulica+-+Taquaritinga+-+sp/data=!4m7!3m6!1s0xe6d0f5b1c8ed119:0xcdaf5a781ae9682b!8m2!3d-21.402368!4d-48.4957718!16s%2Fg%2F11w8q13k8y!19sChIJGdGOHFsPbQ4RK2jpGnhar80?authuser=0&hl=pt-BR&g_ep=EgoyMDI2MDkzMC4wIJJjKgBIAVAD&rclk=1;0
Anel 2;Taquaritinga/SP;Fios e Cores oficial;;;;;https://www.google.com/maps/place/Fios+e+Cores+oficial/data=!4m7!3m6!1s0x94b9390017eb2169:0xc23278706235cd4f!8m2!3d-21.3994357!4d-48.5059137!16s%2Fg%2F11n4sg8kd9!19sChIJaSHrFwA5uZQRT801YnB4MsI?authuser=0&hl=pt-BR&g_ep=EgoyMDI2MDkzMC4wIJJjKgBIAVAD&rclk=1;0
Anel 2;Taquaritinga/SP;MSB SOLUÇÕES ELÉTRICAS E AUTOMAÇÃO INDUSTRIAL;(16) 3253-9140;(16) 99641-9565;;http://msbsolucoes-ind.com.br/;https://www.google.com/maps/place/MSB+SOLU%C3%87%C3%95ES+EL%C3%89TRICAS+E+AUTOMA%C3%87%C3%83O+INDUSTRIAL/data=!4m7!3m6!1s0x94b9394fc918db27:0xfe23131ce4d79278!8m2!3d-21.398771!4d-48.4826529!16s%2Fg%2F11j8l6124d!19sChIJJ9sYyU85uZQReJLX5BwTI_4?authuser=0&hl=pt-BR&g_ep=EgoyMDI2MDkzMC4wIJJjKgBIAVAD&rclk=1;0
Anel 2;Taquaritinga/SP;FE Tech;(16) 3253-9143;;contato@fetech.ind.br;https://www.fetech.ind.br/ | https://www.instagram.com/fetechnologia;https://www.google.com/maps/place/FE+Tech/data=!4m7!3m6!1s0x4f864b67567d8bcd:0x1bd001760e52b2e!8m2!3d-21.46017!4d-48.1164672!16s%2Fg%2F11w21b_ky_!19sChIJzYt9VmdLhk8RLivlYBcAvQE?authuser=0&hl=pt-BR&g_ep=EgoyMDI2MDkzMC4wIJJjKgBIAVAD&rclk=1;0
Anel 2;Taquaritinga/SP;Barateiro Materiais de Construção;;(16) 99755-5077;;http://www.facebook.com/barateiroeconomiza;https://www.google.com/maps/place/Barateiro+Materiais+de+Constru%C3%A7%C3%A3o/data=!4m7!3m6!1s0x94b9398bc59c2bab:0xc4c67efae60a5c4e!8m2!3d-21.4090083!4d-48.5118944!16s%2Fg%2F11s0x57vp4!19sChIJqyucxYs5uZQRTlwK5vp-xsQ?authuser=0&hl=pt-BR&g_ep=EgoyMDI2MDkzMC4wIJJjKgBIAVAD&rclk=1;0
Anel 2;Pitangueiras/SP;JE ENERGY distribuidora de materiais e cabos elétricos.;;(16) 99224-7972;;http://bio.site/je.energydistribuidora;https://www.google.com/maps/place/JE+ENERGY+distribuidora+de+materiais+e+cabos+el%C3%A9tricos./data=!4m7!3m6!1s0x94b9c17bd092af2b:0xe78203d1889feca0!8m2!3d-21.1758449!4d-47.7609002!16s%2Fg%2F11w_ky7tjw!19sChIJK6-S0HvBuZQRoOyfiNEDguc?authuser=0&hl=pt-BR&g_ep=EgoyMDI2MDkzMC4wIJJjKgBIAVAD&rclk=1;0
Anel 2;São Simão/SP;Elétrica 3 estrelas Tec. Inf. Ltda-me carluz;;(16) 99961-1481;;;https://www.google.com/maps/place/El%C3%A9trica+3+estrelas+Tec.+Inf.+Ltda-me+carluz/data=!4m7!3m6!1s0x94b82fa206436a01:0xca4c77df7a41be3!8m2!3d-21.481072!4d-47.5556181!16s%2Fg%2F11hdvf1dcx!19sChIJAWpDBqIvuJQR4xuk933HpAw?authuser=0&hl=pt-BR&g_ep=EgoyMDI2MDkzMC4wIJJjKgBIAVAD&rclk=1;0
Anel 2;São Simão/SP;Elétrica Três Estrelas Tecnologia e Info;(16) 3984-2772;;;;https://www.google.com/maps/place/El%C3%A9trica+Tr%C3%AAs+Estrelas+Tecnologia+e+Info/data=!4m7!3m6!1s0x94b82efd614eb39f:0xd95398daa85444af!8m2!3d-21.4776628!4d-47.5585205!16s%2Fg%2F1q5grjwxw!19sChIJn7NOYf0uuJQRr0RUqNqYU9k?authuser=0&hl=pt-BR&g_ep=EgoyMDI2MDkzMC4wIJJjKgBIAVAD&rclk=1;0
Anel 2;Santa Rita do Passa Quatro/SP;B & Z Materiais Elétricos;;;;;https://www.google.com/maps/place/B+%26+Z+Materiais+El%C3%A9tricos/data=!4m7!3m6!1s0x94b81e5f2ef99501:0xcf0b8e9967f2660!8m2!3d-21.7006796!4d-47.4863884!16s%2Fg%2F11pc9h524n!19sChIJAZX5Ll8euJQRYCZ_lum48Aw?authuser=0&hl=pt-BR&g_ep=EgoyMDI2MDkzMC4wIJJjKgBIAVAD&rclk=1;0
Anel 2;Mococa/SP;Proint Projetos e Instalações Elétrica S e Eletrônicas;(19) 3665-1489;;;;https://www.google.com/maps/place/Proint+Projetos+e+Instala%C3%A7%C3%B5es+El%C3%A9trica+S+e+Eletr%C3%B4nicas/data=!4m7!3m6!1s0x94b7b8395b603c79:0x19bc21a5b95331b3!8m2!3d-21.4710609!4d-46.998626!16s%2Fg%2F1pv0fs954!19sChIJeTxgWzm4t5QRszFTuaUhvBk?authuser=0&hl=pt-BR&g_ep=EgoyMDI2MDkzMC4wIJJjKgBIAVAD&rclk=1;0
Anel 2;Mococa/SP;RC Instalações e Materiais Elétricos;;(19) 99193-3321;;;https://www.google.com/maps/place/RC+Instala%C3%A7%C3%B5es+e+Materiais+El%C3%A9tricos/data=!4m7!3m6!1s0x94b7b84484e22083:0x827f8cb2fbcc4f88!8m2!3d-21.4718555!4d-47.0077312!16s%2Fg%2F11bw2h2rlx!19sChIJgyDihES4t5QRiE_M-7KMf4I?authuser=0&hl=pt-BR&g_ep=EgoyMDI2MDkzMC4wIJJjKgBIAVAD&rclk=1;0
Anel 2;Mococa/SP;SBC Fios e Cabos;;(11) 98092-4790;;;https://www.google.com/maps/place/SBC+Fios+e+Cabos/data=!4m7!3m6!1s0x94b7b9c799e26d39:0x22cd93a325e2668!8m2!3d-21.4870237!4d-47.0065972!16s%2Fg%2F11q1c_l4qx!19sChIJOW3imce5t5QRaCZeMjrZLAI?authuser=0&hl=pt-BR&g_ep=EgoyMDI2MDkzMC4wIJJjKgBIAVAD&rclk=1;0
Anel 2;Mococa/SP;Proint Projetos e Instalações Elétricas e Eletrônicas Ltda;(19) 3656-0423;(19) 99198-5715;vendas@prointltda.com.br;http://www.prointltda.com.br/;https://www.google.com/maps/place/Proint+Projetos+e+Instala%C3%A7%C3%B5es+El%C3%A9tricas+e+Eletr%C3%B4nicas+Ltda/data=!4m7!3m6!1s0x94b7b840bb32133d:0x10b807b126a82267!8m2!3d-21.4698646!4d-46.9991184!16s%2Fg%2F1tlmpf29!19sChIJPRMyu0C4t5QRZyKoJrEHuBA?authuser=0&hl=pt-BR&g_ep=EgoyMDI2MDkzMC4wIJJjKgBIAVAD&rclk=1;0
Anel 2;Mococa/SP;Eletromatic Manutenção Industrial e Automação;(19) 3665-8510;;;;https://www.google.com/maps/place/Eletromatic+Manuten%C3%A7%C3%A3o+Industrial+e+Automa%C3%A7%C3%A3o/data=!4m7!3m6!1s0x94b7b9c8a8ec0dff:0x756dc80b26809d5e!8m2!3d-21.4444632!4d-47.0053781!16s%2Fg%2F11flc22vst!19sChIJ_w3sqMi5t5QRXp2AJgvIbXU?authuser=0&hl=pt-BR&g_ep=EgoyMDI2MDkzMC4wIJJjKgBIAVAD&rclk=1;0
Anel 2;Mococa/SP;HidroEletrica-Mococa;;(19) 99496-9737;;https://www.instagram.com/hidroeletricamococa/?hl=bg;https://www.google.com/maps/place/HidroEletrica-Mococa/data=!4m7!3m6!1s0x94b7b90e93ed79c5:0x1e7bf8f55682fc60!8m2!3d-21.4643057!4d-47.0033329!16s%2Fg%2F11xt3_10zd!19sChIJxXntkw65t5QRYPyCVvX4ex4?authuser=0&hl=pt-BR&g_ep=EgoyMDI2MDkzMC4wIJJjKgBIAVAD&rclk=1;0
Anel 2;Mococa/SP;ES. Elétrica e Solda;(19) 3665-2824;;;http://www.eseletricaesolda.lwsite.com.br/;https://www.google.com/maps/place/ES.+El%C3%A9trica+e+Solda/data=!4m7!3m6!1s0x94b7b9acf88c6b39:0xc3ef1dbcd631d3cd!8m2!3d-21.4572403!4d-47.0125904!16s%2Fg%2F1q2w0ww2l!19sChIJOWuM-Ky5t5QRzdMx1rwd78M?authuser=0&hl=pt-BR&g_ep=EgoyMDI2MDkzMC4wIJJjKgBIAVAD&rclk=1;0
Anel 2;Mococa/SP;Auto elétrica GLM;;(19) 99161-9580;;;https://www.google.com/maps/place/Auto+el%C3%A9trica+GLM/data=!4m7!3m6!1s0x94b7b9c6f4bddb93:0xdd2ec6d180a74483!8m2!3d-21.4678792!4d-47.0142826!16s%2Fg%2F11rn6b8nst!19sChIJk9u99Ma5t5QRg0SngNHGLt0?authuser=0&hl=pt-BR&g_ep=EgoyMDI2MDkzMC4wIJJjKgBIAVAD&rclk=1;0
Anel 2;Mococa/SP;DIOGO AUTO ELETRICA;;(19) 99432-8095;;;https://www.google.com/maps/place/DIOGO+AUTO+ELETRICA/data=!4m7!3m6!1s0x94b7b837c1a24beb:0x341e51cb1cf1b007!8m2!3d-21.4740512!4d-46.9879353!16s%2Fg%2F11y368ghzw!19sChIJ60uiwTe4t5QRB7DxHMtRHjQ?authuser=0&hl=pt-BR&g_ep=EgoyMDI2MDkzMC4wIJJjKgBIAVAD&rclk=1;0
Anel 2;Mococa/SP;Amarild0 M0reira Diniz;(12) 3105-4217;;;;https://www.google.com/maps/place/Amarild0+M0reira+Diniz/data=!4m7!3m6!1s0x94b7b82e20a7180b:0x3068e153031e9a09!8m2!3d-21.4586889!4d-46.9901476!16s%2Fg%2F1q5gswqyh!19sChIJCxinIC64t5QRCZoeA1PhaDA?authuser=0&hl=pt-BR&g_ep=EgoyMDI2MDkzMC4wIJJjKgBIAVAD&rclk=1;0
Anel 3;Piracicaba/SP;Loja Obramax Piracicaba;(19) 3003-3400;;;https://www.obramax.com.br/;https://www.google.com/maps/place/Loja+Obramax+Piracicaba/data=!4m7!3m6!1s0x94c62faf0247c149:0x95c26df7b6ed306b!8m2!3d-22.7535553!4d-47.5972224!16s%2Fg%2F11vbcqgbb7!19sChIJScFHAq8vxpQRazDttvdtwpU?authuser=0&hl=pt-BR&g_ep=EgoyMDI2MDkzMC4wIJJjKgBIAVAD&rclk=1;3439
Anel 3;Porto Ferreira/SP;Loja Porto Brasil;(19) 3589-5900;(19) 99815-6072;;http://www.portobrasilceramica.com.br/;https://www.google.com/maps/place/Loja+Porto+Brasil/data=!4m7!3m6!1s0x94b8022b17d28ebf:0xffd0b5b3c3be0c1b!8m2!3d-21.8749964!4d-47.487089!16s%2Fg%2F11c3_02151!19sChIJv47SFysCuJQRGwy-w7O10P8?authuser=0&hl=pt-BR&g_ep=EgoyMDI2MDkzMC4wIJJjKgBIAVAD&rclk=1;2124
Anel 3;São José do Rio Preto/SP;KVA Materiais Elétricos;;(17) 98192-0244;vendas@kvamateriaiseletricos.com.br;https://kvamateriaiseletricos.com.br/ | https://www.instagram.com/kvamateriaiseletricos_rp;https://www.google.com/maps/place/KVA+Materiais+El%C3%A9tricos/data=!4m7!3m6!1s0x94bc52cce6804243:0x7f06639097e4400e!8m2!3d-20.7989897!4d-49.36658!16s%2Fg%2F11b7_1rl8l!19sChIJQ0KA5sxSvJQRDkDkl5BjBn8?authuser=0&hl=pt-BR&g_ep=EgoyMDI2MDkzMC4wIJJjKgBIAVAD&rclk=1;1959
Anel 3;Poços de Caldas/MG;Casa Sertaneja Eletro - Loja 1;(35) 3722-2751;;;http://www.casasertaneja.com.br/;https://www.google.com/maps/place/Casa+Sertaneja+Eletro+-+Loja+1/data=!4m7!3m6!1s0x94c9dcef0db5f325:0x9892f80c1dcf64a0!8m2!3d-21.7854981!4d-46.5652348!16s%2Fg%2F1wk6_wr3!19sChIJJfO1De_cyZQRoGTPHQz4kpg?authuser=0&hl=pt-BR&g_ep=EgoyMDI2MDkzMC4wIJJjKgBIAVAD&rclk=1;1820
Anel 3;Limeira/SP;Loja do Mecânico Limeira;(11) 3508-9979;;;https://www.lojadomecanico.com.br/hotsite/ofertas-com-frete-gratis?sort=mais-vendidos;https://www.google.com/maps/place/Loja+do+Mec%C3%A2nico+Limeira/data=!4m7!3m6!1s0x94c8811f589e2afb:0xce0a7cfc9c8f5cc6!8m2!3d-22.588369!4d-47.3723857!16s%2Fg%2F11qb5l551w!19sChIJ-yqeWB-ByJQRxlyPnPx8Cs4?authuser=0&hl=pt-BR&g_ep=EgoyMDI2MDkzMC4wIJJjKgBIAVAD&rclk=1;1606
Anel 3;Limeira/SP;Sodimac - Limeira;0800 763 4622;;;https://www.sodimac.com.br/sodimac-br/ | https://www.instagram.com/sodimac_brasil;https://www.google.com/maps/place/Sodimac+-+Limeira/data=!4m7!3m6!1s0x94c87e1831d4ed77:0x3ac61efa061c1acd!8m2!3d-22.5293777!4d-47.3882907!16s%2Fg%2F1ptyl8f_9!19sChIJd-3UMRh-yJQRzRocBvoexjo?authuser=0&hl=pt-BR&g_ep=EgoyMDI2MDkzMC4wIJJjKgBIAVAD&rclk=1;1231
Anel 3;São José do Rio Preto/SP;A TUDO D' ÁGUA Materiais para Construção.;(17) 3355-1000;;;http://www.atudodagua.com.br/;https://www.google.com/maps/place/A+TUDO+D%27+%C3%81GUA+Materiais+para+Constru%C3%A7%C3%A3o./data=!4m7!3m6!1s0x94bdad7cf252712f:0xafef746006bac120!8m2!3d-20.8202404!4d-49.3975401!16s%2Fg%2F1tc_gc1p!19sChIJL3FS8nytvZQRIMG6BmB0768?authuser=0&hl=pt-BR&g_ep=EgoyMDI2MDkzMC4wIJJjKgBIAVAD&rclk=1;923
Anel 3;São Sebastião do Paraíso/MG;Tonin Super Atacado;(35) 3558-3375;;;https://www.supertonin.com.br/;https://www.google.com/maps/place/Tonin+Super+Atacado/data=!4m7!3m6!1s0x94b719d047a16e33:0xe443968507d4026c!8m2!3d-20.9207636!4d-46.9719603!16s%2Fg%2F11b7lhgtw7!19sChIJM26hR9AZt5QRbALUB4WWQ-Q?authuser=0&hl=pt-BR&g_ep=EgoyMDI2MDkzMC4wIJJjKgBIAVAD&rclk=1;616
Anel 3;São José do Rio Preto/SP;Anjuluz;(17) 3304-6451;(17) 99118-4125;;https://www.anjuluz.com.br/ | https://www.instagram.com/anjuluzshopping;https://www.google.com/maps/place/Anjuluz/data=!4m7!3m6!1s0x94bc52eac82e5f7d:0x3e7e5c0698506e40!8m2!3d-20.7882548!4d-49.3436421!16s%2Fg%2F11by_nkpst!19sChIJfV8uyOpSvJQRQG5QmAZcfj4?authuser=0&hl=pt-BR&g_ep=EgoyMDI2MDkzMC4wIJJjKgBIAVAD&rclk=1;568
Anel 3;Catanduva/SP;Elétrica Araújo Catanduva;(17) 3531-1388;(17) 3531-1388;;http://www.eletricaraujo.com.br/ | https://instagram.com/eletricaaraujo.catanduva;https://www.google.com/maps/place/El%C3%A9trica+Ara%C3%BAjo+Catanduva/data=!4m7!3m6!1s0x94bc1e62f4cae079:0xae6a43baba6f5874!8m2!3d-21.1331524!4d-48.9737922!16s%2Fg%2F1tjv4m99!19sChIJeeDK9GIevJQRdFhvurpDaq4?authuser=0&hl=pt-BR&g_ep=EgoyMDI2MDkzMC4wIJJjKgBIAVAD&rclk=1;546
Anel 3;Araras/SP;Comercial Ararense Ferramentas e Máquinas;(19) 3543-3411;(19) 99799-0050;;http://www.ararenseferramentas.com.br/ | https://www.instagram.com/comercialararense;https://www.google.com/maps/place/Comercial+Ararense+Ferramentas+e+M%C3%A1quinas/data=!4m7!3m6!1s0x94c8773f1662078d:0x38fa59accaad9ce1!8m2!3d-22.3633575!4d-47.3867668!16s%2Fg%2F1txy3ftm!19sChIJjQdiFj93yJQR4ZytyqxZ-jg?authuser=0&hl=pt-BR&g_ep=EgoyMDI2MDkzMC4wIJJjKgBIAVAD&rclk=1;530
Anel 3;Poços de Caldas/MG;Carneiro Casa & Construção (Centro);(35) 3697-1600;;;https://www.instagram.com/casascarneiro/;https://www.google.com/maps/place/Carneiro+Casa+%26+Constru%C3%A7%C3%A3o+%28Centro%29/data=!4m7!3m6!1s0x94c9dce8ff5de2ab:0x4dd2a736572cfd63!8m2!3d-21.7851274!4d-46.5657936!16s%2Fg%2F1tc_xqk1!19sChIJq-Jd_-jcyZQRY_0sVzan0k0?authuser=0&hl=pt-BR&g_ep=EgoyMDI2MDkzMC4wIJJjKgBIAVAD&rclk=1;497
Anel 3;São José do Rio Preto/SP;Multielétrica;(17) 3302-2000;(17) 3302-2000;televendas2@multieletrica.com.br;http://www.multieletrica.com.br/ | https://www.instagram.com/multieletrica;https://www.google.com/maps/place/Multiel%C3%A9trica/data=!4m7!3m6!1s0x94bc4d4e45a8aea9:0xf21f01dcda821433!8m2!3d-20.8233013!4d-49.3585853!16s%2Fg%2F1tdk68j3!19sChIJqa6oRU5NvJQRMxSC2twBH_I?authuser=0&hl=pt-BR&g_ep=EgoyMDI2MDkzMC4wIJJjKgBIAVAD&rclk=1;472
Anel 3;São José do Rio Preto/SP;Contattos+ | Materiais Elétricos, Hidráulicos, Ferramentas e Iluminação em São José do Rio Preto-SP;(17) 3224-3300;;;https://www.contattosmais.com.br/;https://www.google.com/maps/place/Contattos%2B+%7C+Materiais+El%C3%A9tricos,+Hidr%C3%A1ulicos,+Ferramentas+e+Ilumina%C3%A7%C3%A3o+em+S%C3%A3o+Jos%C3%A9+do+Rio+Preto-SP/data=!4m7!3m6!1s0x94bc4d5029740d7b:0xdb9e9b87635fa228!8m2!3d-20.7873019!4d-49.3560959!16s%2Fg%2F11fflznhbq!19sChIJew10KVBNvJQRKKJfY4ebnts?authuser=0&hl=pt-BR&g_ep=EgoyMDI2MDkzMC4wIJJjKgBIAVAD&rclk=1;470
Anel 3;São José do Rio Preto/SP;Agrometal;(17) 2139-5000;(17) 99120-4155;sac@agromental.com.br;https://lojaagrometal.com.br/ | https://www.instagram.com/agrometalriopreto;https://www.google.com/maps/place/Agrometal/data=!4m7!3m6!1s0x94bdad7c9865f341:0x77d271c007cda74f!8m2!3d-20.8188266!4d-49.3970999!16s%2Fg%2F1tddbyzl!19sChIJQfNlmHytvZQRT6fNB8Bx0nc?authuser=0&hl=pt-BR&g_ep=EgoyMDI2MDkzMC4wIJJjKgBIAVAD&rclk=1;445
Anel 3;Rio Claro/SP;Picelli Motores e Bombas;(19) 3534-9184;(19) 3534-9184;;http://www.picelli.com.br/ | https://instagram.com/picellimotores;https://www.google.com/maps/place/Picelli+Motores+e+Bombas/data=!4m7!3m6!1s0x94c7dba4c89b3551:0x5caa568b4edea90b!8m2!3d-22.3877098!4d-47.5575457!16s%2Fg%2F11bw471t5l!19sChIJUTWbyKTbx5QRC6neTotWqlw?authuser=0&hl=pt-BR&g_ep=EgoyMDI2MDkzMC4wIJJjKgBIAVAD&rclk=1;444
Anel 3;Pirassununga/SP;Comercial Massoneto;(19) 3561-6977;;sac@massoneto.com;https://massoneto.com/ | https://www.instagram.com/massonetoacabamentos;https://www.google.com/maps/place/Comercial+Massoneto/data=!4m7!3m6!1s0x94c8073263ac3a0d:0xc86566c4c2cb5418!8m2!3d-22.01303!4d-47.4204472!16s%2Fg%2F1wbg0j4g!19sChIJDTqsYzIHyJQRGFTLwsRmZcg?authuser=0&hl=pt-BR&g_ep=EgoyMDI2MDkzMC4wIJJjKgBIAVAD&rclk=1;421
Anel 3;São José do Rio Preto/SP;Conerio materiais para construção;(17) 3353-0444;(17) 3353-0444;;https://conerio.com.br/ | https://www.instagram.com/conerio;https://www.google.com/maps/place/Conerio+materiais+para+constru%C3%A7%C3%A3o/data=!4m7!3m6!1s0x94bdad94d961b881:0xe82d29603b896e1e!8m2!3d-20.8024805!4d-49.349502!16s%2Fg%2F1tfqb9_6!19sChIJgbhh2ZStvZQRHm6JO2ApLeg?authuser=0&hl=pt-BR&g_ep=EgoyMDI2MDkzMC4wIJJjKgBIAVAD&rclk=1;414
Anel 3;Catanduva/SP;Trida Eletrônica;(17) 3524-2342;;;;https://www.google.com/maps/place/Trida+Eletr%C3%B4nica/data=!4m7!3m6!1s0x94bc1e66aba08d99:0x41eedea92d765b27!8m2!3d-21.139795!4d-48.974107!16s%2Fg%2F1wj_vck9!19sChIJmY2gq2YevJQRJ1t2Lane7kE?authuser=0&hl=pt-BR&g_ep=EgoyMDI2MDkzMC4wIJJjKgBIAVAD&rclk=1;396
Anel 3;Poços de Caldas/MG;MG Elétrica e Segurança Eletrônica;;(35) 99750-0666;contato@mgeletricaeseguranca.com.br;https://mgsegurancaeletronica.com.br/ | https://www.instagram.com/mgeletricaeseguranca;https://www.google.com/maps/place/MG+El%C3%A9trica+e+Seguran%C3%A7a+Eletr%C3%B4nica/data=!4m7!3m6!1s0x94c9c3bd7c54e55f:0xf063971887fff0cd!8m2!3d-21.8515431!4d-46.5692792!16s%2Fg%2F11jdxp7khd!19sChIJX-VUfL3DyZQRzfD_hxiXY_A?authuser=0&hl=pt-BR&g_ep=EgoyMDI2MDkzMC4wIJJjKgBIAVAD&rclk=1;396
Anel 3;Limeira/SP;Dimensional;(19) 3446-7400;(19) 3446-7400;;https://www.dimensional.com.br/ | https://www.instagram.com/dimensionalbrasil;https://www.google.com/maps/place/Dimensional/data=!4m7!3m6!1s0x94c880640611331b:0x26f5a19b72056b6c!8m2!3d-22.5901096!4d-47.3885091!16s%2Fg%2F1hjgm5c_k!19sChIJGzMRBmSAyJQRbGsFcpuh9SY?authuser=0&hl=pt-BR&g_ep=EgoyMDI2MDkzMC4wIJJjKgBIAVAD&rclk=1;380
Anel 3;Leme/SP;Valdemar | Encanador e Eletricista;;(19) 99707-6002;;https://sites.google.com/view/valdemarencanadoreeletricista;https://www.google.com/maps/place/Valdemar+%7C+Encanador+e+Eletricista/data=!4m7!3m6!1s0x94c80bb48a7d5cc5:0x84b5c2ea3cf0bf3b!8m2!3d-22.1843848!4d-47.3819149!16s%2Fg%2F11rfn6dqsd!19sChIJxVx9irQLyJQRO7_wPOrCtYQ?authuser=0&hl=pt-BR&g_ep=EgoyMDI2MDkzMC4wIJJjKgBIAVAD&rclk=1;379
Anel 3;Piracicaba/SP;ELETROBIGELI - BIGELI ELETRICIDADE;(19) 3434-5921;;;http://www.eletrobigeli.com.br/;https://www.google.com/maps/place/ELETROBIGELI+-+BIGELI+ELETRICIDADE/data=!4m7!3m6!1s0x94c631aea7b778c5:0x288764cc9ac4c313!8m2!3d-22.730548!4d-47.6398647!16s%2Fg%2F11g_xmnr1!19sChIJxXi3p64xxpQRE8PEmsxkhyg?authuser=0&hl=pt-BR&g_ep=EgoyMDI2MDkzMC4wIJJjKgBIAVAD&rclk=1;369
Anel 3;Leme/SP;TED - Produtos para Estética Automotiva - Construção - Industrial;;(19) 99125-9229;tedvendas@teddistribuidora.com.br;https://www.teddistribuidora.com.br/ | https://www.instagram.com/teddistribuidora;https://www.google.com/maps/place/TED+-+Produtos+para+Est%C3%A9tica+Automotiva+-+Constru%C3%A7%C3%A3o+-+Industrial/data=!4m7!3m6!1s0x94c80b44c619052b:0xafb65b19bdd1b199!8m2!3d-22.1844428!4d-47.3952336!16s%2Fg%2F11k56bnzzq!19sChIJKwUZxkQLyJQRmbHRvRlbtq8?authuser=0&hl=pt-BR&g_ep=EgoyMDI2MDkzMC4wIJJjKgBIAVAD&rclk=1;342
Anel 3;Piracicaba/SP;Tite Eletricidade;(19) 3434-8477;;;;https://www.google.com/maps/place/Tite+Eletricidade/data=!4m7!3m6!1s0x94c631a779698e39:0xbf32fcd558dd39a!8m2!3d-22.724912!4d-47.645126!16s%2Fg%2F11b7ckjmv4!19sChIJOY5peacxxpQRmtONVc0v8ws?authuser=0&hl=pt-BR&g_ep=EgoyMDI2MDkzMC4wIJJjKgBIAVAD&rclk=1;339
Anel 3;São José do Rio Preto/SP;Trevão Distribuidora de Autopeças Rio Preto;(17) 4009-7575;(17) 4009-7575;;https://www.trevaopecas.com.br/ | https://www.instagram.com/trevaopecasoficial;https://www.google.com/maps/place/Trev%C3%A3o+Distribuidora+de+Autope%C3%A7as+Rio+Preto/data=!4m7!3m6!1s0x94bc4d4b44b7b8bf:0xdb28c08ecb126fa2!8m2!3d-20.8295514!4d-49.3643233!16s%2Fg%2F11b6hmh9vk!19sChIJv7i3REtNvJQRom8Sy47AKNs?authuser=0&hl=pt-BR&g_ep=EgoyMDI2MDkzMC4wIJJjKgBIAVAD&rclk=1;336
Anel 3;São José do Rio Preto/SP;Fort Luz;(17) 3215-9455;(17) 99759-5892;fortluz.com.brmarketing@fortluz.com.br;http://www.fortluz.com.br/;https://www.google.com/maps/place/Fort+Luz/data=!4m7!3m6!1s0x94bdad4b99f2de0b:0xab0d86c14d424e69!8m2!3d-20.7997474!4d-49.3678137!16s%2Fg%2F1v470g1v!19sChIJC97ymUutvZQRaU5CTcGGDas?authuser=0&hl=pt-BR&g_ep=EgoyMDI2MDkzMC4wIJJjKgBIAVAD&rclk=1;334
Anel 3;Piracicaba/SP;Comercial São Dimas de Piracicaba Ltda - ME;(19) 3432-8600;;;http://www.comercialsaodimas.com.br/ | https://www.instagram.com/comercialsaodimas;https://www.google.com/maps/place/Comercial+S%C3%A3o+Dimas+de+Piracicaba+Ltda+-+ME/data=!4m7!3m6!1s0x94c6319e5c6eace3:0x2086553ad03bda4d!8m2!3d-22.7137199!4d-47.6433581!16s%2Fg%2F1vntk_cy!19sChIJ46xuXJ4xxpQRTdo70DpVhiA?authuser=0&hl=pt-BR&g_ep=EgoyMDI2MDkzMC4wIJJjKgBIAVAD&rclk=1;306
Anel 3;São José do Rio Preto/SP;Bracelf Comercial Atacadista;(17) 3218-4000;(17) 99708-3122;;http://bracelf.com.br/ | https://www.instagram.com/bracelfatacadista;https://www.google.com/maps/place/Bracelf+Comercial+Atacadista/data=!4m7!3m6!1s0x94bc52b0880076ff:0x912f2766cb53bbf3!8m2!3d-20.8493681!4d-49.3444576!16s%2Fg%2F1ptwgztkb!19sChIJ_3YAiLBSvJQR87tTy2YnL5E?authuser=0&hl=pt-BR&g_ep=EgoyMDI2MDkzMC4wIJJjKgBIAVAD&rclk=1;298
Anel 3;Leme/SP;Da Roz Eletricidade;(19) 3573-6900;;contato@darozeletricidade.com.br;http://www.darozeletricidade.com.br/ | https://instagram.com/darozeletricidade;https://www.google.com/maps/place/Da+Roz+Eletricidade/data=!4m7!3m6!1s0x94c80b9919cf75bf:0xf6ec59a6eb13fd9c!8m2!3d-22.1860185!4d-47.3867745!16s%2Fg%2F1tgc0wy1!19sChIJv3XPGZkLyJQRnP0T66ZZ7PY?authuser=0&hl=pt-BR&g_ep=EgoyMDI2MDkzMC4wIJJjKgBIAVAD&rclk=1;282
Anel 3;Limeira/SP;Elétrica Maio - Materiais Elétricos;(19) 3441-4453;;;http://www.facebook.com/eletricamaiolimeira;https://www.google.com/maps/place/El%C3%A9trica+Maio+-+Materiais+El%C3%A9tricos/data=!4m7!3m6!1s0x94c880727aafe44f:0x256d3bd3b70c6729!8m2!3d-22.5597463!4d-47.426337!16s%2Fg%2F11byn06fhf!19sChIJT-SvenKAyJQRKWcMt9M7bSU?authuser=0&hl=pt-BR&g_ep=EgoyMDI2MDkzMC4wIJJjKgBIAVAD&rclk=1;274
Anel 3;Porto Ferreira/SP;Lojas Petrópolis - Porto Ferreira;(19) 3585-3314;;;https://lojaspetropolis.mercadoshops.com.br/;https://www.google.com/maps/place/Lojas+Petr%C3%B3polis+-+Porto+Ferreira/data=!4m7!3m6!1s0x94b80180eaadee5d:0x985b49eaf178dcc7!8m2!3d-21.8788476!4d-47.48579!16s%2Fg%2F11g_n37hs!19sChIJXe6t6oABuJQRx9x48epJW5g?authuser=0&hl=pt-BR&g_ep=EgoyMDI2MDkzMC4wIJJjKgBIAVAD&rclk=1;272
Anel 3;Barretos/SP;Techplace Energia Solar e Materiais Elétricos;(17) 3324-4409;https://wa.link/blzp4t;;https://techplaceenergiasolar.com.br/orcamento-energia-solar/;https://www.google.com/maps/place/Techplace+Energia+Solar+e+Materiais+El%C3%A9tricos/data=!4m7!3m6!1s0x94bb850c7cbea783:0xb6986da14f6933a4!8m2!3d-20.5495417!4d-48.5788231!16s%2Fg%2F11rwwb7xzk!19sChIJg6e-fAyFu5QRpDNpT6FtmLY?authuser=0&hl=pt-BR&g_ep=EgoyMDI2MDkzMC4wIJJjKgBIAVAD&rclk=1;261
Anel 3;São José do Rio Preto/SP;Elétrica Bel Materiais Elétricos;(17) 3215-9500;(17) 99778-4058;sac@eletricabel.com.br;http://www.eletricabel.com.br/;https://www.google.com/maps/place/El%C3%A9trica+Bel+Materiais+El%C3%A9tricos/data=!4m7!3m6!1s0x94bdb2aaba0ccaa9:0x7d038624026786f8!8m2!3d-20.8156133!4d-49.3658305!16s%2Fg%2F1tql5wqv!19sChIJqcoMuqqyvZQR-IZnAiSGA30?authuser=0&hl=pt-BR&g_ep=EgoyMDI2MDkzMC4wIJJjKgBIAVAD&rclk=1;260
Anel 3;Rio Claro/SP;Fonteluz Materiais Elétricos e Iluminação Decorativa;(19) 3534-7542;;;http://www.fonteluz.com.br/;https://www.google.com/maps/place/Fonteluz+Materiais+El%C3%A9tricos+e+Ilumina%C3%A7%C3%A3o+Decorativa/data=!4m7!3m6!1s0x94c7da5da143cf75:0x2ceebd994853b41e!8m2!3d-22.4068745!4d-47.5639759!16s%2Fg%2F1tdr992w!19sChIJdc9DoV3ax5QRHrRTSJm97iw?authuser=0&hl=pt-BR&g_ep=EgoyMDI2MDkzMC4wIJJjKgBIAVAD&rclk=1;248
Anel 3;Araras/SP;Seneda Baterias e Auto Elétrica;(19) 3541-5856;;;;https://www.google.com/maps/place/Seneda+Baterias+e+Auto+El%C3%A9trica/data=!4m7!3m6!1s0x94c8776a98865501:0x367233a6d176d5b9!8m2!3d-22.3672183!4d-47.390706!16s%2Fg%2F11cmv7tw8f!19sChIJAVWGmGp3yJQRudV20aYzcjY?authuser=0&hl=pt-BR&g_ep=EgoyMDI2MDkzMC4wIJJjKgBIAVAD&rclk=1;239
Anel 3;Rio Claro/SP;Eletro Matos - Materiais Elétricos e Materiais Hidráulicos;(19) 3597-3778;(19) 99620-2610;;https://mechamenozap.com.br/eletrica-matos/ | https://www.instagram.com/eletro.matos;https://www.google.com/maps/place/Eletro+Matos+-+Materiais+El%C3%A9tricos+e+Materiais+Hidr%C3%A1ulicos/data=!4m7!3m6!1s0x94c7db124d893037:0xb194928b90dda75!8m2!3d-22.3914151!4d-47.5789192!16s%2Fg%2F11b8yznjd3!19sChIJNzCJTRLbx5QRddoNuShJGQs?authuser=0&hl=pt-BR&g_ep=EgoyMDI2MDkzMC4wIJJjKgBIAVAD&rclk=1;230
Anel 3;São José do Rio Preto/SP;ELETROFER;(17) 3224-7999;;;http://www.eletroferriopreto.com.br/;https://www.google.com/maps/place/ELETROFER/data=!4m7!3m6!1s0x94bdad4114d50e13:0x9ae48eda872fd62a!8m2!3d-20.778646!4d-49.3675459!16s%2Fg%2F11shkcmfkq!19sChIJEw7VFEGtvZQRKtYvh9qO5Jo?authuser=0&hl=pt-BR&g_ep=EgoyMDI2MDkzMC4wIJJjKgBIAVAD&rclk=1;212
Anel 3;Araras/SP;INOVA MULTISEG - Soluções em Segurança;(19) 3551-5416;;;http://www.inovamultiseg.com.br/;https://www.google.com/maps/place/INOVA+MULTISEG+-+Solu%C3%A7%C3%B5es+em+Seguran%C3%A7a/data=!4m7!3m6!1s0x94c877239c2b9273:0x11ceb2414623f789!8m2!3d-22.3597745!4d-47.36555!16s%2Fg%2F11b_3h6s8d!19sChIJc5IrnCN3yJQRifcjRkGyzhE?authuser=0&hl=pt-BR&g_ep=EgoyMDI2MDkzMC4wIJJjKgBIAVAD&rclk=1;210
Anel 3;Limeira/SP;Seg Sun - Elétrica e Automação Residencial;(19) 3513-8548;;;https://www.instagram.com/gruposegsun/;https://www.google.com/maps/place/Seg+Sun+-+El%C3%A9trica+e+Automa%C3%A7%C3%A3o+Residencial/data=!4m7!3m6!1s0x94c8817e0698ca53:0x5cdf26624e6ab3bc!8m2!3d-22.5617218!4d-47.4137803!16s%2Fg%2F11lnvwqd42!19sChIJU8qYBn6ByJQRvLNqTmIm31w?authuser=0&hl=pt-BR&g_ep=EgoyMDI2MDkzMC4wIJJjKgBIAVAD&rclk=1;210
Anel 3;São José do Rio Preto/SP;Starlumen Iluminação;(17) 3233-3999;(17) 99756-8297;vendas@starlumen.com.br;https://www.starlumen.com.br/ | https://www.instagram.com/starlumen.loja;https://www.google.com/maps/place/Starlumen+Ilumina%C3%A7%C3%A3o/data=!4m7!3m6!1s0x94bdb2ab5371e50d:0xb0fc0eec66033088!8m2!3d-20.8171982!4d-49.3846181!16s%2Fg%2F11ddzl5p7j!19sChIJDeVxU6uyvZQRiDADZuwO_LA?authuser=0&hl=pt-BR&g_ep=EgoyMDI2MDkzMC4wIJJjKgBIAVAD&rclk=1;209
Anel 3;Barretos/SP;Loja Carvalho Materiais Elétricos e Hidráulicos - Reparos residenciais;(17) 3325-5954;(17) 3325-5954;;https://wa.me/551733255954 | https://www.instagram.com/whatsapp;https://www.google.com/maps/place/Loja+Carvalho+Materiais+El%C3%A9tricos+e+Hidr%C3%A1ulicos+-+Reparos+residenciais/data=!4m7!3m6!1s0x94bb8520922fc75b:0xa1737c2f473f5c97!8m2!3d-20.5701512!4d-48.5611786!16s%2Fg%2F1thctfn6!19sChIJW8cvkiCFu5QRl1w_Ry98c6E?authuser=0&hl=pt-BR&g_ep=EgoyMDI2MDkzMC4wIJJjKgBIAVAD&rclk=1;204
Anel 3;Poços de Caldas/MG;Segurança RDA alarmes;;(35) 98822-7578;;https://rdaalarmes.com.br/;https://www.google.com/maps/place/Seguran%C3%A7a+RDA+alarmes/data=!4m7!3m6!1s0x94c9db79d508656f:0x8f8ed1043a784589!8m2!3d-21.7830044!4d-46.594261!16s%2Fg%2F11w3mmn0dd!19sChIJb2UI1XnbyZQRiUV4OgTRjo8?authuser=0&hl=pt-BR&g_ep=EgoyMDI2MDkzMC4wIJJjKgBIAVAD&rclk=1;204
Anel 3;Piracicaba/SP;Casa do LED Piracicaba;(19) 3376-0717;;;https://casadoledonline.com.br/;https://www.google.com/maps/place/Casa+do+LED+Piracicaba/data=!4m7!3m6!1s0x94c631a7600e43ed:0x9ea8c7756951fd55!8m2!3d-22.7240933!4d-47.6455815!16s%2Fg%2F11cn0xkmpl!19sChIJ7UMOYKcxxpQRVf1RaXXHqJ4?authuser=0&hl=pt-BR&g_ep=EgoyMDI2MDkzMC4wIJJjKgBIAVAD&rclk=1;202
Anel 3;Rio Claro/SP;Tem de Tudo;35247628;;;;https://www.google.com/maps/place/Tem+de+Tudo/data=!4m7!3m6!1s0x94c7daf9cc1babe5:0xab8ccacbe3d0a42f!8m2!3d-22.409433!4d-47.558301!16s%2Fg%2F1tcxqsdr!19sChIJ5asbzPnax5QRL6TQ48vKjKs?authuser=0&hl=pt-BR&g_ep=EgoyMDI2MDkzMC4wIJJjKgBIAVAD&rclk=1;198
Anel 3;Piracicaba/SP;Alberoni Materiais para Construção;(19) 3413-0616;;;;https://www.google.com/maps/place/Alberoni+Materiais+para+Constru%C3%A7%C3%A3o/data=!4m7!3m6!1s0x94c631626160ee4d:0x84603b3929d3884a!8m2!3d-22.7056659!4d-47.6559283!16s%2Fg%2F1ptw28mp9!19sChIJTe5gYWIxxpQRSojTKTk7YIQ?authuser=0&hl=pt-BR&g_ep=EgoyMDI2MDkzMC4wIJJjKgBIAVAD&rclk=1;197
Anel 3;São Sebastião do Paraíso/MG;Construai Martoni;(35) 3539-2260;(35) 3539-2260;;https://www.clickdisk.com.br/telefone/sao-sebastiao-do-paraiso-mg/martoni-materiais-para-construcao | https://www.instagram.com/construai.martoni;https://www.google.com/maps/place/Construai+Martoni/data=!4m7!3m6!1s0x94b7177be9a1b0dd:0x57d891d3320b0225!8m2!3d-20.9225153!4d-46.9863273!16s%2Fg%2F1wc491ls!19sChIJ3bCh6XsXt5QRJQILMtOR2Fc?authuser=0&hl=pt-BR&g_ep=EgoyMDI2MDkzMC4wIJJjKgBIAVAD&rclk=1;195
Anel 3;Piracicaba/SP;Comercial nova Piracicaba;(19) 3413-1445;(19) 98326-4387;;https://api.whatsapp.com/send?phone=5519983264387 | https://www.instagram.com/whatsapp;https://www.google.com/maps/place/Comercial+nova+Piracicaba/data=!4m7!3m6!1s0x94c6315c8cf13c4f:0x5250a01882d7d369!8m2!3d-22.7142112!4d-47.6690203!16s%2Fg%2F11h152ch9!19sChIJTzzxjFwxxpQRadPXghigUFI?authuser=0&hl=pt-BR&g_ep=EgoyMDI2MDkzMC4wIJJjKgBIAVAD&rclk=1;194
Anel 3;Limeira/SP;Casa das Lâmpadas;(19) 3701-3157;;;;https://www.google.com/maps/place/Casa+das+L%C3%A2mpadas/data=!4m7!3m6!1s0x94c881022376b68f:0x5007211eddb88584!8m2!3d-22.5833545!4d-47.4043822!16s%2Fg%2F11b779rl59!19sChIJj7Z2IwKByJQRhIW43R4hB1A?authuser=0&hl=pt-BR&g_ep=EgoyMDI2MDkzMC4wIJJjKgBIAVAD&rclk=1;193
Anel 3;São José do Rio Preto/SP;NR Iluminação;(17) 3233-6458;(17) 3233-6458;marketing@nriluminacao.com.br;https://www.nriluminacao.com.br/ | https://www.instagram.com/nriluminacao;https://www.google.com/maps/place/NR+Ilumina%C3%A7%C3%A3o/data=!4m7!3m6!1s0x94bdad62638a6201:0x75434b53449cd1e6!8m2!3d-20.8215503!4d-49.3930551!16s%2Fg%2F119wnt5dw!19sChIJAWKKY2KtvZQR5tGcRFNLQ3U?authuser=0&hl=pt-BR&g_ep=EgoyMDI2MDkzMC4wIJJjKgBIAVAD&rclk=1;191
Anel 3;Pirassununga/SP;Terminal Eletricidade;(19) 3562-1424;;;;https://www.google.com/maps/place/Terminal+Eletricidade/data=!4m7!3m6!1s0x94c800eb48e41917:0xaf2bb3c45144bd51!8m2!3d-22.0005998!4d-47.4272425!16s%2Fg%2F1tf08s60!19sChIJFxnkSOsAyJQRUb1EUcSzK68?authuser=0&hl=pt-BR&g_ep=EgoyMDI2MDkzMC4wIJJjKgBIAVAD&rclk=1;190
Anel 3;Limeira/SP;Comercial MKF Materiais para Construção;(19) 3441-4147;;;https://wa.me/+5519997417400 | https://www.instagram.com/whatsapp;https://www.google.com/maps/place/Comercial+MKF+Materiais+para+Constru%C3%A7%C3%A3o/data=!4m7!3m6!1s0x94c880f8ef849245:0xe403f2ac3ef4f547!8m2!3d-22.576652!4d-47.408201!16s%2Fg%2F1td6z6qy!19sChIJRZKE7_iAyJQRR_X0PqzyA-Q?authuser=0&hl=pt-BR&g_ep=EgoyMDI2MDkzMC4wIJJjKgBIAVAD&rclk=1;186
Anel 3;Limeira/SP;Nice Brasil;(19) 2113-2727;;;https://www.niceforyou.com/pt-br | https://www.instagram.com/nicebrasiloficial;https://www.google.com/maps/place/Nice+Brasil/data=!4m7!3m6!1s0x94c880f271224b05:0x2c01dfede1372a26!8m2!3d-22.5464889!4d-47.3778286!16s%2Fg%2F1tdz11kd!19sChIJBUsicfKAyJQRJio34e3fASw?authuser=0&hl=pt-BR&g_ep=EgoyMDI2MDkzMC4wIJJjKgBIAVAD&rclk=1;185
Anel 3;Poços de Caldas/MG;Marechal Construções;(35) 3197-2005;;;;https://www.google.com/maps/place/Marechal+Constru%C3%A7%C3%B5es/data=!4m7!3m6!1s0x94c9dce11c89e651:0xeb1f16f78009431b!8m2!3d-21.7863686!4d-46.5583878!16s%2Fg%2F1v_vt_w2!19sChIJUeaJHOHcyZQRG0MJgPcWH-s?authuser=0&hl=pt-BR&g_ep=EgoyMDI2MDkzMC4wIJJjKgBIAVAD&rclk=1;185
Anel 3;Pirassununga/SP;M.A. Elétrica Pirassununga.;;(19) 99521-8637;;;https://www.google.com/maps/place/M.A.+El%C3%A9trica+Pirassununga./data=!4m7!3m6!1s0x3e4f3ea3f256fe1:0x96e738104c6bf38c!8m2!3d-22.0335038!4d-47.4248169!16s%2Fg%2F11qh3pbzqd!19sChIJ4W8lP-rz5AMRjPNrTBA455Y?authuser=0&hl=pt-BR&g_ep=EgoyMDI2MDkzMC4wIJJjKgBIAVAD&rclk=1;181
Anel 3;Poços de Caldas/MG;Élin Materiais Elétricos;37221913;(35) 3722-1913;;https://www.clickdisk.com.br/telefone/pocos-de-caldas-mg/elin-materiais-eletricos | https://www.instagram.com/elinmateriaiseletricos;https://www.google.com/maps/place/%C3%89lin+Materiais+El%C3%A9tricos/data=!4m7!3m6!1s0x94c9dd21c65d8171:0x440ca4c134664734!8m2!3d-21.7885184!4d-46.5516481!16s%2Fg%2F11bzwmtl34!19sChIJcYFdxiHdyZQRNEdmNMGkDEQ?authuser=0&hl=pt-BR&g_ep=EgoyMDI2MDkzMC4wIJJjKgBIAVAD&rclk=1;180
Anel 3;Rio Claro/SP;Nero - Elétrica, Hidráulica e Irrigação;(19) 3523-8034;;;http://www.nerohidraulica.com.br/ | https://www.instagram.com/nerohidr;https://www.google.com/maps/place/Nero+-+El%C3%A9trica,+Hidr%C3%A1ulica+e+Irriga%C3%A7%C3%A3o/data=!4m7!3m6!1s0x94c7dba4abe05dff:0x3807342d06c89665!8m2!3d-22.3864861!4d-47.557236!16s%2Fg%2F11d_bknt3f!19sChIJ_13gq6Tbx5QRZZbIBi00Bzg?authuser=0&hl=pt-BR&g_ep=EgoyMDI2MDkzMC4wIJJjKgBIAVAD&rclk=1;178
Anel 3;São José do Rio Preto/SP;Ataluz Iluminação;(17) 2136-5666;(17) 2136-5672;;http://wa.me/1721365672 | https://www.instagram.com/whatsapp;https://www.google.com/maps/place/Ataluz+Ilumina%C3%A7%C3%A3o/data=!4m7!3m6!1s0x94bdb2a9e78c2b73:0xc1d87e97f288e26!8m2!3d-20.8168119!4d-49.3716966!16s%2Fg%2F1td6hl94!19sChIJcyuM56myvZQRJo4of-mHHQw?authuser=0&hl=pt-BR&g_ep=EgoyMDI2MDkzMC4wIJJjKgBIAVAD&rclk=1;177
Anel 3;Leme/SP;Tenda Atacado - Leme;(19) 2932-0104;;;https://www.tendaatacado.com.br/institucional/nossas-lojas;https://www.google.com/maps/place/Tenda+Atacado+-+Leme/data=!4m7!3m6!1s0x94c80b004668ea7d:0xf4227423e409f6aa!8m2!3d-22.1839577!4d-47.3815227!16s%2Fg%2F11vywkwvbg!19sChIJfepoRgALyJQRqvYJ5CN0IvQ?authuser=0&hl=pt-BR&g_ep=EgoyMDI2MDkzMC4wIJJjKgBIAVAD&rclk=1;173
Anel 3;Rio Claro/SP;Depósito Santa Rosa;(19) 3534-2688;(19) 99296-7470;rioclaro@depositosantarosa.com.br;http://www.depositosantarosa.com.br/ | https://www.instagram.com/depositostarosa;https://www.google.com/maps/place/Dep%C3%B3sito+Santa+Rosa/data=!4m7!3m6!1s0x94c7dae8e34e3d77:0xb608459a1849957a!8m2!3d-22.4123866!4d-47.5564353!16s%2Fg%2F11c2y6yzqr!19sChIJdz1O4-jax5QRepVJGJpFCLY?authuser=0&hl=pt-BR&g_ep=EgoyMDI2MDkzMC4wIJJjKgBIAVAD&rclk=1;170
Anel 3;Catanduva/SP;Casa Luz Iluminação;(17) 3531-2858;(17) 3531-2858;casaluz@casaluziluminacao.com.br;http://casaluziluminacao.com.br/ | http://www.instagram.com/casaluziluminacao_catanduva;https://www.google.com/maps/place/Casa+Luz+Ilumina%C3%A7%C3%A3o/data=!4m7!3m6!1s0x94bc1e6e9d58349d:0x65cf6bef1944e679!8m2!3d-21.1474319!4d-48.9743475!16s%2Fg%2F1ptxr8sv5!19sChIJnTRYnW4evJQReeZEGe9rz2U?authuser=0&hl=pt-BR&g_ep=EgoyMDI2MDkzMC4wIJJjKgBIAVAD&rclk=1;168
Anel 3;Araras/SP;Elétrica D.A;;(49) 99161-0098;eletricada26@gmail.com;https://www.eletricada.com.br/ | https://www.instagram.com/eletricad.a;https://www.google.com/maps/place/El%C3%A9trica+D.A/data=!4m7!3m6!1s0x94c87180183c76b5:0xff8b0d18d9cb7921!8m2!3d-22.3414338!4d-47.4023292!16s%2Fg%2F11fv3h6tjb!19sChIJtXY8GIBxyJQRIXnL2RgNi_8?authuser=0&hl=pt-BR&g_ep=EgoyMDI2MDkzMC4wIJJjKgBIAVAD&rclk=1;168
Anel 3;São José do Rio Preto/SP;Samlux - Iluminação, Decoração e Design;(17) 3512-6280;(17) 99605-7064;;https://www.samlux.com.br/ | https://www.instagram.com/samluxiluminacao;https://www.google.com/maps/place/Samlux+-+Ilumina%C3%A7%C3%A3o,+Decora%C3%A7%C3%A3o+e+Design/data=!4m7!3m6!1s0x94bdadf7cdc35ff5:0x90dc5ca84801ffc9!8m2!3d-20.8156783!4d-49.3795356!16s%2Fg%2F11vb_fv2z6!19sChIJ9V_DzfetvZQRyf8BSKhc3JA?authuser=0&hl=pt-BR&g_ep=EgoyMDI2MDkzMC4wIJJjKgBIAVAD&rclk=1;166
Anel 3;Catanduva/SP;HOLD Energia Solar e Materiais Elétricos;(17) 3523-3835;(17) 3523-3835;contato@hold.inf.br;https://www.hold.inf.br/ | https://instagram.com/holdenergiasolar;https://www.google.com/maps/place/HOLD+Energia+Solar+e+Materiais+El%C3%A9tricos/data=!4m7!3m6!1s0x94bc1e6553589c13:0x268b52baedddc5ad!8m2!3d-21.1481824!4d-48.9863305!16s%2Fg%2F11gzwqb1r!19sChIJE5xYU2UevJQRrcXd7bpSiyY?authuser=0&hl=pt-BR&g_ep=EgoyMDI2MDkzMC4wIJJjKgBIAVAD&rclk=1;156
Anel 3;Araras/SP;Alternativa Ferragens - Araras;(19) 3551-3811;;;http://www.alternativaferragens.com.br/;https://www.google.com/maps/place/Alternativa+Ferragens+-+Araras/data=!4m7!3m6!1s0x94c8776ad5414e8d:0x44922bf6a53967a1!8m2!3d-22.3666679!4d-47.3927185!16s%2Fg%2F1ts3m9mh!19sChIJjU5B1Wp3yJQRoWc5pfYrkkQ?authuser=0&hl=pt-BR&g_ep=EgoyMDI2MDkzMC4wIJJjKgBIAVAD&rclk=1;151
Anel 3;São Sebastião do Paraíso/MG;Casa da Lavoura;(35) 3531-2019;(35) 98852-5863;;https://www.clickdisk.com.br/telefone/sao-sebastiao-do-paraiso-mg/casa-da-lavoura-paraiso;https://www.google.com/maps/place/Casa+da+Lavoura/data=!4m7!3m6!1s0x94b7177f4599a26f:0xc1af57ec17945568!8m2!3d-20.9171636!4d-46.9847358!16s%2Fg%2F11bysjp8nd!19sChIJb6KZRX8Xt5QRaFWUF-xXr8E?authuser=0&hl=pt-BR&g_ep=EgoyMDI2MDkzMC4wIJJjKgBIAVAD&rclk=1;151
Anel 3;Limeira/SP;Vivane Iluminação;(19) 3451-7003;(19) 3451-7003;contato@vivaneiluminacao.com.br;http://www.vivaneiluminacao.com.br/ | https://www.instagram.com/p/DXeX4BVkukg;https://www.google.com/maps/place/Vivane+Ilumina%C3%A7%C3%A3o/data=!4m7!3m6!1s0x94c88097020b2265:0x410f758d2d3953b!8m2!3d-22.5519063!4d-47.392976!16s%2Fg%2F11gztqkyn!19sChIJZSILApeAyJQRO5XT0lj3EAQ?authuser=0&hl=pt-BR&g_ep=EgoyMDI2MDkzMC4wIJJjKgBIAVAD&rclk=1;142
Anel 3;Rio Claro/SP;Claret Materiais Elétricos Hidráulicos;(19) 3533-6226;;;;https://www.google.com/maps/place/Claret+Materiais+El%C3%A9tricos+Hidr%C3%A1ulicos/data=!4m7!3m6!1s0x94c7db156e57693d:0x61ef8c975d46ddb5!8m2!3d-22.410672!4d-47.572378!16s%2Fg%2F11fqv93wms!19sChIJPWlXbhXbx5QRtd1GXZeM72E?authuser=0&hl=pt-BR&g_ep=EgoyMDI2MDkzMC4wIJJjKgBIAVAD&rclk=1;139
Anel 3;São José do Rio Preto/SP;Auto Peças Estrela Injeção Eletrônica Atacado e Varejo;(17) 3225-1316;(17) 99237-8447;;http://www.estrelaautopecas.com/ | https://www.instagram.com/autopecasestrela;https://www.google.com/maps/place/Auto+Pe%C3%A7as+Estrela+Inje%C3%A7%C3%A3o+Eletr%C3%B4nica+Atacado+e+Varejo/data=!4m7!3m6!1s0x94bdad4ab64e5555:0x118fa1a016c0f3fc!8m2!3d-20.7905522!4d-49.3589685!16s%2Fg%2F11gff9ktkb!19sChIJVVVOtkqtvZQR_PPAFqChjxE?authuser=0&hl=pt-BR&g_ep=EgoyMDI2MDkzMC4wIJJjKgBIAVAD&rclk=1;132
Anel 3;Piracicaba/SP;Peu Eletricidade;(19) 3437-3030;;;http://www.peu.com.br/;https://www.google.com/maps/place/Peu+Eletricidade/data=!4m7!3m6!1s0x94c63109c61f18eb:0x9ac73b76ffb0bc06!8m2!3d-22.7313178!4d-47.6131684!16s%2Fg%2F1td0t_hx!19sChIJ6xgfxgkxxpQRBryw_3Y7x5o?authuser=0&hl=pt-BR&g_ep=EgoyMDI2MDkzMC4wIJJjKgBIAVAD&rclk=1;131
Anel 3;Limeira/SP;Elétrica KBR BRASIL - Materiais Elétricos;;(19) 97419-1136;vendas2@eletricakbrbrasil.com.br;https://www.eletricakbrbrasil.com.br/ | https://www.instagram.com/KBRBRASIL;https://www.google.com/maps/place/El%C3%A9trica+KBR+BRASIL+-+Materiais+El%C3%A9tricos/data=!4m7!3m6!1s0x94c880637518a321:0x691c37484086f932!8m2!3d-22.5593216!4d-47.416378!16s%2Fg%2F1wcxf61x!19sChIJIaMYdWOAyJQRMvmGQEg3HGk?authuser=0&hl=pt-BR&g_ep=EgoyMDI2MDkzMC4wIJJjKgBIAVAD&rclk=1;130
Anel 3;São Sebastião do Paraíso/MG;Pessoni Hidro e Elétrica - Materiais Elétricos;(35) 3531-6554;;;https://www.cliqueiachei.com.br/telefone/sao-sebastiao-do-paraiso/mg/pessoni-hidro-e-eletrica;https://www.google.com/maps/place/Pessoni+Hidro+e+El%C3%A9trica+-+Materiais+El%C3%A9tricos/data=!4m7!3m6!1s0x94b7178042232017:0x9748ca3b33153a45!8m2!3d-20.9126016!4d-46.9804946!16s%2Fg%2F11bysjs63c!19sChIJFyAjQoAXt5QRRToVMzvKSJc?authuser=0&hl=pt-BR&g_ep=EgoyMDI2MDkzMC4wIJJjKgBIAVAD&rclk=1;130
Anel 3;Limeira/SP;Peu Limeira Eletricidade;(19) 3404-3660;;;http://www.peu.com.br/;https://www.google.com/maps/place/Peu+Limeira+Eletricidade/data=!4m7!3m6!1s0x94c88061d742daf7:0xa4b506d46f45537e!8m2!3d-22.561898!4d-47.4080669!16s%2Fg%2F1tdygr41!19sChIJ99pC12GAyJQRflNFb9QGtaQ?authuser=0&hl=pt-BR&g_ep=EgoyMDI2MDkzMC4wIJJjKgBIAVAD&rclk=1;129
Anel 3;Piracicaba/SP;IBMAQ Máquinas e Ferramentas;;(19) 99392-6572;;;https://www.google.com/maps/place/IBMAQ+M%C3%A1quinas+e+Ferramentas/data=!4m7!3m6!1s0x94c63153b0d40249:0xcb96059d5b203f6b!8m2!3d-22.7230975!4d-47.6413526!16s%2Fg%2F11j2dv9ylt!19sChIJSQLUsFMxxpQRaz8gW50Flss?authuser=0&hl=pt-BR&g_ep=EgoyMDI2MDkzMC4wIJJjKgBIAVAD&rclk=1;129
Anel 3;São Sebastião do Paraíso/MG;Casa Michelato - Materiais de Construção;(35) 3558-5573;(35) 99987-5573;;https://www.clickdisk.com.br/telefone/sao-sebastiao-do-paraiso-mg/casa-michelato | https://www.instagram.com/casamichelato;https://www.google.com/maps/place/Casa+Michelato+-+Materiais+de+Constru%C3%A7%C3%A3o/data=!4m7!3m6!1s0x94b7177c41035025:0x6224c761ad9417ec!8m2!3d-20.9209526!4d-46.9868939!16s%2Fg%2F1tdm9fbq!19sChIJJVADQXwXt5QR7BeUrWHHJGI?authuser=0&hl=pt-BR&g_ep=EgoyMDI2MDkzMC4wIJJjKgBIAVAD&rclk=1;128
Anel 3;São José do Rio Preto/SP;J. Torres Materiais Elétricos e Hidráulicos;(17) 3224-6595;;;https://www.jtorresriopreto.com.br/;https://www.google.com/maps/place/J.+Torres+Materiais+El%C3%A9tricos+e+Hidr%C3%A1ulicos/data=!4m7!3m6!1s0x94bdad2db6d2d6f7:0x42845216ffc24d58!8m2!3d-20.7840723!4d-49.368725!16s%2Fg%2F11bw22cl19!19sChIJ99bSti2tvZQRWE3C_xZShEI?authuser=0&hl=pt-BR&g_ep=EgoyMDI2MDkzMC4wIJJjKgBIAVAD&rclk=1;126
Anel 3;Piracicaba/SP;Torrezan Materiais Eletricos;(19) 3377-6322;(19) 3377-6322;torrezan.vendas@gmail.com;http://www.torrezaneletrica.com.br/ | https://www.instagram.com/torrezaneletrica;https://www.google.com/maps/place/Torrezan+Materiais+Eletricos/data=!4m7!3m6!1s0x94c63103878403a7:0xb22c4a51951b434e!8m2!3d-22.7347675!4d-47.6524281!16s%2Fg%2F1pyqlqdhc!19sChIJpwOEhwMxxpQRTkMblVFKLLI?authuser=0&hl=pt-BR&g_ep=EgoyMDI2MDkzMC4wIJJjKgBIAVAD&rclk=1;125
Anel 3;Limeira/SP;Kgg Distribuidora Bombeirinho;(19) 3449-0700;;;https://www.instagram.com/kggdistribuidora/;https://www.google.com/maps/place/Kgg+Distribuidora+Bombeirinho/data=!4m7!3m6!1s0x3fdff2acde65847:0x8d686ab08f3bb894!8m2!3d-22.5710505!4d-47.3991556!16s%2Fg%2F11b76lbly_!19sChIJR1jmzSr__QMRlLg7j7BqaI0?authuser=0&hl=pt-BR&g_ep=EgoyMDI2MDkzMC4wIJJjKgBIAVAD&rclk=1;123
Anel 3;Pirassununga/SP;Dalmonte Eletrica e Iluminação;;(19) 99990-3027;;;https://www.google.com/maps/place/Dalmonte+Eletrica+e+Ilumina%C3%A7%C3%A3o/data=!4m7!3m6!1s0x94c800b9cf038927:0x7c1e44be32f351a3!8m2!3d-22.0012057!4d-47.4321805!16s%2Fg%2F11b7fy0jr1!19sChIJJ4kDz7kAyJQRo1HzMr5EHnw?authuser=0&hl=pt-BR&g_ep=EgoyMDI2MDkzMC4wIJJjKgBIAVAD&rclk=1;121
Anel 3;Leme/SP;Casa dos Parafusos Lima Eireli | Hitachi;(19) 3571-4347;;;https://www.mercadolivre.com.br/pagina/casadosparafusoslimaoficial | https://www.instagram.com/mercadolivre;https://www.google.com/maps/place/Casa+dos+Parafusos+Lima+Eireli+%7C+Hitachi/data=!4m7!3m6!1s0x94c80bc75fac34b9:0x339403671cd5a782!8m2!3d-22.1756362!4d-47.3962314!16s%2Fg%2F1pv5vh0tp!19sChIJuTSsX8cLyJQRgqfVHGcDlDM?authuser=0&hl=pt-BR&g_ep=EgoyMDI2MDkzMC4wIJJjKgBIAVAD&rclk=1;117
Anel 3;Araras/SP;Cabrifer Comercial de Ferramentas Ltda;(19) 3541-7600;;;;https://www.google.com/maps/place/Cabrifer+Comercial+de+Ferramentas+Ltda/data=!4m7!3m6!1s0x94c877234143cbd9:0x334288c597cd1f5c!8m2!3d-22.3534186!4d-47.3865127!16s%2Fg%2F1vlzcgwn!19sChIJ2ctDQSN3yJQRXB_Nl8WIQjM?authuser=0&hl=pt-BR&g_ep=EgoyMDI2MDkzMC4wIJJjKgBIAVAD&rclk=1;117
Anel 3;Araras/SP;Nalli Engenharia e Materiais Elétricos;(19) 3321-5055;;nalli@nalli.com.br;http://www.nalli.com.br/;https://www.google.com/maps/place/Nalli+Engenharia+e+Materiais+El%C3%A9tricos/data=!4m7!3m6!1s0x94c8773c828a4291:0xcfeec619d308d2cb!8m2!3d-22.351454!4d-47.394086!16s%2Fg%2F11bz0rwnq5!19sChIJkUKKgjx3yJQRy9II0xnG7s8?authuser=0&hl=pt-BR&g_ep=EgoyMDI2MDkzMC4wIJJjKgBIAVAD&rclk=1;116
Anel 3;São José do Rio Preto/SP;Aladdin Lâmpadas;(17) 3231-1130;;;;https://www.google.com/maps/place/Aladdin+L%C3%A2mpadas/data=!4m7!3m6!1s0x94bdad5d0dc6ad37:0x97855594d7e807a5!8m2!3d-20.8123563!4d-49.3843758!16s%2Fg%2F1tj1nmh9!19sChIJN63GDV2tvZQRpQfo15RVhZc?authuser=0&hl=pt-BR&g_ep=EgoyMDI2MDkzMC4wIJJjKgBIAVAD&rclk=1;113
Anel 3;Limeira/SP;Fera Atacado - Limeira;(19) 3720-2200;;;;https://www.google.com/maps/place/Fera+Atacado+-+Limeira/data=!4m7!3m6!1s0x94c8844fd22e73ad:0x4894161fffa658a7!8m2!3d-22.6272357!4d-47.3393705!16s%2Fg%2F11csq23b7r!19sChIJrXMu0k-EyJQRp1im_x8WlEg?authuser=0&hl=pt-BR&g_ep=EgoyMDI2MDkzMC4wIJJjKgBIAVAD&rclk=1;112
Anel 3;Leme/SP;Mazzi Materiais de Construção;(19) 3571-2813;;;https://www.mazzimateriais.com.br/;https://www.google.com/maps/place/Mazzi+Materiais+de+Constru%C3%A7%C3%A3o/data=!4m7!3m6!1s0x94c80b91f3a57a0d:0xd8fffe7bcdab5359!8m2!3d-22.1757125!4d-47.3820152!16s%2Fg%2F11c59_rqy3!19sChIJDXql85ELyJQRWVOrzXv-_9g?authuser=0&hl=pt-BR&g_ep=EgoyMDI2MDkzMC4wIJJjKgBIAVAD&rclk=1;109
Anel 3;Catanduva/SP;Loja e Assistência Técnica Alfa Tek;(17) 3531-1075;;;https://alfatekcatanduva.com.br/;https://www.google.com/maps/place/Loja+e+Assist%C3%AAncia+T%C3%A9cnica+Alfa+Tek/data=!4m7!3m6!1s0x94bc1e42cc1d899f:0xfef517a59a20387!8m2!3d-21.1490594!4d-48.9779355!16s%2Fg%2F1vl5hwvm!19sChIJn4kdzEIevJQRhwOiWXpR7w8?authuser=0&hl=pt-BR&g_ep=EgoyMDI2MDkzMC4wIJJjKgBIAVAD&rclk=1;108
Anel 3;Rio Claro/SP;Potencial Manutenção e Comércio de Equipamentos LTDA.;(19) 3535-7900;;comercial@potencial-rc.com.br;http://www.potencial-rc.com.br/;https://www.google.com/maps/place/Potencial+Manuten%C3%A7%C3%A3o+e+Com%C3%A9rcio+de+Equipamentos+LTDA./data=!4m7!3m6!1s0x94c7db863d08a47f:0x5521374be2a6f146!8m2!3d-22.3696136!4d-47.5594825!16s%2Fg%2F1tdfzv6f!19sChIJf6QIPYbbx5QRRvGm4ks3IVU?authuser=0&hl=pt-BR&g_ep=EgoyMDI2MDkzMC4wIJJjKgBIAVAD&rclk=1;108
Anel 3;Catanduva/SP;Elétrica Brasil - Catanduva;(17) 3522-1125;;;https://www.eletricabrasilcat.com.br/;https://www.google.com/maps/place/El%C3%A9trica+Brasil+-+Catanduva/data=!4m7!3m6!1s0x94bc1f487d3417cb:0xe171685961f4a1ed!8m2!3d-21.1494362!4d-48.9758197!16s%2Fg%2F11tsgwjjyh!19sChIJyxc0fUgfvJQR7aH0YVloceE?authuser=0&hl=pt-BR&g_ep=EgoyMDI2MDkzMC4wIJJjKgBIAVAD&rclk=1;106
Anel 3;São José do Rio Preto/SP;TecSeg Distribuidora;(17) 3222-2865;(17) 3222-2865;contato@tecsegdistribuidora.com.br;http://www.tecsegdistribuidora.com.br/;https://www.google.com/maps/place/TecSeg+Distribuidora/data=!4m7!3m6!1s0x94bdad6fd4ec7a25:0xff573fde7cc7a161!8m2!3d-20.8109358!4d-49.3955517!16s%2Fg%2F11bw46tb96!19sChIJJXrs1G-tvZQRYaHHfN4_V_8?authuser=0&hl=pt-BR&g_ep=EgoyMDI2MDkzMC4wIJJjKgBIAVAD&rclk=1;106
Anel 3;Catanduva/SP;Energisa;0800 701 0326;;;https://www.energisa.com.br/;https://www.google.com/maps/place/Energisa/data=!4m7!3m6!1s0x94bc1ef10b812ad9:0xde33129dc9a78eaf!8m2!3d-21.1279752!4d-48.9872462!16s%2Fg%2F1tqygl_y!19sChIJ2SqBC_EevJQRr46nyZ0SM94?authuser=0&hl=pt-BR&g_ep=EgoyMDI2MDkzMC4wIJJjKgBIAVAD&rclk=1;105
Anel 3;Piracicaba/SP;Elepira Eletricidade;(19) 3412-1000;(19) 99756-5791;vendas@elepira.com.br;http://www.elepira.com.br/ | https://www.instagram.com/elepira_eletricidade;https://www.google.com/maps/place/Elepira+Eletricidade/data=!4m7!3m6!1s0x94c633d947bbcc99:0xc6d0540e8b3f8b6f!8m2!3d-22.6998987!4d-47.6594676!16s%2Fg%2F1vd3wxqf!19sChIJmcy7R9kzxpQRb4s_iw5U0MY?authuser=0&hl=pt-BR&g_ep=EgoyMDI2MDkzMC4wIJJjKgBIAVAD&rclk=1;105
Anel 3;Limeira/SP;Elemetron Materiais Elétricos;(19) 3441-2798;;;http://elemetron.com.br/ | https://www.instagram.com/elemetronoficial;https://www.google.com/maps/place/Elemetron+Materiais+El%C3%A9tricos/data=!4m7!3m6!1s0x94c8800d8c158bef:0x1e712a4272d30b3a!8m2!3d-22.5620962!4d-47.4328092!16s%2Fg%2F11cllpphy2!19sChIJ74sVjA2AyJQROgvTckIqcR4?authuser=0&hl=pt-BR&g_ep=EgoyMDI2MDkzMC4wIJJjKgBIAVAD&rclk=1;103
Anel 3;Piracicaba/SP;Light Energy Solar - Especialista em Gestão Energética e Automação I Piracicaba - SP;;(19) 98873-5696;;https://www.instagram.com/light.energy.solar/#;https://www.google.com/maps/place/Light+Energy+Solar+-+Especialista+em+Gest%C3%A3o+Energ%C3%A9tica+e+Automa%C3%A7%C3%A3o+I+Piracicaba+-+SP/data=!4m7!3m6!1s0x94c631bd3fe653d7:0x78b62edcdf5d4c6f!8m2!3d-22.7284977!4d-47.6404664!16s%2Fg%2F11t2_81q7p!19sChIJ11PmP70xxpQRb0xd39wutng?authuser=0&hl=pt-BR&g_ep=EgoyMDI2MDkzMC4wIJJjKgBIAVAD&rclk=1;103
Anel 3;Barretos/SP;Frajam Materiais Elétricos;(17) 3325-1411;;;;https://www.google.com/maps/place/Frajam+Materiais+El%C3%A9tricos/data=!4m7!3m6!1s0x94bb854ce78ee4b1:0x13c2c522022e4c4e!8m2!3d-20.570052!4d-48.560027!16s%2Fg%2F11ckqtxlk2!19sChIJseSO50yFu5QRTkwuAiLFwhM?authuser=0&hl=pt-BR&g_ep=EgoyMDI2MDkzMC4wIJJjKgBIAVAD&rclk=1;101
Anel 3;São José do Rio Preto/SP;Automatize Seg - Brasil;(17) 4040-4608;(17) 4040-4608;;http://www.automatizeseg.com.br/;https://www.google.com/maps/place/Automatize+Seg+-+Brasil/data=!4m7!3m6!1s0x94bdadc8958cbea7:0x9211c2e1b877045!8m2!3d-20.8130984!4d-49.3771551!16s%2Fg%2F11pzfjm2s6!19sChIJp76MlcitvZQRRXCHGy4cIQk?authuser=0&hl=pt-BR&g_ep=EgoyMDI2MDkzMC4wIJJjKgBIAVAD&rclk=1;101
Anel 3;Piracicaba/SP;Accende Lampadário | Loja de Iluminação;(19) 3422-9120;(19) 98934-7091;accende@accende.com.br;http://www.accende.com.br/ | https://www.instagram.com/accendelampadario;https://www.google.com/maps/place/Accende+Lampad%C3%A1rio+%7C+Loja+de+Ilumina%C3%A7%C3%A3o/data=!4m7!3m6!1s0x1561c0a7713ad4b:0x136e8f600118b3f2!8m2!3d-22.7150239!4d-47.6373861!16s%2Fg%2F11b7hj84lg!19sChIJS60TdwocVgER8rMYAWCPbhM?authuser=0&hl=pt-BR&g_ep=EgoyMDI2MDkzMC4wIJJjKgBIAVAD&rclk=1;101
Anel 3;Piracicaba/SP;Valérios - Materiais Elétricos;(19) 3437-9122;(19) 99226-4948;atendimento@valerios.com.br;http://valerios.com.br/ | https://www.instagram.com/valeriosmateriaiseletricos;https://www.google.com/maps/place/Val%C3%A9rios+-+Materiais+El%C3%A9tricos/data=!4m7!3m6!1s0x94c6311f5ed1c64d:0x916fab581318a45d!8m2!3d-22.739797!4d-47.66566!16s%2Fg%2F1tdm9fmy!19sChIJTcbRXh8xxpQRXaQYE1irb5E?authuser=0&hl=pt-BR&g_ep=EgoyMDI2MDkzMC4wIJJjKgBIAVAD&rclk=1;100
Anel 3;Leme/SP;Auto Elétrica Drobeniche;;(19) 99827-2408;;https://www.instagram.com/drobenicheautoeletrica/;https://www.google.com/maps/place/Auto+El%C3%A9trica+Drobeniche/data=!4m7!3m6!1s0x94c80b8239c167f9:0xc265f6f28b4cc41d!8m2!3d-22.1993101!4d-47.3801219!16s%2Fg%2F11gy3mpc40!19sChIJ-WfBOYILyJQRHcRMi_L2ZcI?authuser=0&hl=pt-BR&g_ep=EgoyMDI2MDkzMC4wIJJjKgBIAVAD&rclk=1;98
Anel 3;Piracicaba/SP;DANF - Elétrica Inteligente e Automação Residencial;;(19) 99905-2117;contato@danf.com.br;http://www.danf.com.br/ | https://www.instagram.com/danfeletricainteligente_;https://www.google.com/maps/place/DANF+-+El%C3%A9trica+Inteligente+e+Automa%C3%A7%C3%A3o+Residencial/data=!4m7!3m6!1s0x94c63044499a1b9b:0xa4e42c055b12da25!8m2!3d-22.7195034!4d-47.6307154!16s%2Fg%2F11c2q5czm2!19sChIJmxuaSUQwxpQRJdoSWwUs5KQ?authuser=0&hl=pt-BR&g_ep=EgoyMDI2MDkzMC4wIJJjKgBIAVAD&rclk=1;98
Anel 3;Leme/SP;Ilumi Industria e Comercio Ltda.;(19) 3572-2299;;;http://www.ilumi.com.br/ | http://instagram.com/ilumibrasil;https://www.google.com/maps/place/Ilumi+Industria+e+Comercio+Ltda./data=!4m7!3m6!1s0x94c80b1a9714cb27:0x5e2476c25b2eef3c!8m2!3d-22.2069068!4d-47.4008905!16s%2Fg%2F11h0z2qj1!19sChIJJ8sUlxoLyJQRPO8uW8J2JF4?authuser=0&hl=pt-BR&g_ep=EgoyMDI2MDkzMC4wIJJjKgBIAVAD&rclk=1;97
Anel 3;Piracicaba/SP;Tite Eletricidade Loja 1;(19) 3422-0210;;;;https://www.google.com/maps/place/Tite+Eletricidade+Loja+1/data=!4m7!3m6!1s0x1561bfb42f15439:0x3927973b5d1cf18a!8m2!3d-22.7256223!4d-47.6469586!16s%2Fg%2F11b7fr806j!19sChIJOVTxQvsbVgERivEcXTuXJzk?authuser=0&hl=pt-BR&g_ep=EgoyMDI2MDkzMC4wIJJjKgBIAVAD&rclk=1;97
Anel 3;Rio Claro/SP;Murilo Automação de Portões;;(19) 98442-9356;;https://muriloautomacaodeportao.com/;https://www.google.com/maps/place/Murilo+Automa%C3%A7%C3%A3o+de+Port%C3%B5es/data=!4m7!3m6!1s0x94c7dbd35d9c1ae7:0xf7a2db5d2b794074!8m2!3d-22.3938973!4d-47.5924781!16s%2Fg%2F11qg00ycgf!19sChIJ5xqcXdPbx5QRdEB5K13bovc?authuser=0&hl=pt-BR&g_ep=EgoyMDI2MDkzMC4wIJJjKgBIAVAD&rclk=1;96
Anel 3;Poços de Caldas/MG;ATOL ELETRÔNICA;(35) 3722-6699;;;;https://www.google.com/maps/place/ATOL+ELETR%C3%94NICA/data=!4m7!3m6!1s0x94c9dce5f6bbc581:0x25c30b311df4d7d5!8m2!3d-21.7862569!4d-46.5628537!16s%2Fg%2F1v9lcx9n!19sChIJgcW79uXcyZQR1df0HTELwyU?authuser=0&hl=pt-BR&g_ep=EgoyMDI2MDkzMC4wIJJjKgBIAVAD&rclk=1;96
Anel 3;São José do Rio Preto/SP;Zemac Distribuidora de Peças Ltda;(17) 3227-5202;;;http://www.zemac.com.br/;https://www.google.com/maps/place/Zemac+Distribuidora+de+Pe%C3%A7as+Ltda/data=!4m7!3m6!1s0x94bdb2cfe6ad5be7:0x9c15674c4ca0fa43!8m2!3d-20.8459735!4d-49.3746514!16s%2Fg%2F1pp2twhj3!19sChIJ51ut5s-yvZQRQ_qgTExnFZw?authuser=0&hl=pt-BR&g_ep=EgoyMDI2MDkzMC4wIJJjKgBIAVAD&rclk=1;95
Anel 3;Rio Claro/SP;ADTEX | ELETRODUTOS CORRUGADOS;(19) 3522-5999;;;http://www.adtex.com.br/;https://www.google.com/maps/place/ADTEX+%7C+ELETRODUTOS+CORRUGADOS/data=!4m7!3m6!1s0x94c7db8ab09c6851:0xe57cc3a250f98cf9!8m2!3d-22.359961!4d-47.547663!16s%2Fg%2F11c0qvvwpr!19sChIJUWicsIrbx5QR-Yz5UKLDfOU?authuser=0&hl=pt-BR&g_ep=EgoyMDI2MDkzMC4wIJJjKgBIAVAD&rclk=1;93
Anel 3;Piracicaba/SP;Eletro Billo;(19) 3433-0812;;;;https://www.google.com/maps/place/Eletro+Billo/data=!4m7!3m6!1s0x94c630f71b2cfce5:0x95625fecd36d760a!8m2!3d-22.7499501!4d-47.6486003!16s%2Fg%2F11bzwnf57l!19sChIJ5fwsG_cwxpQRCnZt0-xfYpU?authuser=0&hl=pt-BR&g_ep=EgoyMDI2MDkzMC4wIJJjKgBIAVAD&rclk=1;93
Anel 3;Limeira/SP;Eletrovel Eletrônica Automotiva & Velocímetros;;;;https://www.instagram.com/eletroveleletronica;https://www.google.com/maps/place/Eletrovel+Eletr%C3%B4nica+Automotiva+%26+Veloc%C3%ADmetros/data=!4m7!3m6!1s0x94c8816b2155d1f3:0x83b8a1912b694ddf!8m2!3d-22.5688091!4d-47.413067!16s%2Fg%2F11r6t3fqzb!19sChIJ89FVIWuByJQR301pK5GhuIM?authuser=0&hl=pt-BR&g_ep=EgoyMDI2MDkzMC4wIJJjKgBIAVAD&rclk=1;91
Anel 3;Rio Claro/SP;Kavika LED;(19) 3522-2410;;;;https://www.google.com/maps/place/Kavika+LED/data=!4m7!3m6!1s0x94c7db2947413e99:0x3cc85bb69b03148f!8m2!3d-22.4130556!4d-47.5703503!16s%2Fg%2F11fl7q34__!19sChIJmT5BRynbx5QRjxQDm7ZbyDw?authuser=0&hl=pt-BR&g_ep=EgoyMDI2MDkzMC4wIJJjKgBIAVAD&rclk=1;90
Anel 3;Limeira/SP;Elétrica São Miguel Ferragens;(19) 3452-4237;;;;https://www.google.com/maps/place/El%C3%A9trica+S%C3%A3o+Miguel+Ferragens/data=!4m7!3m6!1s0x94c88126f7db3b61:0x7a96eaac0fb658f9!8m2!3d-22.5779809!4d-47.3829299!16s%2Fg%2F11b75mdxy4!19sChIJYTvb9yaByJQR-Vi2D6zqlno?authuser=0&hl=pt-BR&g_ep=EgoyMDI2MDkzMC4wIJJjKgBIAVAD&rclk=1;90
Anel 3;Catanduva/SP;LCG Eletro®;;(17) 98221-8707;;https://www.lcgeletro.com.br/ | https://instagram.com/lcg.eletro;https://www.google.com/maps/place/LCG+Eletro%C2%AE/data=!4m7!3m6!1s0x94bc1e6639655ceb:0x4a33ae035c75eb39!8m2!3d-21.1408759!4d-48.9774755!16s%2Fg%2F11cn3vd_d9!19sChIJ61xlOWYevJQROet1XAOuM0o?authuser=0&hl=pt-BR&g_ep=EgoyMDI2MDkzMC4wIJJjKgBIAVAD&rclk=1;89
Anel 3;Catanduva/SP;ENERTELLES Energia Solar - Catanduva;;(17) 99191-6780;contato@enertelles.com.br;https://enertelles.com.br/ | https://www.instagram.com/enertelles_energia_solar;https://www.google.com/maps/place/ENERTELLES+Energia+Solar+-+Catanduva/data=!4m7!3m6!1s0x94bc1f8b9240d247:0xbd99c172bf77cfb2!8m2!3d-21.1201802!4d-48.9662555!16s%2Fg%2F11kp_ytpry!19sChIJR9JAkosfvJQRss93v3LBmb0?authuser=0&hl=pt-BR&g_ep=EgoyMDI2MDkzMC4wIJJjKgBIAVAD&rclk=1;89
Anel 3;Limeira/SP;Eletrônica De Marco;(19) 3451-9087;;;https://www.instagram.com/lojademarco_/;https://www.google.com/maps/place/Eletr%C3%B4nica+De+Marco/data=!4m7!3m6!1s0x3fdff2abe366019:0x36040625f587076d!8m2!3d-22.573463!4d-47.408842!16s%2Fg%2F11b76lp9w5!19sChIJGWA2vir__QMRbQeH9SUGBDY?authuser=0&hl=pt-BR&g_ep=EgoyMDI2MDkzMC4wIJJjKgBIAVAD&rclk=1;89
Anel 3;Limeira/SP;CONECTA - Atacadista de Acessórios para Celulares e afins.;;(19) 99814-8030;;http://www.conectacell.com.br/;https://www.google.com/maps/place/CONECTA+-+Atacadista+de+Acess%C3%B3rios+para+Celulares+e+afins./data=!4m7!3m6!1s0x94c880f6f6e940fd:0x94c8640c6bb08d68!8m2!3d-22.5547275!4d-47.4251775!16s%2Fg%2F11f33_hg83!19sChIJ_UDp9vaAyJQRaI2wawxkyJQ?authuser=0&hl=pt-BR&g_ep=EgoyMDI2MDkzMC4wIJJjKgBIAVAD&rclk=1;89
Anel 3;Leme/SP;Comercial Barbosa;(19) 3571-4460;;;https://comercialbarbosaleme.com.br/;https://www.google.com/maps/place/Comercial+Barbosa/data=!4m7!3m6!1s0x94c80bbca15c4fa3:0xc8431700c3b1af3e!8m2!3d-22.1841636!4d-47.394963!16s%2Fg%2F11js_2878w!19sChIJo09cobwLyJQRPq-xwwAXQ8g?authuser=0&hl=pt-BR&g_ep=EgoyMDI2MDkzMC4wIJJjKgBIAVAD&rclk=1;88
Anel 3;Piracicaba/SP;Nova GS Autopeças Eletricas;(19) 3402-2622;(19) 99156-0860;;https://novags.com.br/;https://www.google.com/maps/place/Nova+GS+Autope%C3%A7as+Eletricas/data=!4m7!3m6!1s0x94c630ff0c9f916f:0x771c2098fc334346!8m2!3d-22.7485771!4d-47.6478811!16s%2Fg%2F1tcwxv2n!19sChIJb5GfDP8wxpQRRkMz_JggHHc?authuser=0&hl=pt-BR&g_ep=EgoyMDI2MDkzMC4wIJJjKgBIAVAD&rclk=1;88
Anel 3;Catanduva/SP;Beto Baterias Distribuidora e Loja de Baterias | Carro | Moto | Trator | Caminhão | Socorro 24 horas;(17) 3523-1634;(17) 99771-6679;;https://api.whatsapp.com/send?phone=5517997716679&text=%20Ol%C3%A1%20vi%20sua%20empresa%20pelo%20Google%20e%20gostaria%20de%20mais%20informa%C3%A7%C3%B5es. | https://www.instagram.com/whatsapp;https://www.google.com/maps/place/Beto+Baterias+Distribuidora+e+Loja+de+Baterias+%7C+Carro+%7C+Moto+%7C+Trator+%7C+Caminh%C3%A3o+%7C+Socorro+24+horas/data=!4m7!3m6!1s0x94bc1fccebc5dcf9:0x33c25d47ccac440c!8m2!3d-21.1379569!4d-48.9897885!16s%2Fg%2F11s1pwfryk!19sChIJ-dzF68wfvJQRDESszEddwjM?authuser=0&hl=pt-BR&g_ep=EgoyMDI2MDkzMC4wIJJjKgBIAVAD&rclk=1;87
Anel 3;Porto Ferreira/SP;Agroportal - Tintas e Ferragens;(19) 3589-4120;;;http://agroportalloja.com.br/;https://www.google.com/maps/place/Agroportal+-+Tintas+e+Ferragens/data=!4m7!3m6!1s0x94b80237b345b3a3:0xc330abd410bf682!8m2!3d-21.8585635!4d-47.4811017!16s%2Fg%2F1ptv_v5x9!19sChIJo7NFszcCuJQRgvYLQb0KMww?authuser=0&hl=pt-BR&g_ep=EgoyMDI2MDkzMC4wIJJjKgBIAVAD&rclk=1;85
Anel 3;Limeira/SP;Apolo Distribuidora de Auto Peças;(19) 3442-8029;(19) 3442-8029;apolovendas@hotmail.com;https://www.apoloautopecas.com.br/ | https://www.instagram.com/apoloauto;https://www.google.com/maps/place/Apolo+Distribuidora+de+Auto+Pe%C3%A7as/data=!4m7!3m6!1s0x94c880c13d67ab43:0x8b579f3a11b8edcd!8m2!3d-22.5604155!4d-47.3867563!16s%2Fg%2F1twy_npg!19sChIJQ6tnPcGAyJQRze24ETqfV4s?authuser=0&hl=pt-BR&g_ep=EgoyMDI2MDkzMC4wIJJjKgBIAVAD&rclk=1;85
Anel 3;Araras/SP;REAGE Materiais Elétricos;(19) 3551-0133;(19) 3551-0133;;https://wa.me/551935510133 | https://www.instagram.com/whatsapp;https://www.google.com/maps/place/REAGE+Materiais+El%C3%A9tricos/data=!4m7!3m6!1s0x94c871e8444c1ee3:0x9a0f59841bf00b29!8m2!3d-22.3601886!4d-47.3605035!16s%2Fg%2F11n06slj29!19sChIJ4x5MROhxyJQRKQvwG4RZD5o?authuser=0&hl=pt-BR&g_ep=EgoyMDI2MDkzMC4wIJJjKgBIAVAD&rclk=1;83
Anel 3;Catanduva/SP;Construbem Material para Construção l;(17) 3525-0050;;;;https://www.google.com/maps/place/Construbem+Material+para+Constru%C3%A7%C3%A3o+l/data=!4m7!3m6!1s0x94bc1de5b4c0c8e7:0x555cf237fd54cd1a!8m2!3d-21.144643!4d-48.9454175!16s%2Fg%2F11g_0g_n8!19sChIJ58jAtOUdvJQRGs1U_TfyXFU?authuser=0&hl=pt-BR&g_ep=EgoyMDI2MDkzMC4wIJJjKgBIAVAD&rclk=1;82
Anel 3;Barretos/SP;Casa 3 Irmãos do Bom Jesus - Reparos de torneiras - registros e válvula hidra;;(17) 99152-8802;;https://wa.me/5517991528802 | https://www.instagram.com/whatsapp;https://www.google.com/maps/place/Casa+3+Irm%C3%A3os+do+Bom+Jesus+-+Reparos+de+torneiras+-+registros+e+v%C3%A1lvula+hidra/data=!4m7!3m6!1s0x94bb84d68a1422bd:0x7d70602d884b27d5!8m2!3d-20.5360218!4d-48.5636826!16s%2Fg%2F1ptymxyjb!19sChIJvSIUitaEu5QR1SdLiC1gcH0?authuser=0&hl=pt-BR&g_ep=EgoyMDI2MDkzMC4wIJJjKgBIAVAD&rclk=1;78
Anel 3;Limeira/SP;ELÉTRICA DARCY COMÉRCIO DE MATERIAIS ELÉTRICOS LTDA;(19) 3451-0010;;;https://www.facebook.com/eletricadarcy;https://www.google.com/maps/place/EL%C3%89TRICA+DARCY+COM%C3%89RCIO+DE+MATERIAIS+EL%C3%89TRICOS+LTDA/data=!4m7!3m6!1s0x94c880f28496c2db:0xb510ebd478401dcc!8m2!3d-22.5634563!4d-47.4002079!16s%2Fg%2F1tq8knhc!19sChIJ28KWhPKAyJQRzB1AeNTrELU?authuser=0&hl=pt-BR&g_ep=EgoyMDI2MDkzMC4wIJJjKgBIAVAD&rclk=1;78
Anel 3;Poços de Caldas/MG;Casa das Lãs de Poços;;(35) 98871-3590;casadaslas@casadaslas.com.br;http://www.casadaslas.com.br/;https://www.google.com/maps/place/Casa+das+L%C3%A3s+de+Po%C3%A7os/data=!4m7!3m6!1s0x94c9dce5d4af113f:0x2ab0f8382dcc15d2!8m2!3d-21.7859095!4d-46.5622278!16s%2Fg%2F1tyyy6y9!19sChIJPxGv1OXcyZQR0hXMLTj4sCo?authuser=0&hl=pt-BR&g_ep=EgoyMDI2MDkzMC4wIJJjKgBIAVAD&rclk=1;76
Anel 3;Piracicaba/SP;Loja Eletroluz;(19) 3434-1216;;;;https://www.google.com/maps/place/Loja+Eletroluz/data=!4m7!3m6!1s0x94c631a50703e8cd:0xdd7c6a8c679d4f59!8m2!3d-22.7238031!4d-47.6383471!16s%2Fg%2F11ddzdbml9!19sChIJzegDB6UxxpQRWU-dZ4xqfN0?authuser=0&hl=pt-BR&g_ep=EgoyMDI2MDkzMC4wIJJjKgBIAVAD&rclk=1;74
Anel 3;Leme/SP;Comercial Ferrara Leme;(19) 3571-7000;(19) 3541-1174;atendimento@comercialferrara.com.br;https://comercialferrara.com.br/ | https://www.instagram.com/comercialferrara;https://www.google.com/maps/place/Comercial+Ferrara+Leme/data=!4m7!3m6!1s0x94c80b9bb04f2399:0x49d41c758fec1244!8m2!3d-22.184072!4d-47.376523!16s%2Fg%2F11bxfjhfb3!19sChIJmSNPsJsLyJQRRBLsj3Uc1Ek?authuser=0&hl=pt-BR&g_ep=EgoyMDI2MDkzMC4wIJJjKgBIAVAD&rclk=1;73
Anel 3;São José do Rio Preto/SP;HIDRAULICA DISTRIBUIDORA;(17) 3121-8001;;;http://www.ahidraulica.com.br/ | https://www.instagram.com/ahidraulicadistribuidora;https://www.google.com/maps/place/HIDRAULICA+DISTRIBUIDORA/data=!4m7!3m6!1s0x94bdad9e2c6970cf:0x49a2e4f05723cf41!8m2!3d-20.8265406!4d-49.422179!16s%2Fg%2F1tlkdgk3!19sChIJz3BpLJ6tvZQRQc8jV_Dkokk?authuser=0&hl=pt-BR&g_ep=EgoyMDI2MDkzMC4wIJJjKgBIAVAD&rclk=1;72
Anel 3;Passos/MG;Líder Materiais Elétricos;(35) 3521-1847;(35) 99133-1095;;https://www.clickdisk.com.br/telefone/passos-mg/lider-materiais-eletricos | https://www.instagram.com/lidermateriaiseletricos;https://www.google.com/maps/place/L%C3%ADder+Materiais+El%C3%A9tricos/data=!4m7!3m6!1s0x94b6c2339f193f77:0xe9b4879aa35abd56!8m2!3d-20.7253953!4d-46.6071483!16s%2Fg%2F1tmy64b7!19sChIJdz8ZnzPCtpQRVr1ao5qHtOk?authuser=0&hl=pt-BR&g_ep=EgoyMDI2MDkzMC4wIJJjKgBIAVAD&rclk=1;72
Anel 3;Pirassununga/SP;Eletro Pion - Materiais Elétricos;(19) 3561-5700;;;https://eletropion.com.br/;https://www.google.com/maps/place/Eletro+Pion+-+Materiais+El%C3%A9tricos/data=!4m7!3m6!1s0x94c800eaff36c813:0xac0988fe23000971!8m2!3d-21.991516!4d-47.4269579!16s%2Fg%2F11gdrvvn3w!19sChIJE8g2_-oAyJQRcQkAI_6ICaw?authuser=0&hl=pt-BR&g_ep=EgoyMDI2MDkzMC4wIJJjKgBIAVAD&rclk=1;71
Anel 3;Catanduva/SP;Lubmix Comercio e Importacao de Equipamentos;(17) 3525-5110;(17) 99632-1888;;https://www.lubmix.com.br/?utm_source=GMB&utm_medium=button&utm_campaign=Google+My+Business | https://www.instagram.com/lubmix_oficial;https://www.google.com/maps/place/Lubmix+Comercio+e+Importacao+de+Equipamentos/data=!4m7!3m6!1s0x94bc1f0b4a462ddf:0x82a58bd0d5b78e1c!8m2!3d-21.1510636!4d-48.98372!16s%2Fg%2F11rzbd_7y9!19sChIJ3y1GSgsfvJQRHI631dCLpYI?authuser=0&hl=pt-BR&g_ep=EgoyMDI2MDkzMC4wIJJjKgBIAVAD&rclk=1;70
Anel 3;São José do Rio Preto/SP;Fortaleza Materias para Construção;;(17) 98110-4039;;https://www.instagram.com/fortalezamatconstrucao/;https://www.google.com/maps/place/Fortaleza+Materias+para+Constru%C3%A7%C3%A3o/data=!4m7!3m6!1s0x94bc530ffa3ea569:0x3592d73b7c9e091!8m2!3d-20.8021784!4d-49.3455807!16s%2Fg%2F11g0n691df!19sChIJaaU--g9TvJQRkeDJt3MtWQM?authuser=0&hl=pt-BR&g_ep=EgoyMDI2MDkzMC4wIJJjKgBIAVAD&rclk=1;70
Anel 3;Catanduva/SP;Eletro J.Veitas;(17) 3525-2223;(17) 99143-2133;;https://wa.me/5517991432133 | https://www.instagram.com/whatsapp;https://www.google.com/maps/place/Eletro+J.Veitas/data=!4m7!3m6!1s0x94bc1e874390bbaf:0x3b9f1139f70955f3!8m2!3d-21.1277467!4d-48.9682324!16s%2Fg%2F1t_khmym!19sChIJr7uQQ4cevJQR81UJ9zkRnzs?authuser=0&hl=pt-BR&g_ep=EgoyMDI2MDkzMC4wIJJjKgBIAVAD&rclk=1;68
Anel 3;São José do Rio Preto/SP;Selime Materiais Elétricos (Schneider, Margirius, Tramontina, Lampadas, Luminarias e Ferramentas);(17) 3304-8400;;;;https://www.google.com/maps/place/Selime+Materiais+El%C3%A9tricos+%28Schneider,+Margirius,+Tramontina,+Lampadas,+Luminarias+e+Ferramentas%29/data=!4m7!3m6!1s0x94bdad9e368074ef:0xe9f5c74839b92ee5!8m2!3d-20.8095334!4d-49.4084807!16s%2Fg%2F1w8wc3rr!19sChIJ73SANp6tvZQR5S65OUjH9ek?authuser=0&hl=pt-BR&g_ep=EgoyMDI2MDkzMC4wIJJjKgBIAVAD&rclk=1;68
Anel 3;São José do Rio Preto/SP;MaxxcoN Materiais Elétricos;(17) 3200-0800;;;;https://www.google.com/maps/place/MaxxcoN+Materiais+El%C3%A9tricos/data=!4m7!3m6!1s0x94bdadf9447e0699:0x7fe53f2dac064b42!8m2!3d-20.7880744!4d-49.4210954!16s%2Fg%2F11rsd0_qbx!19sChIJmQZ-RPmtvZQRQksGrC0_5X8?authuser=0&hl=pt-BR&g_ep=EgoyMDI2MDkzMC4wIJJjKgBIAVAD&rclk=1;68
Anel 3;Piracicaba/SP;Múltipla Elétrica e Iluminação;(19) 3927-4410;;;http://www.multiplaeletrica.com.br/;https://www.google.com/maps/place/M%C3%BAltipla+El%C3%A9trica+e+Ilumina%C3%A7%C3%A3o/data=!4m7!3m6!1s0x94c631084b729e85:0x568d711b8ca69c0b!8m2!3d-22.7339294!4d-47.6583281!16s%2Fg%2F11c6plxg_q!19sChIJhZ5ySwgxxpQRC5ymjBtxjVY?authuser=0&hl=pt-BR&g_ep=EgoyMDI2MDkzMC4wIJJjKgBIAVAD&rclk=1;68
Anel 3;Poços de Caldas/MG;Modesto Distribuidora - Poços de Caldas;(35) 3729-0600;(35) 3068-4000;;https://modestodistribuidora.com.br/#/home | https://www.instagram.com/modestodistribuidora;https://www.google.com/maps/place/Modesto+Distribuidora+-+Po%C3%A7os+de+Caldas/data=!4m7!3m6!1s0x94c9dd3333d60fff:0xaadc36a9f67b5b14!8m2!3d-21.8078689!4d-46.5457878!16s%2Fg%2F11dz23gvmn!19sChIJ_w_WMzPdyZQRFFt79qk23Ko?authuser=0&hl=pt-BR&g_ep=EgoyMDI2MDkzMC4wIJJjKgBIAVAD&rclk=1;68
Anel 3;Catanduva/SP;Chico Peças Automotivas;(17) 3522-2014;;;;https://www.google.com/maps/place/Chico+Pe%C3%A7as+Automotivas/data=!4m7!3m6!1s0x94bc1e7496b1895b:0x40e74d9f71e35a9!8m2!3d-21.1330145!4d-48.9593481!16s%2Fg%2F11f2w5t4bc!19sChIJW4mxlnQevJQRqTUe99l0DgQ?authuser=0&hl=pt-BR&g_ep=EgoyMDI2MDkzMC4wIJJjKgBIAVAD&rclk=1;67
Anel 3;Limeira/SP;Elétrica Bolt;;(19) 98117-5834;;http://eletricabolt.com.br/ | https://www.instagram.com/eletricabolt;https://www.google.com/maps/place/El%C3%A9trica+Bolt/data=!4m7!3m6!1s0x94c881102109f7d5:0xa02316d1e6c0f085!8m2!3d-22.5960969!4d-47.4214077!16s%2Fg%2F11fhznt7k4!19sChIJ1fcJIRCByJQRhfDA5tEWI6A?authuser=0&hl=pt-BR&g_ep=EgoyMDI2MDkzMC4wIJJjKgBIAVAD&rclk=1;67
Anel 3;Leme/SP;Auto Elétrica Seneda e Marcelo Som;(19) 3571-1209;(19) 99730-7565;;https://wa.me/5519997307565 | https://www.instagram.com/whatsapp;https://www.google.com/maps/place/Auto+El%C3%A9trica+Seneda+e+Marcelo+Som/data=!4m7!3m6!1s0x94c80b91bcdcdf51:0x644426564dec5cf!8m2!3d-22.1775532!4d-47.3822884!16s%2Fg%2F11d_z7vy4j!19sChIJUd_cvJELyJQRz8XeZGVCRAY?authuser=0&hl=pt-BR&g_ep=EgoyMDI2MDkzMC4wIJJjKgBIAVAD&rclk=1;66
Anel 3;Limeira/SP;Buda Auto Elétrica;(19) 3452-9291;;;;https://www.google.com/maps/place/Buda+Auto+El%C3%A9trica/data=!4m7!3m6!1s0x94c88061c7dd69b5:0x451a44c1e553e3a7!8m2!3d-22.561773!4d-47.4109581!16s%2Fg%2F11b7288qfv!19sChIJtWndx2GAyJQRp-NT5cFEGkU?authuser=0&hl=pt-BR&g_ep=EgoyMDI2MDkzMC4wIJJjKgBIAVAD&rclk=1;65
Anel 3;São Sebastião do Paraíso/MG;ELETROLU MATERIAIS ELÉTRICOS ( Comercial eletro Luciana);(35) 3531-3644;(35) 98444-6264;;https://www.clickdisk.com.br/telefone/sao-sebastiao-do-paraiso-mg/eletrolu-materiais-eletricos | https://www.instagram.com/eletrolu_materiaiseletricos;https://www.google.com/maps/place/ELETROLU+MATERIAIS+EL%C3%89TRICOS+%28+Comercial+eletro+Luciana%29/data=!4m7!3m6!1s0x94b7177d4e5f8e13:0xb473bce299dd2f67!8m2!3d-20.9073908!4d-46.9805208!16s%2Fg%2F1pty9qczx!19sChIJE45fTn0Xt5QRZy_dmeK8c7Q?authuser=0&hl=pt-BR&g_ep=EgoyMDI2MDkzMC4wIJJjKgBIAVAD&rclk=1;65
Anel 3;São José do Rio Preto/SP;Contattos Materiais Elétricos;(17) 3215-7198;;;https://www.instagram.com/contattosmateriaiseletricosrp/;https://www.google.com/maps/place/Contattos+Materiais+El%C3%A9tricos/data=!4m7!3m6!1s0x94bc52af6732d247:0x570c12a130edfe2a!8m2!3d-20.8063949!4d-49.3555434!16s%2Fg%2F11ddxrj2wm!19sChIJR9IyZ69SvJQRKv7tMKESDFc?authuser=0&hl=pt-BR&g_ep=EgoyMDI2MDkzMC4wIJJjKgBIAVAD&rclk=1;64
Anel 3;Pirassununga/SP;Eletrotudo - Peratelli & da Roz;(19) 3565-9100;;;;https://www.google.com/maps/place/Eletrotudo+-+Peratelli+%26+da+Roz/data=!4m7!3m6!1s0x94c80732bf9f3e1d:0xb4592d47c209e217!8m2!3d-22.0120289!4d-47.4209411!16s%2Fg%2F1tfb7n_0!19sChIJHT6fvzIHyJQRF-IJwkctWbQ?authuser=0&hl=pt-BR&g_ep=EgoyMDI2MDkzMC4wIJJjKgBIAVAD&rclk=1;64
Anel 3;Limeira/SP;Zalon;(19) 3702-1314;(19) 3702-1314;contato@zaloninfo.com;https://www.zaloninfo.com.br/ | https://www.instagram.com/zaloninfo;https://www.google.com/maps/place/Zalon/data=!4m7!3m6!1s0x94c8808c58e2602f:0xa31faca65b6436f5!8m2!3d-22.5648697!4d-47.4038177!16s%2Fg%2F11b6gf0vgp!19sChIJL2DiWIyAyJQR9TZkW6asH6M?authuser=0&hl=pt-BR&g_ep=EgoyMDI2MDkzMC4wIJJjKgBIAVAD&rclk=1;64
Anel 3;Catanduva/SP;Venta Brasil Ventilação e Iluminação;(17) 3523-1699;(17) 99701-3277;;http://www.ventabrasil.com.br/ | http://instagram.com/ventabrasil_catanduva;https://www.google.com/maps/place/Venta+Brasil+Ventila%C3%A7%C3%A3o+e+Ilumina%C3%A7%C3%A3o/data=!4m7!3m6!1s0x94bc1e6ba1ae8add:0x9703bec129709c09!8m2!3d-21.1439307!4d-48.9719788!16s%2Fg%2F1q5gkmk_6!19sChIJ3YquoWsevJQRCZxwKcG-A5c?authuser=0&hl=pt-BR&g_ep=EgoyMDI2MDkzMC4wIJJjKgBIAVAD&rclk=1;63
Anel 3;Araras/SP;FCL Comércio de Materiais Elétricos;(19) 3541-2748;;;http://instagram.com/fclararas;https://www.google.com/maps/place/FCL+Com%C3%A9rcio+de+Materiais+El%C3%A9tricos/data=!4m7!3m6!1s0x94c8771c7acad8d7:0x8c9bcbb3885221f8!8m2!3d-22.352863!4d-47.397768!16s%2Fg%2F1trvmjz1!19sChIJ19jKehx3yJQR-CFSiLPLm4w?authuser=0&hl=pt-BR&g_ep=EgoyMDI2MDkzMC4wIJJjKgBIAVAD&rclk=1;63
Anel 3;Piracicaba/SP;Condelux Comércio Materiais Elétricos;(19) 3434-3276;(19) 98122-3400;condelux@condelux.com.br;http://www.condelux.com.br/ | https://www.instagram.com/condeluxmateletricos;https://www.google.com/maps/place/Condelux+Com%C3%A9rcio+Materiais+El%C3%A9tricos/data=!4m7!3m6!1s0x94c63105421071df:0x61b448ac0bcb42f4!8m2!3d-22.7312629!4d-47.6542177!16s%2Fg%2F1vlzcgv1!19sChIJ33EQQgUxxpQR9ELLC6xItGE?authuser=0&hl=pt-BR&g_ep=EgoyMDI2MDkzMC4wIJJjKgBIAVAD&rclk=1;63
Anel 3;Passos/MG;Central Materiais Elétricos | Cabos e Fios | Automação | Disjuntores | Tomadas e Interruptores | Projetos Elétricos;(35) 4103-0915;(35) 4103-0915;;https://www.clickdisk.com.br/telefone/passos-mg/du-monteiro-materiais-eletricos2;https://www.google.com/maps/place/Central+Materiais+El%C3%A9tricos+%7C+Cabos+e+Fios+%7C+Automa%C3%A7%C3%A3o+%7C+Disjuntores+%7C+Tomadas+e+Interruptores+%7C+Projetos+El%C3%A9tricos/data=!4m7!3m6!1s0x94b6c3392ff36379:0x7b5185f6c5f234f5!8m2!3d-20.7276773!4d-46.6014515!16s%2Fg%2F11rk8f6_g7!19sChIJeWPzLznDtpQR9TTyxfaFUXs?authuser=0&hl=pt-BR&g_ep=EgoyMDI2MDkzMC4wIJJjKgBIAVAD&rclk=1;63
Anel 3;Porto Ferreira/SP;Eletromais Brasil LTDA;(19) 3581-5240;;;https://www.eletromaissolar.com.br/;https://www.google.com/maps/place/Eletromais+Brasil+LTDA/data=!4m7!3m6!1s0x94b8034d227631c9:0xc3088e88b65bf7db!8m2!3d-21.859817!4d-47.485114!16s%2Fg%2F11y6czlf41!19sChIJyTF2Ik0DuJQR2_dbtoiOCMM?authuser=0&hl=pt-BR&g_ep=EgoyMDI2MDkzMC4wIJJjKgBIAVAD&rclk=1;62
Anel 3;Leme/SP;J.C.G Elétrica e Refrigeração;;;;https://www.facebook.com/profile.php?id=100047960957543;https://www.google.com/maps/place/J.C.G+El%C3%A9trica+e+Refrigera%C3%A7%C3%A3o/data=!4m7!3m6!1s0x94c80bc9d62037b3:0xcb01785e2bc13567!8m2!3d-22.1618827!4d-47.3816771!16s%2Fg%2F11rbf0snt0!19sChIJszcg1skLyJQRZzXBK154Acs?authuser=0&hl=pt-BR&g_ep=EgoyMDI2MDkzMC4wIJJjKgBIAVAD&rclk=1;61
Anel 3;Araras/SP;PPA ARARAS - Distribuidor Autorizado;;(19) 99742-9672;;;https://www.google.com/maps/place/PPA+ARARAS+-+Distribuidor+Autorizado/data=!4m7!3m6!1s0x94c8773e440c5f55:0x816eee954a115a38!8m2!3d-22.3626851!4d-47.3786492!16s%2Fg%2F11sk1hvpv3!19sChIJVV8MRD53yJQROFoRSpXuboE?authuser=0&hl=pt-BR&g_ep=EgoyMDI2MDkzMC4wIJJjKgBIAVAD&rclk=1;61
Anel 3;Piracicaba/SP;Diprotec | Piracicaba;(19) 3434-3424;;;http://www.casadagua.com/;https://www.google.com/maps/place/Diprotec+%7C+Piracicaba/data=!4m7!3m6!1s0x94c6302367e02e5b:0x4fdd0ac18dd8d686!8m2!3d-22.742592!4d-47.615011!16s%2Fg%2F1ptvwf60k!19sChIJWy7gZyMwxpQRhtbYjcEK3U8?authuser=0&hl=pt-BR&g_ep=EgoyMDI2MDkzMC4wIJJjKgBIAVAD&rclk=1;61
Anel 3;Piracicaba/SP;Ingá Materiais Elétricos e Hidráulicos;(19) 3433-9723;;;;https://www.google.com/maps/place/Ing%C3%A1+Materiais+El%C3%A9tricos+e+Hidr%C3%A1ulicos/data=!4m7!3m6!1s0x94c630f05fb17865:0x7797c7b64f23b8fc!8m2!3d-22.750726!4d-47.653059!16s%2Fg%2F11k52bj31n!19sChIJZXixX_AwxpQR_LgjT7bHl3c?authuser=0&hl=pt-BR&g_ep=EgoyMDI2MDkzMC4wIJJjKgBIAVAD&rclk=1;60
Anel 3;Poços de Caldas/MG;EMSEL ENERGIA;;(35) 99252-0666;atendimento@emselenergia.com;http://www.emselenergia.com/ | https://www.instagram.com/p/DQt0XogCHQo;https://www.google.com/maps/place/EMSEL+ENERGIA/data=!4m7!3m6!1s0x94c9dda3161bbefd:0xc0f24e3f00cba38a!8m2!3d-21.8086728!4d-46.567705!16s%2Fg%2F11gxmtr6w7!19sChIJ_b4bFqPdyZQRiqPLAD9O8sA?authuser=0&hl=pt-BR&g_ep=EgoyMDI2MDkzMC4wIJJjKgBIAVAD&rclk=1;60
Anel 3;São José do Rio Preto/SP;Projeto Led Iluminação;;55017992121911;projetoled@studioprojetoled.com.br;http://studioprojetoled.com.br/ | http://instagram.com/studioprojetoled;https://www.google.com/maps/place/Projeto+Led+Ilumina%C3%A7%C3%A3o/data=!4m7!3m6!1s0x94bc529f437f2187:0x65fabdf6d94c19cc!8m2!3d-20.8632402!4d-49.413859!16s%2Fg%2F11c70jcpwv!19sChIJhyF_Q59SvJQRzBlM2fa9-mU?authuser=0&hl=pt-BR&g_ep=EgoyMDI2MDkzMC4wIJJjKgBIAVAD&rclk=1;59
Anel 3;Porto Ferreira/SP;MarGirius;(19) 3589-5000;;;http://www.margirius.com.br/;https://www.google.com/maps/place/MarGirius/data=!4m7!3m6!1s0x94b80233b5f17c6d:0x26d041c957bcc3f7!8m2!3d-21.8676499!4d-47.4865178!16s%2Fg%2F1vd7700g!19sChIJbXzxtTMCuJQR98O8V8lB0CY?authuser=0&hl=pt-BR&g_ep=EgoyMDI2MDkzMC4wIJJjKgBIAVAD&rclk=1;59
Anel 3;Barretos/SP;Eletro Firme;;(17) 99613-6005;;https://eletrofirmeeletrica.com.br/;https://www.google.com/maps/place/Eletro+Firme/data=!4m7!3m6!1s0x94bb859e7f1a5a3f:0xeab88fa04b4dc373!8m2!3d-20.5521528!4d-48.5772097!16s%2Fg%2F11ygrflnzf!19sChIJP1oaf56Fu5QRc8NNS6CPuOo?authuser=0&hl=pt-BR&g_ep=EgoyMDI2MDkzMC4wIJJjKgBIAVAD&rclk=1;58
Anel 3;São José do Rio Preto/SP;Cimencal;(17) 3235-4922;;;;https://www.google.com/maps/place/Cimencal/data=!4m7!3m6!1s0x94bdad6284725c6f:0xe9ccf74d24e65638!8m2!3d-20.8089645!4d-49.4168184!16s%2Fg%2F1td7jvk9!19sChIJb1xyhGKtvZQROFbmJE33zOk?authuser=0&hl=pt-BR&g_ep=EgoyMDI2MDkzMC4wIJJjKgBIAVAD&rclk=1;58
Anel 3;Piracicaba/SP;Supercomercial Aliberti Materiais Construções;(19) 3421-6728;;;https://comercialaliberti.com.br/materiais-de-construcao-em-piracicaba/;https://www.google.com/maps/place/Supercomercial+Aliberti+Materiais+Constru%C3%A7%C3%B5es/data=!4m7!3m6!1s0x94c633df282081af:0x10e9315fd348b791!8m2!3d-22.7009224!4d-47.6606092!16s%2Fg%2F1tf371lh!19sChIJr4EgKN8zxpQRkbdI018x6RA?authuser=0&hl=pt-BR&g_ep=EgoyMDI2MDkzMC4wIJJjKgBIAVAD&rclk=1;58
Anel 3;Limeira/SP;UTD Neoenergia Elektro - Limeira;(19) 3451-3259;;;https://www.neoenergiaelektro.com.br/;https://www.google.com/maps/place/UTD+Neoenergia+Elektro+-+Limeira/data=!4m7!3m6!1s0x94c88747eb448931:0x6be2e63a457dcdd1!8m2!3d-22.5430456!4d-47.3690628!16s%2Fg%2F11b6hsmq3j!19sChIJMYlE60eHyJQR0c19RTrm4ms?authuser=0&hl=pt-BR&g_ep=EgoyMDI2MDkzMC4wIJJjKgBIAVAD&rclk=1;57
Anel 3;Piracicaba/SP;ELETROPIRA Engenharia e Serviços - Piracicaba;;(19) 99520-3341;comercial@eletropiraengenharia.com.br;https://www.eletropiraengenharia.com.br/ | https://www.instagram.com/eletropiraengenharia;https://www.google.com/maps/place/ELETROPIRA+Engenharia+e+Servi%C3%A7os+-+Piracicaba/data=!4m7!3m6!1s0x94c633c02f34ef67:0xc108bd80f454a6e4!8m2!3d-22.6812227!4d-47.6809724!16s%2Fg%2F11vyq8z3wb!19sChIJZ-80L8AzxpQR5KZU9IC9CME?authuser=0&hl=pt-BR&g_ep=EgoyMDI2MDkzMC4wIJJjKgBIAVAD&rclk=1;57
Anel 3;São Sebastião do Paraíso/MG;Santeiro Materiais de Construção;(35) 3531-2199;(35) 98802-3663;;https://www.clickdisk.com.br/telefone/sao-sebastiao-do-paraiso/.santeiro-materiais-de-construcao;https://www.google.com/maps/place/Santeiro+Materiais+de+Constru%C3%A7%C3%A3o/data=!4m7!3m6!1s0x94b71782d0433e93:0xedee94e0d79794ef!8m2!3d-20.9132128!4d-46.9966267!16s%2Fg%2F1tdg8xc5!19sChIJkz5D0IIXt5QR75SX1-CU7u0?authuser=0&hl=pt-BR&g_ep=EgoyMDI2MDkzMC4wIJJjKgBIAVAD&rclk=1;57
Anel 3;Limeira/SP;EletroTide | Materiais elétricos;;(19) 98818-8620;;http://eletrotide.com.br/ | https://www.instagram.com/eletrotide;https://www.google.com/maps/place/EletroTide+%7C+Materiais+el%C3%A9tricos/data=!4m7!3m6!1s0x94c880e401192eab:0x62b5aef59591a8d1!8m2!3d-22.5739577!4d-47.3953566!16s%2Fg%2F11byl467n2!19sChIJqy4ZAeSAyJQR0aiRlfWutWI?authuser=0&hl=pt-BR&g_ep=EgoyMDI2MDkzMC4wIJJjKgBIAVAD&rclk=1;56
Anel 3;Limeira/SP;RED Instalações - Automação Residencial | Aquecimento Solar para banho e piscina | Home Cinema | Eletricista;;(19) 98156-1112;;http://www.redinstalacoes.com.br/;https://www.google.com/maps/place/RED+Instala%C3%A7%C3%B5es+-+Automa%C3%A7%C3%A3o+Residencial+%7C+Aquecimento+Solar+para+banho+e+piscina+%7C+Home+Cinema+%7C+Eletricista/data=!4m7!3m6!1s0x94c880e41dd1aeed:0xaf7aabdd8aab8735!8m2!3d-22.4971155!4d-47.5590939!16s%2Fg%2F11g_jbd_7!19sChIJ7a7RHeSAyJQRNYerit2req8?authuser=0&hl=pt-BR&g_ep=EgoyMDI2MDkzMC4wIJJjKgBIAVAD&rclk=1;56
Anel 3;Rio Claro/SP;Eletrolima;(19) 3534-8577;;;http://www.eletrolimarc.com.br/;https://www.google.com/maps/place/Eletrolima/data=!4m7!3m6!1s0x94c7da511e7c4ffd:0x681016862c9b104c!8m2!3d-22.4085623!4d-47.5601967!16s%2Fg%2F11g_nfyrm!19sChIJ_U98HlHax5QRTBCbLIYWEGg?authuser=0&hl=pt-BR&g_ep=EgoyMDI2MDkzMC4wIJJjKgBIAVAD&rclk=1;55
Anel 3;Limeira/SP;Sawam;(19) 3446-9424;;;;https://www.google.com/maps/place/Sawam/data=!4m7!3m6!1s0x94c89a2e18c9b78f:0x64128060bbd5a5e4!8m2!3d-22.7396403!4d-47.3249581!16s%2Fg%2F11b77l582x!19sChIJj7fJGC6ayJQR5KXVu2CAEmQ?authuser=0&hl=pt-BR&g_ep=EgoyMDI2MDkzMC4wIJJjKgBIAVAD&rclk=1;55
Anel 3;Limeira/SP;KM Drimotec | Motores Elétricos | Bombas de Água | Redutores de Velocidade e Automação;(19) 3451-4160;(19) 97127-9032;emailvendas@kmdrimotec.com.br;https://www.kmdrimotec.com.br/ | https://instagram.com/km.drimotec;https://www.google.com/maps/place/KM+Drimotec+%7C+Motores+El%C3%A9tricos+%7C+Bombas+de+%C3%81gua+%7C+Redutores+de+Velocidade+e+Automa%C3%A7%C3%A3o/data=!4m7!3m6!1s0x94c88063e363b733:0x581a47f618b72614!8m2!3d-22.5470546!4d-47.4168387!16s%2Fg%2F11b7278kz3!19sChIJM7dj42OAyJQRFCa3GPZHGlg?authuser=0&hl=pt-BR&g_ep=EgoyMDI2MDkzMC4wIJJjKgBIAVAD&rclk=1;55
Anel 3;Porto Ferreira/SP;5L Trevisan;;(19) 99959-8264;contato@5ltrevisan.com.br;http://www.5ltrevisan.com.br/ | https://www.instagram.com/5ltrevisan;https://www.google.com/maps/place/5L+Trevisan/data=!4m7!3m6!1s0x94b8024d44f8fa3d:0x7753acbb2e370a64!8m2!3d-21.879655!4d-47.48551!16s%2Fg%2F1ptyx09_3!19sChIJPfr4RE0CuJQRZAo3LrusU3c?authuser=0&hl=pt-BR&g_ep=EgoyMDI2MDkzMC4wIJJjKgBIAVAD&rclk=1;54
Anel 3;Limeira/SP;Elétrica Pontual;(19) 3702-2118;(19) 3702-2118;;http://www.eletricapontual.net.br/;https://www.google.com/maps/place/El%C3%A9trica+Pontual/data=!4m7!3m6!1s0x94c88053f566aaab:0x4689844e48389949!8m2!3d-22.5815563!4d-47.4147512!16s%2Fg%2F11gg_vxtqp!19sChIJq6pm9VOAyJQRSZk4SE6EiUY?authuser=0&hl=pt-BR&g_ep=EgoyMDI2MDkzMC4wIJJjKgBIAVAD&rclk=1;54
Anel 3;Limeira/SP;RDS MATÉRIAIS ELÉTRICOS & ILUMINAÇÕES;(19) 3495-8151;;;http://www.rdsmateriaseletricos.com/;https://www.google.com/maps/place/RDS+MAT%C3%89RIAIS+EL%C3%89TRICOS+%26+ILUMINA%C3%87%C3%95ES/data=!4m7!3m6!1s0x94c881a22270409b:0x3e4abbcdbb96b0ea!8m2!3d-22.5564239!4d-47.4124929!16s%2Fg%2F11nns1k1jh!19sChIJm0BwIqKByJQR6rCWu827Sj4?authuser=0&hl=pt-BR&g_ep=EgoyMDI2MDkzMC4wIJJjKgBIAVAD&rclk=1;54
Anel 3;Passos/MG;Casa do Eletricista;(35) 3529-0500;(35) 3529-0500;;https://www.clickdisk.com.br/telefone/passos-mg/casa-do-eletricista-materiais-eletricos | https://www.instagram.com/casa_do_eletricista_passos;https://www.google.com/maps/place/Casa+do+Eletricista/data=!4m7!3m6!1s0x94b6c23092283311:0x95dfb38569418623!8m2!3d-20.7316264!4d-46.6058747!16s%2Fg%2F1tfqb9w1!19sChIJETMokjDCtpQRI4ZBaYWz35U?authuser=0&hl=pt-BR&g_ep=EgoyMDI2MDkzMC4wIJJjKgBIAVAD&rclk=1;54
Anel 3;Catanduva/SP;Eletro Metalúrgica Venti-Delta;(17) 3531-9000;;ventidelta@ventidelta.com.br;https://www.ventidelta.com.br/ | https://www.instagram.com/venti.delta;https://www.google.com/maps/place/Eletro+Metal%C3%BArgica+Venti-Delta/data=!4m7!3m6!1s0x94bc1edf5b00ad01:0xe99b02fecd31df79!8m2!3d-21.127073!4d-49.0060837!16s%2Fg%2F1thxm51h!19sChIJAa0AW98evJQRed8xzf4Cm-k?authuser=0&hl=pt-BR&g_ep=EgoyMDI2MDkzMC4wIJJjKgBIAVAD&rclk=1;53
Anel 3;São José do Rio Preto/SP;Lukma Electric;(17) 2138-5050;(17) 2138-5050;comercial@lukma.com;http://www.lukma.com.br/ | https://www.instagram.com/lukmaelectric;https://www.google.com/maps/place/Lukma+Electric/data=!4m7!3m6!1s0x94bdad1182a3d21b:0x87ba1576dfe43bb2!8m2!3d-20.8146591!4d-49.4117851!16s%2Fg%2F11b6np0zs5!19sChIJG9KjghGtvZQRsjvk33YVuoc?authuser=0&hl=pt-BR&g_ep=EgoyMDI2MDkzMC4wIJJjKgBIAVAD&rclk=1;53
Anel 3;Rio Claro/SP;Comercial Santo Antônio - CSA;(19) 3533-3040;;;https://www.instagram.com/comercialsto?igsh=N2RmaDVobWpvdDNu;https://www.google.com/maps/place/Comercial+Santo+Ant%C3%B4nio+-+CSA/data=!4m7!3m6!1s0x94c7da4e10b54667:0xd30f5aaf6fae51ef!8m2!3d-22.4087588!4d-47.5550919!16s%2Fg%2F1tl_08xh!19sChIJZ0a1EE7ax5QR71Gub69aD9M?authuser=0&hl=pt-BR&g_ep=EgoyMDI2MDkzMC4wIJJjKgBIAVAD&rclk=1;53
Anel 3;Passos/MG;NEUTRONTEC PORTÕES AUTOMÁTICOS;(35) 3526-1379;;;;https://www.google.com/maps/place/NEUTRONTEC+PORT%C3%95ES+AUTOM%C3%81TICOS/data=!4m7!3m6!1s0x94b6c2319f1098f1:0xaf1140c3e11d78fa!8m2!3d-20.727835!4d-46.6054052!16s%2Fg%2F11c325x6wg!19sChIJ8ZgQnzHCtpQR-ngd4cNAEa8?authuser=0&hl=pt-BR&g_ep=EgoyMDI2MDkzMC4wIJJjKgBIAVAD&rclk=1;53
Anel 3;São José do Rio Preto/SP;Furacão Distribuidora de Peças Automotivas;(17) 3512-6259;;;http://www.furacao.com.br/;https://www.google.com/maps/place/Furac%C3%A3o+Distribuidora+de+Pe%C3%A7as+Automotivas/data=!4m7!3m6!1s0x94bdad33396a784f:0x8deecedd0c668cc0!8m2!3d-20.8060066!4d-49.3807288!16s%2Fg%2F11g079zkqf!19sChIJT3hqOTOtvZQRwIxmDN3O7o0?authuser=0&hl=pt-BR&g_ep=EgoyMDI2MDkzMC4wIJJjKgBIAVAD&rclk=1;51
Anel 3;Araras/SP;B.R. Parafusos, Ferragens e Ferramentas;(19) 3544-2315;;contato@brparafuso.com;http://www.brparafuso.com/;https://www.google.com/maps/place/B.R.+Parafusos,+Ferragens+e+Ferramentas/data=!4m7!3m6!1s0x94c8773d52473779:0x872984bc3ef0ae85!8m2!3d-22.3563971!4d-47.3898081!16s%2Fg%2F11bzwnctgl!19sChIJeTdHUj13yJQRha7wPryEKYc?authuser=0&hl=pt-BR&g_ep=EgoyMDI2MDkzMC4wIJJjKgBIAVAD&rclk=1;51
Anel 3;Catanduva/SP;Eletro Técnica Veitas;(17) 3523-5252;(17) 3523-5252;info@phloxbusiness.com;https://eletroveitas.com.br/ | https://www.instagram.com/eletroveitas;https://www.google.com/maps/place/Eletro+T%C3%A9cnica+Veitas/data=!4m7!3m6!1s0x94bc1e77fccd7583:0x9c327b5082a7d8b1!8m2!3d-21.1345038!4d-48.9586081!16s%2Fg%2F1td54jlq!19sChIJg3XN_HcevJQRsdinglB7Mpw?authuser=0&hl=pt-BR&g_ep=EgoyMDI2MDkzMC4wIJJjKgBIAVAD&rclk=1;50
Anel 3;Catanduva/SP;A M S Comércio de Ferragens;;(17) 99118-4361;;;https://www.google.com/maps/place/A+M+S+Com%C3%A9rcio+de+Ferragens/data=!4m7!3m6!1s0x94bc1e7d5f12851d:0x169a95491c640f57!8m2!3d-21.1308029!4d-48.9702031!16s%2Fg%2F1tlwb5c9!19sChIJHYUSX30evJQRVw9kHEmVmhY?authuser=0&hl=pt-BR&g_ep=EgoyMDI2MDkzMC4wIJJjKgBIAVAD&rclk=1;49
Anel 3;Poços de Caldas/MG;LOJA ELÉTRICA E AUTOMAÇÃO FABIO SALLES;;(35) 98434-0387;;;https://www.google.com/maps/place/LOJA+EL%C3%89TRICA+E+AUTOMA%C3%87%C3%83O+FABIO+SALLES/data=!4m7!3m6!1s0x94c9dbd2da2d3951:0x9ab32266b46de258!8m2!3d-21.79595!4d-46.5685803!16s%2Fg%2F11kpk2_sbl!19sChIJUTkt2tLbyZQRWOJttGYis5o?authuser=0&hl=pt-BR&g_ep=EgoyMDI2MDkzMC4wIJJjKgBIAVAD&rclk=1;49
Anel 3;Araras/SP;Auto Elétrica Brasil;(19) 3541-3980;;;;https://www.google.com/maps/place/Auto+El%C3%A9trica+Brasil/data=!4m7!3m6!1s0x94c870b2072a76eb:0x1b19559dbc5e96c3!8m2!3d-22.3732909!4d-47.3509082!16s%2Fg%2F11ddzpn77f!19sChIJ63YqB7JwyJQRw5ZevJ1VGRs?authuser=0&hl=pt-BR&g_ep=EgoyMDI2MDkzMC4wIJJjKgBIAVAD&rclk=1;48
Anel 3;Piracicaba/SP;A & C Materiais Elétricos e Hidráulica;;(19) 99552-5122;;;https://www.google.com/maps/place/A+%26+C+Materiais+El%C3%A9tricos+e+Hidr%C3%A1ulica/data=!4m7!3m6!1s0x94c63131cbdf9f65:0x155fdc1d45bfbb95!8m2!3d-22.7478389!4d-47.6501322!16s%2Fg%2F11q3sd5gt2!19sChIJZZ_fyzExxpQRlbu_RR3cXxU?authuser=0&hl=pt-BR&g_ep=EgoyMDI2MDkzMC4wIJJjKgBIAVAD&rclk=1;48
Anel 3;Catanduva/SP;TELECIDADE DR. DO MICRO-ONDAS CATANDUVA;(17) 3151-0606;(17) 99219-4664;ventiladorescatanduva@gmail.com;https://123acheicatanduva.com.br/empresas/telecidade-dr-do-micro-ondas-catanduva/ | https://www.instagram.com/telecidade.catanduva;https://www.google.com/maps/place/TELECIDADE+DR.+DO+MICRO-ONDAS+CATANDUVA/data=!4m7!3m6!1s0x94bc1e6500000001:0x9ef555e1711c8446!8m2!3d-21.1392275!4d-48.9737353!16s%2Fg%2F11fj87fckl!19sChIJAQAAAGUevJQRRoQcceFV9Z4?authuser=0&hl=pt-BR&g_ep=EgoyMDI2MDkzMC4wIJJjKgBIAVAD&rclk=1;47
Anel 3;Piracicaba/SP;Lumina Soluções Industriais - Materiais Elétricos - Matriz;(19) 3422-8067;(19) 99793-3149;vendas@luminasolucoes.com.br;https://www.luminasolucoes.com.br/;https://www.google.com/maps/place/Lumina+Solu%C3%A7%C3%B5es+Industriais+-+Materiais+El%C3%A9tricos+-+Matriz/data=!4m7!3m6!1s0x94c631122e494a99:0x72b9fd4b3207af70!8m2!3d-22.7040013!4d-47.6562928!16s%2Fg%2F11vdjv3ms6!19sChIJmUpJLhIxxpQRcK8HMkv9uXI?authuser=0&hl=pt-BR&g_ep=EgoyMDI2MDkzMC4wIJJjKgBIAVAD&rclk=1;47
Anel 3;São Sebastião do Paraíso/MG;Auto Elétrica do Forte;(35) 3531-5406;(35) 99967-1270;;https://www.clickdisk.com.br/telefone/sao-sebastiao-do-paraiso-mg/auto-eletrica-forte;https://www.google.com/maps/place/Auto+El%C3%A9trica+do+Forte/data=!4m7!3m6!1s0x94b7177f6a74ff8b:0x673b7a6054fd583a!8m2!3d-20.9031192!4d-46.973334!16s%2Fg%2F11cnb7js4k!19sChIJi_90an8Xt5QROlj9VGB6O2c?authuser=0&hl=pt-BR&g_ep=EgoyMDI2MDkzMC4wIJJjKgBIAVAD&rclk=1;47
Anel 3;Piracicaba/SP;Lumart Iluminação em Piracicaba;(19) 3434-9987;(19) 98101-1328;atendimento@lumart.com.br;http://www.lumart.com.br/ | https://www.instagram.com/lumart_iluminacao;https://www.google.com/maps/place/Lumart+Ilumina%C3%A7%C3%A3o+em+Piracicaba/data=!4m7!3m6!1s0x94c631063a632eb9:0xe1ef81266b986172!8m2!3d-22.729309!4d-47.6483391!16s%2Fg%2F1tdq_tyt!19sChIJuS5jOgYxxpQRcmGYayaB7-E?authuser=0&hl=pt-BR&g_ep=EgoyMDI2MDkzMC4wIJJjKgBIAVAD&rclk=1;46
Anel 3;Leme/SP;Madei-Leme Comércio Materiais Construção;;(19) 99675-5761;;;https://www.google.com/maps/place/Madei-Leme+Com%C3%A9rcio+Materiais+Constru%C3%A7%C3%A3o/data=!4m7!3m6!1s0x94c80bb9a744a9df:0x3e82d2c6ed5cff2e!8m2!3d-22.1784264!4d-47.3980798!16s%2Fg%2F1ptx2jq_q!19sChIJ36lEp7kLyJQRLv9c7cbSgj4?authuser=0&hl=pt-BR&g_ep=EgoyMDI2MDkzMC4wIJJjKgBIAVAD&rclk=1;45
Anel 3;Limeira/SP;ELÉTRICA LIMERLED;(19) 3704-2656;;limerled@limerled.com.br;https://limerled.com.br/;https://www.google.com/maps/place/EL%C3%89TRICA+LIMERLED/data=!4m7!3m6!1s0x94c880c038a2e243:0x976e59d12a842b7b!8m2!3d-22.559326!4d-47.3887345!16s%2Fg%2F11cpq6bcz_!19sChIJQ-KiOMCAyJQReyuEKtFZbpc?authuser=0&hl=pt-BR&g_ep=EgoyMDI2MDkzMC4wIJJjKgBIAVAD&rclk=1;45
Anel 3;Poços de Caldas/MG;D & D Materiais Elétricos;(35) 3714-5050;;;;https://www.google.com/maps/place/D+%26+D+Materiais+El%C3%A9tricos/data=!4m7!3m6!1s0x94c9dc8638032acb:0xae9972428843d60d!8m2!3d-21.7825835!4d-46.5854482!16s%2Fg%2F1v96mxsk!19sChIJyyoDOIbcyZQRDdZDiEJyma4?authuser=0&hl=pt-BR&g_ep=EgoyMDI2MDkzMC4wIJJjKgBIAVAD&rclk=1;45
Anel 3;Araras/SP;Ferro Store: Loja de Ferramentas e Equipamentos em Araras - SP;(19) 3543-4440;(19) 99800-0871;comercial@ferrostore.com.br;https://www.ferrostore.com.br/ | https://www.instagram.com/ferrostoreoficial;https://www.google.com/maps/place/Ferro+Store:+Loja+de+Ferramentas+e+Equipamentos+em+Araras+-+SP/data=!4m7!3m6!1s0x94c87735b0a7fb91:0xf5bac597eaa564fd!8m2!3d-22.366532!4d-47.3931145!16s%2Fg%2F11v5jf75xx!19sChIJkfunsDV3yJQR_WSl6pfFuvU?authuser=0&hl=pt-BR&g_ep=EgoyMDI2MDkzMC4wIJJjKgBIAVAD&rclk=1;44
Anel 3;Piracicaba/SP;B E B Eletricidade - Loja de Materiais Elétricos - Piracicaba/SP;(19) 3426-3556;;bebeletricidade1@gmail.com;http://sites.google.com/view/bebeletricidade;https://www.google.com/maps/place/B+E+B+Eletricidade+-+Loja+de+Materiais+El%C3%A9tricos+-+Piracicaba%2FSP/data=!4m7!3m6!1s0x156196eb4bf06ab:0xc070d151b85da3dc!8m2!3d-22.7450869!4d-47.6314159!16s%2Fg%2F1tf32h36!19sChIJqwa_tG4ZVgER3KNduFHRcMA?authuser=0&hl=pt-BR&g_ep=EgoyMDI2MDkzMC4wIJJjKgBIAVAD&rclk=1;44
Anel 3;Passos/MG;Deposito Material de Construção Passos;;(35) 99868-1786;;https://www.clickdisk.com.br/telefone/passos-mg/bianchi-utilidades-e-construcao | https://www.instagram.com/bianchiutilidades;https://www.google.com/maps/place/Deposito+Material+de+Constru%C3%A7%C3%A3o+Passos/data=!4m7!3m6!1s0x94b6c3354253c1eb:0x5074c2148694c81f!8m2!3d-20.7065777!4d-46.6213778!16s%2Fg%2F11tx0fjb60!19sChIJ68FTQjXDtpQRH8iUhhTCdFA?authuser=0&hl=pt-BR&g_ep=EgoyMDI2MDkzMC4wIJJjKgBIAVAD&rclk=1;44
Anel 3;São José do Rio Preto/SP;Autack Componentes;;(17) 99709-1551;contato@autack.com.br;http://www.autack.com.br/ | https://www.instagram.com/autackcomponentes;https://www.google.com/maps/place/Autack+Componentes/data=!4m7!3m6!1s0x94bc4de53549e1fd:0x16af364e68dd025f!8m2!3d-20.8347298!4d-49.366888!16s%2Fg%2F11tcjr7n7j!19sChIJ_eFJNeVNvJQRXwLdaE42rxY?authuser=0&hl=pt-BR&g_ep=EgoyMDI2MDkzMC4wIJJjKgBIAVAD&rclk=1;43
Anel 3;Piracicaba/SP;RIGAVA Engenharia e Automação industrial Ltda.;(19) 3302-2700;;rigava@rigava.com.br;https://www.rigava.com.br/;https://www.google.com/maps/place/RIGAVA+Engenharia+e+Automa%C3%A7%C3%A3o+industrial+Ltda./data=!4m7!3m6!1s0x94c63164bd9abf2f:0x42faade42ff1e73e!8m2!3d-22.7079822!4d-47.6567398!16s%2Fg%2F11g885sxlx!19sChIJL7-avWQxxpQRPufxL-St-kI?authuser=0&hl=pt-BR&g_ep=EgoyMDI2MDkzMC4wIJJjKgBIAVAD&rclk=1;43
Anel 3;Poços de Caldas/MG;VIP Materiais Elétricos, Hidráulicos e Piscinas;(35) 3714-7001;;;;https://www.google.com/maps/place/VIP+Materiais+El%C3%A9tricos,+Hidr%C3%A1ulicos+e+Piscinas/data=!4m7!3m6!1s0x94c9dd92fbfc1f4d:0x64af3440e574fec7!8m2!3d-21.7845874!4d-46.5509232!16s%2Fg%2F11vpz13lth!19sChIJTR_8-5LdyZQRx_505UA0r2Q?authuser=0&hl=pt-BR&g_ep=EgoyMDI2MDkzMC4wIJJjKgBIAVAD&rclk=1;43
Anel 3;São José do Rio Preto/SP;Inova Basike São Josè Rio Preto;;(17) 98159-4053;;http://www.inovabasikesjrp.com.br/;https://www.google.com/maps/place/Inova+Basike+S%C3%A3o+Jos%C3%A8+Rio+Preto/data=!4m7!3m6!1s0x94bdadc0e220125f:0x6996e4de5b3efa32!8m2!3d-20.8092323!4d-49.3817378!16s%2Fg%2F11h_____lw!19sChIJXxIg4sCtvZQRMvo-W97klmk?authuser=0&hl=pt-BR&g_ep=EgoyMDI2MDkzMC4wIJJjKgBIAVAD&rclk=1;42
Anel 3;Leme/SP;Pluzie Indústria e Comércio de Materiais Elétricos LTDA;(19) 3572-9100;;atendimento@pluzie.com.br;http://www.pluzie.com.br/ | https://www.instagram.com/pluzieoficial;https://www.google.com/maps/place/Pluzie+Ind%C3%BAstria+e+Com%C3%A9rcio+de+Materiais+El%C3%A9tricos+LTDA/data=!4m7!3m6!1s0x94c80b0e41ed9bc1:0xe9376d71001699a7!8m2!3d-22.2034001!4d-47.3975652!16s%2Fg%2F11h132h8z!19sChIJwZvtQQ4LyJQRp5kWAHFtN-k?authuser=0&hl=pt-BR&g_ep=EgoyMDI2MDkzMC4wIJJjKgBIAVAD&rclk=1;42
Anel 3;Leme/SP;Olivan Máquinas: Vendas e Assistência;(19) 3554-5081;;;http://www.olivanmaquinas.com.br/;https://www.google.com/maps/place/Olivan+M%C3%A1quinas:+Vendas+e+Assist%C3%AAncia/data=!4m7!3m6!1s0x94c80b9d10c82c45:0x1f7bb8281df71b8!8m2!3d-22.1885266!4d-47.3942592!16s%2Fg%2F1ptw5q5tc!19sChIJRSzIEJ0LyJQRuHHfgYK79wE?authuser=0&hl=pt-BR&g_ep=EgoyMDI2MDkzMC4wIJJjKgBIAVAD&rclk=1;42
Anel 3;Poços de Caldas/MG;Am fios e Cabos;(35) 3714-3080;;;;https://www.google.com/maps/place/Am+fios+e+Cabos/data=!4m7!3m6!1s0x94c9db52960c4a27:0x9b9c0d6fb6f3157f!8m2!3d-21.7799173!4d-46.6055618!16s%2Fg%2F11vm2_nq6q!19sChIJJ0oMllLbyZQRfxXztm8NnJs?authuser=0&hl=pt-BR&g_ep=EgoyMDI2MDkzMC4wIJJjKgBIAVAD&rclk=1;42
Anel 3;Limeira/SP;BASE REDUTORES;(19) 3400-2339;;;http://www.basemotores.com.br/;https://www.google.com/maps/place/BASE+REDUTORES/data=!4m7!3m6!1s0x94c88140d03c7bb3:0x6cf42e5776b11b15!8m2!3d-22.5755625!4d-47.3920381!16s%2Fg%2F11h1l060mc!19sChIJs3s80ECByJQRFRuxdlcu9Gw?authuser=0&hl=pt-BR&g_ep=EgoyMDI2MDkzMC4wIJJjKgBIAVAD&rclk=1;41
Anel 3;Piracicaba/SP;JPIRES ELETRICIDADE;;(19) 99658-3514;jpireseletricidade@gmail.com;https://jpireseletricidade.com.br/ | https://www.instagram.com/jpireseletricidade;https://www.google.com/maps/place/JPIRES+ELETRICIDADE/data=!4m7!3m6!1s0x94c6312640763f85:0xb777c4338d0a804b!8m2!3d-22.7429554!4d-47.6737225!16s%2Fg%2F11f3cx9qjs!19sChIJhT92QCYxxpQRS4AKjTPEd7c?authuser=0&hl=pt-BR&g_ep=EgoyMDI2MDkzMC4wIJJjKgBIAVAD&rclk=1;41
Anel 3;Poços de Caldas/MG;Minas System;(35) 3712-6037;;;http://minassystem.com.br/;https://www.google.com/maps/place/Minas+System/data=!4m7!3m6!1s0x94c9ddb61a930831:0x5f39354efc34ba0c!8m2!3d-21.8044119!4d-46.5627614!16s%2Fg%2F11d_9j4_88!19sChIJMQiTGrbdyZQRDLo0_E41OV8?authuser=0&hl=pt-BR&g_ep=EgoyMDI2MDkzMC4wIJJjKgBIAVAD&rclk=1;41
Anel 3;Barretos/SP;TimDim Eletronicos;(17) 3322-7806;;loja@timdim.com.br;http://www.timdim.com.br/;https://www.google.com/maps/place/TimDim+Eletronicos/data=!4m7!3m6!1s0x94bb85084bbbe1d9:0x64b9a9d475467dcd!8m2!3d-20.5599225!4d-48.5680792!16s%2Fg%2F11t6w25_xb!19sChIJ2eG7SwiFu5QRzX1GddSpuWQ?authuser=0&hl=pt-BR&g_ep=EgoyMDI2MDkzMC4wIJJjKgBIAVAD&rclk=1;40
Anel 3;Araras/SP;ELETROTÓ - MATERIAIS ELÉTRICOS;;(19) 99481-3355;;http://www.eletroto.com.br/;https://www.google.com/maps/place/ELETROT%C3%93+-+MATERIAIS+EL%C3%89TRICOS/data=!4m7!3m6!1s0x94c8772f449d733b:0xd53e2a5bc780cd6c!8m2!3d-22.3491909!4d-47.3795481!16s%2Fg%2F1tfp3kpg!19sChIJO3OdRC93yJQRbM2Ax1sqPtU?authuser=0&hl=pt-BR&g_ep=EgoyMDI2MDkzMC4wIJJjKgBIAVAD&rclk=1;40
Anel 3;Rio Claro/SP;ELETRO LIMA Eletricidade;(19) 3534-7146;;contato@lojaeletrolima.com.br;http://www.lojaeletrolima.com.br/;https://www.google.com/maps/place/ELETRO+LIMA+Eletricidade/data=!4m7!3m6!1s0x94c7dbb1dde75f4f:0x7dcd7626b0df8fd8!8m2!3d-22.3943871!4d-47.556681!16s%2Fg%2F11vzv1tnmw!19sChIJT1_n3bHbx5QR2I_fsCZ2zX0?authuser=0&hl=pt-BR&g_ep=EgoyMDI2MDkzMC4wIJJjKgBIAVAD&rclk=1;40
Anel 3;Poços de Caldas/MG;Sulmineira Materiais Elétricos;(35) 3712-9787;;;;https://www.google.com/maps/place/Sulmineira+Materiais+El%C3%A9tricos/data=!4m7!3m6!1s0x94c9c3a645034fbf:0xd915d71d393735d!8m2!3d-21.8528541!4d-46.5663196!16s%2Fg%2F1tdnm71s!19sChIJv08DRabDyZQRXXOT03FdkQ0?authuser=0&hl=pt-BR&g_ep=EgoyMDI2MDkzMC4wIJJjKgBIAVAD&rclk=1;40
Anel 3;São José do Rio Preto/SP;Proteção Segurança Eletrônica e Monitoramento 24hrs Rio Preto;(17) 3236-4728;(17) 3236-4728;vanessazanini21@gmail.com;http://protecaoeletronicariopreto.com.br/ | https://www.instagram.com/protecao15anos;https://www.google.com/maps/place/Prote%C3%A7%C3%A3o+Seguran%C3%A7a+Eletr%C3%B4nica+e+Monitoramento+24hrs+Rio+Preto/data=!4m7!3m6!1s0xacd4f4c9ec6401f5:0x6f057db4baed1d77!8m2!3d-20.7723304!4d-49.3927223!16s%2Fg%2F11v62nv05q!19sChIJ9QFk7Mn01KwRdx3turR9BW8?authuser=0&hl=pt-BR&g_ep=EgoyMDI2MDkzMC4wIJJjKgBIAVAD&rclk=1;39
Anel 3;Limeira/SP;Hidráulica e Elétrica Império l Aquecedor a Gás / Aquecedor Solar l Válvula Hydra l Assistencia Docol l Revenda Rinnai;(19) 3513-0217;;;https://www.instagram.com/_imperiohidraulicaeletrica;https://www.google.com/maps/place/Hidr%C3%A1ulica+e+El%C3%A9trica+Imp%C3%A9rio+l+Aquecedor+a+G%C3%A1s+%2F+Aquecedor+Solar+l+V%C3%A1lvula+Hydra+l+Assistencia+Docol+l+Revenda+Rinnai/data=!4m7!3m6!1s0x94c881c4e39bc873:0xd87afe545ad737a8!8m2!3d-22.5623325!4d-47.4114063!16s%2Fg%2F11p46pvll0!19sChIJc8ib48SByJQRqDfXWlT-etg?authuser=0&hl=pt-BR&g_ep=EgoyMDI2MDkzMC4wIJJjKgBIAVAD&rclk=1;39
Anel 3;Limeira/SP;Elétrica Morais;(19) 3451-7037;;;https://wa.me/message/5GHH3KCLOLX4A1 | https://www.instagram.com/whatsapp;https://www.google.com/maps/place/El%C3%A9trica+Morais/data=!4m7!3m6!1s0x94c62be4926faf2f:0x3724381be2687591!8m2!3d-22.5711369!4d-47.4500961!16s%2Fg%2F11qnzz10h0!19sChIJL69vkuQrxpQRkXVo4hs4JDc?authuser=0&hl=pt-BR&g_ep=EgoyMDI2MDkzMC4wIJJjKgBIAVAD&rclk=1;39
Anel 3;Piracicaba/SP;Pira Led;(19) 3374-6634;;;;https://www.google.com/maps/place/Pira+Led/data=!4m7!3m6!1s0x94c631d6cab23e13:0xf86dd96eaa814185!8m2!3d-22.7267903!4d-47.6364271!16s%2Fg%2F11shjtz5k8!19sChIJEz6yytYxxpQRhUGBqm7Zbfg?authuser=0&hl=pt-BR&g_ep=EgoyMDI2MDkzMC4wIJJjKgBIAVAD&rclk=1;39
Anel 3;Poços de Caldas/MG;Elin Materiais Eletricos Acabamentos Loja 2;(35) 3014-8808;;;;https://www.google.com/maps/place/Elin+Materiais+Eletricos+Acabamentos+Loja+2/data=!4m7!3m6!1s0x94c9dd85b1e20021:0x33262a94decd949f!8m2!3d-21.80012!4d-46.5451814!16s%2Fg%2F11krht4ss8!19sChIJIQDisYXdyZQRn5TN3pQqJjM?authuser=0&hl=pt-BR&g_ep=EgoyMDI2MDkzMC4wIJJjKgBIAVAD&rclk=1;39
Anel 3;São José do Rio Preto/SP;Rio Preto Elétrica e Iluminação;;(17) 99755-6565;;https://www.riopretoeletrica.com.br/;https://www.google.com/maps/place/Rio+Preto+El%C3%A9trica+e+Ilumina%C3%A7%C3%A3o/data=!4m7!3m6!1s0x94bdad58d7cb5bc3:0x33eeefd0656b16fa!8m2!3d-20.8091022!4d-49.398911!16s%2Fg%2F11zyslqy_s!19sChIJw1vL11itvZQR-hZrZdDv7jM?authuser=0&hl=pt-BR&g_ep=EgoyMDI2MDkzMC4wIJJjKgBIAVAD&rclk=1;38
Anel 3;São José do Rio Preto/SP;Stark Electric;(17) 3209-9090;;;http://www.starkelectric.com.br/;https://www.google.com/maps/place/Stark+Electric/data=!4m7!3m6!1s0x94bdada2a72c48ab:0x14f0d767c80df9bb!8m2!3d-20.8083814!4d-49.4147917!16s%2Fg%2F11c6cyqxfr!19sChIJq0gsp6KtvZQRu_kNyGfX8BQ?authuser=0&hl=pt-BR&g_ep=EgoyMDI2MDkzMC4wIJJjKgBIAVAD&rclk=1;38
Anel 3;Leme/SP;William Eletricista;;(19) 97150-4060;;;https://www.google.com/maps/place/William+Eletricista/data=!4m7!3m6!1s0x94c80bc9f95df33f:0x14b5817610902e74!8m2!3d-22.1724971!4d-47.3787307!16s%2Fg%2F11ntnyl1d3!19sChIJP_Nd-ckLyJQRdC6QEHaBtRQ?authuser=0&hl=pt-BR&g_ep=EgoyMDI2MDkzMC4wIJJjKgBIAVAD&rclk=1;38
Anel 3;Araras/SP;Auto Elétrica Araras Baterias;;(19) 99833-6556;;http://facebook.com/people/Talmo-Augusto-Palaver/100010447350471;https://www.google.com/maps/place/Auto+El%C3%A9trica+Araras+Baterias/data=!4m7!3m6!1s0x94c8708f378c374b:0x382106a66e37b8a4!8m2!3d-22.3675848!4d-47.3911712!16s%2Fg%2F11ggb449lt!19sChIJSzeMN49wyJQRpLg3bqYGITg?authuser=0&hl=pt-BR&g_ep=EgoyMDI2MDkzMC4wIJJjKgBIAVAD&rclk=1;38
Anel 3;Passos/MG;Remer Elétrica Materiais e Serviços Elétricos;(35) 3521-2662;(35) 3521-2662;;https://www.clickdisk.com.br/telefone/passos-mg/remer-eletrica | https://www.instagram.com/remer.eletrica;https://www.google.com/maps/place/Remer+El%C3%A9trica+Materiais+e+Servi%C3%A7os+El%C3%A9tricos/data=!4m7!3m6!1s0x94b6c2352b2c54f9:0xe7e0ebbe66dc4cc6!8m2!3d-20.7248008!4d-46.6100179!16s%2Fg%2F1thqhvy1!19sChIJ-VQsKzXCtpQRxkzcZr7r4Oc?authuser=0&hl=pt-BR&g_ep=EgoyMDI2MDkzMC4wIJJjKgBIAVAD&rclk=1;38
Anel 3;Catanduva/SP;Planeta;;;;;https://www.google.com/maps/place/Planeta/data=!4m7!3m6!1s0x94bc1f430f9be1ab:0x23a913f81e4aa812!8m2!3d-21.1380099!4d-48.9742007!16s%2Fg%2F11zjkk9vg4!19sChIJq-GbD0MfvJQREqhKHvgTqSM?authuser=0&hl=pt-BR&g_ep=EgoyMDI2MDkzMC4wIJJjKgBIAVAD&rclk=1;37
Anel 3;São José do Rio Preto/SP;FF Automação;(17) 3226-6886;(17) 98802-9287;vendas@ffautomacao.com.br;http://ffautomacao.com.br/;https://www.google.com/maps/place/FF+Automa%C3%A7%C3%A3o/data=!4m7!3m6!1s0x94bdb2b373ca04c7:0xa0bcc3922718ce9f!8m2!3d-20.8177322!4d-49.3667626!16s%2Fg%2F11b_3g5dfb!19sChIJxwTKc7OyvZQRn84YJ5LDvKA?authuser=0&hl=pt-BR&g_ep=EgoyMDI2MDkzMC4wIJJjKgBIAVAD&rclk=1;37
Anel 3;Limeira/SP;Grupo Illuminare;(19) 3453-9825;;vendas@grupoilluminare.com.br;http://grupoilluminare.com.br/ | https://www.instagram.com/grupoilluminare;https://www.google.com/maps/place/Grupo+Illuminare/data=!4m7!3m6!1s0x94c88042a48aed63:0x481d2b98c627eda4!8m2!3d-22.5682684!4d-47.4205201!16s%2Fg%2F11frrf33tq!19sChIJY-2KpEKAyJQRpO0nxpgrHUg?authuser=0&hl=pt-BR&g_ep=EgoyMDI2MDkzMC4wIJJjKgBIAVAD&rclk=1;36
Anel 3;Araras/SP;Aralux Materiais Elétricos;(19) 3351-5800;(19) 99754-5776;;http://www.araluxeletrica.com.br/ | https://www.instagram.com/araluxmateriais;https://www.google.com/maps/place/Aralux+Materiais+El%C3%A9tricos/data=!4m7!3m6!1s0x94c87723ff9bd299:0xfd890f78b4f0b9d8!8m2!3d-22.3500998!4d-47.3853986!16s%2Fg%2F11b8z7tg00!19sChIJmdKb_yN3yJQR2LnwtHgPif0?authuser=0&hl=pt-BR&g_ep=EgoyMDI2MDkzMC4wIJJjKgBIAVAD&rclk=1;35
Anel 3;Catanduva/SP;Cotuca Catanduva Tubos e Conexões Hidráulicas;(17) 3521-7748;(17) 99156-4927;financeiro@cotucatubos.com.br;https://123acheicatanduva.com.br/empresas/cotuca-tubos-e-conexoes-hidraulicos/ | https://www.instagram.com/cotucacatanduva;https://www.google.com/maps/place/Cotuca+Catanduva+Tubos+e+Conex%C3%B5es+Hidr%C3%A1ulicas/data=!4m7!3m6!1s0x94bc1e37d362a3c3:0x69fca747eb8d661!8m2!3d-21.1563115!4d-48.9930264!16s%2Fg%2F11f_26qwv2!19sChIJw6Ni0zcevJQRYda4fnTKnwY?authuser=0&hl=pt-BR&g_ep=EgoyMDI2MDkzMC4wIJJjKgBIAVAD&rclk=1;34
Anel 3;Pirassununga/SP;LIGUE FIO Materiais Eletricos;;(19) 99615-9017;;;https://www.google.com/maps/place/LIGUE+FIO+Materiais+Eletricos/data=!4m7!3m6!1s0x94c801672a010333:0xb1b95a1d1702b3a3!8m2!3d-21.9918528!4d-47.4225482!16s%2Fg%2F11h15tjsxs!19sChIJMwMBKmcByJQRo7MCFx1aubE?authuser=0&hl=pt-BR&g_ep=EgoyMDI2MDkzMC4wIJJjKgBIAVAD&rclk=1;34
Anel 3;Araras/SP;Barbantech | Elétrica - Automação - Segurança Eletrônica;;(19) 99845-7826;riocontato@barbantech.com.br;https://www.barbantech.com.br/ | https://www.instagram.com/barbantechoficial;https://www.google.com/maps/place/Barbantech+%7C+El%C3%A9trica+-+Automa%C3%A7%C3%A3o+-+Seguran%C3%A7a+Eletr%C3%B4nica/data=!4m7!3m6!1s0x94c877ec1cc405dd:0xd040c5fd60af59ec!8m2!3d-22.380678!4d-47.4060824!16s%2Fg%2F11wp6fngx3!19sChIJ3QXEHOx3yJQR7FmvYP3FQNA?authuser=0&hl=pt-BR&g_ep=EgoyMDI2MDkzMC4wIJJjKgBIAVAD&rclk=1;34
Anel 3;Passos/MG;CASA;(35) 3526-1432;(35) 3526-1432;;https://www.clickdisk.com.br/telefone/passos-mg/espaco-da-luz | https://www.instagram.com/espacodaluzofc;https://www.google.com/maps/place/CASA/data=!4m7!3m6!1s0x94b6c2315a436f95:0x36b530d3762838a5!8m2!3d-20.7277975!4d-46.606953!16s%2Fg%2F11_qw5ljz!19sChIJlW9DWjHCtpQRpTgodtMwtTY?authuser=0&hl=pt-BR&g_ep=EgoyMDI2MDkzMC4wIJJjKgBIAVAD&rclk=1;34
Anel 3;Barretos/SP;material elétrico e automação Isatur;(17) 3322-3268;;;https://www.instagram.com/isatur.eletrica.vidracaria/;https://www.google.com/maps/place/material+el%C3%A9trico+e+automa%C3%A7%C3%A3o+Isatur/data=!4m7!3m6!1s0x94bb84c8d2c05be5:0x73707c3c6959cf1!8m2!3d-20.5402158!4d-48.5695663!16s%2Fg%2F11cp7r4q11!19sChIJ5VvA0siEu5QR8ZyVxsMHNwc?authuser=0&hl=pt-BR&g_ep=EgoyMDI2MDkzMC4wIJJjKgBIAVAD&rclk=1;33
Anel 3;Leme/SP;Leme Tubos;(19) 3571-4758;;;;https://www.google.com/maps/place/Leme+Tubos/data=!4m7!3m6!1s0x94c80b9f50cab495:0x1ff56990bf67e218!8m2!3d-22.1879132!4d-47.3886266!16s%2Fg%2F1vgqf5wt!19sChIJlbTKUJ8LyJQRGOJnv5Bp9R8?authuser=0&hl=pt-BR&g_ep=EgoyMDI2MDkzMC4wIJJjKgBIAVAD&rclk=1;33
Anel 3;Araras/SP;Vagalumen Materiais Elétricos;;(19) 99968-1920;;http://www.vagalumen.com/ | https://www.instagram.com/vagalumen_eletrica;https://www.google.com/maps/place/Vagalumen+Materiais+El%C3%A9tricos/data=!4m7!3m6!1s0x94c8715b61ab6837:0x91ea06f916c70fd5!8m2!3d-22.3606926!4d-47.3660256!16s%2Fg%2F11lkk529fg!19sChIJN2irYVtxyJQR1Q_HFvkG6pE?authuser=0&hl=pt-BR&g_ep=EgoyMDI2MDkzMC4wIJJjKgBIAVAD&rclk=1;33
Anel 3;Araras/SP;Empresas Guimarães - Motores Elétricos, Máquinas Elétricas, Painéis Certificados e Materiais Elétricos;(19) 3543-5155;(19) 99843-6146;vendas1@empresaguimaraes.com.br;http://www.empresasguimaraes.com.br/ | https://www.instagram.com/empresasguimaraes;https://www.google.com/maps/place/Empresas+Guimar%C3%A3es+-+Motores+El%C3%A9tricos,+M%C3%A1quinas+El%C3%A9tricas,+Pain%C3%A9is+Certificados+e+Materiais+El%C3%A9tricos/data=!4m7!3m6!1s0x94c8771782ce5eeb:0x3bbc4347758d9cfe!8m2!3d-22.3531766!4d-47.3925556!16s%2Fg%2F1tf3cn6n!19sChIJ617Oghd3yJQR_pyNdUdDvDs?authuser=0&hl=pt-BR&g_ep=EgoyMDI2MDkzMC4wIJJjKgBIAVAD&rclk=1;33
Anel 3;Rio Claro/SP;KR Soluções e Materiais Elétricos;;(19) 99191-0676;vendas@krmateriais.com.br;https://krmateriais.com.br/;https://www.google.com/maps/place/KR+Solu%C3%A7%C3%B5es+e+Materiais+El%C3%A9tricos/data=!4m7!3m6!1s0x94c7db1b2936e8e9:0x1b4e0ce404468705!8m2!3d-22.4077139!4d-47.5796005!16s%2Fg%2F1tlnfk7t!19sChIJ6eg2KRvbx5QRBYdGBOQMThs?authuser=0&hl=pt-BR&g_ep=EgoyMDI2MDkzMC4wIJJjKgBIAVAD&rclk=1;33
Anel 3;Poços de Caldas/MG;Sulminas Fios & Cabos;(35) 3714-2660;(35) 99936-6274;;https://sulminasfiosecabos.com.br/;https://www.google.com/maps/place/Sulminas+Fios+%26+Cabos/data=!4m7!3m6!1s0x94c9db9b6baeb745:0x6cc3d83fa1431895!8m2!3d-21.8365016!4d-46.6521525!16s%2Fg%2F1tkc36nl!19sChIJRbeua5vbyZQRlRhDoT_Yw2w?authuser=0&hl=pt-BR&g_ep=EgoyMDI2MDkzMC4wIJJjKgBIAVAD&rclk=1;33
Anel 3;Barretos/SP;Eletro São Pedro;(17) 3323-8906;(17) 98811-0410;;https://linktr.ee/eletrosaopedro | https://www.instagram.com/eletrosaopedro;https://www.google.com/maps/place/Eletro+S%C3%A3o+Pedro/data=!4m7!3m6!1s0x94bb85275d858909:0x872c82105957293e!8m2!3d-20.5507005!4d-48.5803669!16s%2Fg%2F11h2fqdln_!19sChIJCYmFXSeFu5QRPilXWRCCLIc?authuser=0&hl=pt-BR&g_ep=EgoyMDI2MDkzMC4wIJJjKgBIAVAD&rclk=1;32
Anel 3;Catanduva/SP;Santiluz;(17) 3523-3873;;;https://www.instagram.com/santiluzcatanduva?igsh=cDdrMzhhajUxNmJn;https://www.google.com/maps/place/Santiluz/data=!4m7!3m6!1s0x94bc1e6d553b9191:0x296bd5396297cbdd!8m2!3d-21.149745!4d-48.970975!16s%2Fg%2F11cm8f2dmv!19sChIJkZE7VW0evJQR3cuXYjnVayk?authuser=0&hl=pt-BR&g_ep=EgoyMDI2MDkzMC4wIJJjKgBIAVAD&rclk=1;32
Anel 3;Araras/SP;M&A Engenharia;(19) 3543-2259;;;;https://www.google.com/maps/place/M%26A+Engenharia/data=!4m7!3m6!1s0x94c870be2c267ec7:0xd3a9854790e76d48!8m2!3d-22.3631509!4d-47.3338568!16s%2Fg%2F1hhmc6c05!19sChIJx34mLL5wyJQRSG3nkEeFqdM?authuser=0&hl=pt-BR&g_ep=EgoyMDI2MDkzMC4wIJJjKgBIAVAD&rclk=1;32
Anel 3;Piracicaba/SP;Lumi Eletricidade;(19) 3425-7810;(19) 99502-0510;vendas@lumieletricidade.com;https://www.lumieletricidade.com/ | https://www.instagram.com/lumieletricidade;https://www.google.com/maps/place/Lumi+Eletricidade/data=!4m7!3m6!1s0x94c633b6a53b2003:0x26f0461e4b1892d5!8m2!3d-22.6795309!4d-47.6801849!16s%2Fg%2F11f93l7psx!19sChIJAyA7pbYzxpQR1ZIYSx5G8CY?authuser=0&hl=pt-BR&g_ep=EgoyMDI2MDkzMC4wIJJjKgBIAVAD&rclk=1;32
Anel 3;Piracicaba/SP;Packer Materiais Elétricos;(19) 3375-7747;;;https://www.facebook.com/packer.material;https://www.google.com/maps/place/Packer+Materiais+El%C3%A9tricos/data=!4m7!3m6!1s0x94c631ab6bdd7b95:0x91d3bf1ec726a880!8m2!3d-22.7370098!4d-47.6584941!16s%2Fg%2F11rd8f72qp!19sChIJlXvda6sxxpQRgKgmxx6_05E?authuser=0&hl=pt-BR&g_ep=EgoyMDI2MDkzMC4wIJJjKgBIAVAD&rclk=1;32
Anel 3;Araras/SP;RODHER Distribuidora de Peças Elétricas Automotivas;(19) 3544-8862;(19) 97102-5044;ecommerce@rodher.com.br;http://www.rodher.com.br/;https://www.google.com/maps/place/RODHER+Distribuidora+de+Pe%C3%A7as+El%C3%A9tricas+Automotivas/data=!4m7!3m6!1s0x94c8771c2c92ec4d:0xdee41b1fc08748cb!8m2!3d-22.3367963!4d-47.3652081!16s%2Fg%2F11j2yq9p_n!19sChIJTeySLBx3yJQRy0iHwB8b5N4?authuser=0&hl=pt-BR&g_ep=EgoyMDI2MDkzMC4wIJJjKgBIAVAD&rclk=1;31
Anel 3;Limeira/SP;G. K. Materiais Elétricos Hidráulicos Ferragens Tintas;(19) 3444-4407;;;https://www.instagram.com/eletricagk?igsh=MWVqOWIwMmJhYTVmNA==;https://www.google.com/maps/place/G.+K.+Materiais+El%C3%A9tricos+Hidr%C3%A1ulicos+Ferragens+Tintas/data=!4m7!3m6!1s0x94c88197b5f566e7:0x89912fca6ee383ab!8m2!3d-22.608008!4d-47.4218348!16s%2Fg%2F11hj9lddrh!19sChIJ52b1tZeByJQRq4PjbsovkYk?authuser=0&hl=pt-BR&g_ep=EgoyMDI2MDkzMC4wIJJjKgBIAVAD&rclk=1;31
Anel 3;Piracicaba/SP;Rigava Comércio de Materiais Elétricos;(19) 3413-1911;;;http://www.rigavacomercio.com.br/;https://www.google.com/maps/place/Rigava+Com%C3%A9rcio+de+Materiais+El%C3%A9tricos/data=!4m7!3m6!1s0x94c6310120c64ce5:0x195b6e13aeb5ad45!8m2!3d-22.7075762!4d-47.6573049!16s%2Fg%2F1ptvtly42!19sChIJ5UzGIAExxpQRRa21rhNuWxk?authuser=0&hl=pt-BR&g_ep=EgoyMDI2MDkzMC4wIJJjKgBIAVAD&rclk=1;31
Anel 3;Passos/MG;Emilio Materiais Eletricos;(35) 3522-0905;(35) 99135-5464;;https://clickdisk.com.br/telefone/passos-mg/emilio-materiais-eletricos | https://www.instagram.com/emilio_materiais_eletricos;https://www.google.com/maps/place/Emilio+Materiais+Eletricos/data=!4m7!3m6!1s0x94b6c23074c6ba69:0x106523893f9a9e6!8m2!3d-20.7309037!4d-46.6042903!16s%2Fg%2F11g9dh6nb4!19sChIJabrGdDDCtpQR5qn5kzhSBgE?authuser=0&hl=pt-BR&g_ep=EgoyMDI2MDkzMC4wIJJjKgBIAVAD&rclk=1;31
Anel 3;Barretos/SP;Eletro Marcos;(17) 3324-6707;;;;https://www.google.com/maps/place/Eletro+Marcos/data=!4m7!3m6!1s0x94bb854c8ee8bcbb:0x4450b3aadc7347db!8m2!3d-20.5510033!4d-48.56469!16s%2Fg%2F11h_mrwd4k!19sChIJu7zojkyFu5QR20dz3KqzUEQ?authuser=0&hl=pt-BR&g_ep=EgoyMDI2MDkzMC4wIJJjKgBIAVAD&rclk=1;30
Anel 3;Leme/SP;MANTOAN ECO ENERGY - ENERGIA SOLAR;;(19) 99934-8008;;https://www.instagram.com/mantoanservicoseletricos?igsh=MTJ4djZ3aHd6Y2Q0cA==;https://www.google.com/maps/place/MANTOAN+ECO+ENERGY+-+ENERGIA+SOLAR/data=!4m7!3m6!1s0x94c80d50062a17a9:0xacf1f22a2e5d248!8m2!3d-22.1881838!4d-47.3688866!16s%2Fg%2F11xl9kx761!19sChIJqRcqBlANyJQRSNLloiIfzwo?authuser=0&hl=pt-BR&g_ep=EgoyMDI2MDkzMC4wIJJjKgBIAVAD&rclk=1;30
Anel 3;Leme/SP;Zeentec Eletronics;;(19) 97153-5857;;https://www.zeenteceletronics.com.br/;https://www.google.com/maps/place/Zeentec+Eletronics/data=!4m7!3m6!1s0x94c80b50ff3fbd3f:0x2a3e995f964daabf!8m2!3d-22.1971556!4d-47.3849789!16s%2Fg%2F11x5kn78ls!19sChIJP70__1ALyJQRv6pNll-ZPio?authuser=0&hl=pt-BR&g_ep=EgoyMDI2MDkzMC4wIJJjKgBIAVAD&rclk=1;30
Anel 3;Rio Claro/SP;Aqualuz Eletrica E Hidraulica;(19) 3534-8614;;;;https://www.google.com/maps/place/Aqualuz+Eletrica+E+Hidraulica/data=!4m7!3m6!1s0x94c7db13c6276ec9:0x819d021d93fc9b4e!8m2!3d-22.3920378!4d-47.5796802!16s%2Fg%2F11cs5mslcx!19sChIJyW4nxhPbx5QRTpv8kx0CnYE?authuser=0&hl=pt-BR&g_ep=EgoyMDI2MDkzMC4wIJJjKgBIAVAD&rclk=1;30
Anel 3;Rio Claro/SP;Oxirio Rio Claro;(19) 3522-4055;(19) 99626-5217;oxirio@uol.com.br;https://oxirio.com.br/ | https://www.instagram.com/oxirio;https://www.google.com/maps/place/Oxirio+Rio+Claro/data=!4m7!3m6!1s0x94c7dbfab221720d:0xdd0c271c7d82b45e!8m2!3d-22.4200078!4d-47.5662519!16s%2Fg%2F11fb397kv2!19sChIJDXIhsvrbx5QRXrSCfRwnDN0?authuser=0&hl=pt-BR&g_ep=EgoyMDI2MDkzMC4wIJJjKgBIAVAD&rclk=1;30
Anel 3;Poços de Caldas/MG;Casa do Eletricista;(35) 3114-7703;;;;https://www.google.com/maps/place/Casa+do+Eletricista/data=!4m7!3m6!1s0x94c9db8c000905cf:0x79cd2c9324da5963!8m2!3d-21.787825!4d-46.598667!16s%2Fg%2F11lgrxkmj6!19sChIJzwUJAIzbyZQRY1naJJMszXk?authuser=0&hl=pt-BR&g_ep=EgoyMDI2MDkzMC4wIJJjKgBIAVAD&rclk=1;30
Anel 3;Barretos/SP;Eletrocom Elétrica e Iluminação - Materiais Elétricos em Barretos;(17) 3322-4769;;;https://pt-br.facebook.com/eletrocombarretossp/;https://www.google.com/maps/place/Eletrocom+El%C3%A9trica+e+Ilumina%C3%A7%C3%A3o+-+Materiais+El%C3%A9tricos+em+Barretos/data=!4m7!3m6!1s0x94bb851c7183c307:0x47dd968401293c8c!8m2!3d-20.5555712!4d-48.5854067!16s%2Fg%2F11fz9y6cf4!19sChIJB8ODcRyFu5QRjDwpAYSW3Uc?authuser=0&hl=pt-BR&g_ep=EgoyMDI2MDkzMC4wIJJjKgBIAVAD&rclk=1;29
Anel 3;Pirassununga/SP;Vesper Iluminação;;(19) 99757-0189;;http://vesperiluminacao.com.br/;https://www.google.com/maps/place/Vesper+Ilumina%C3%A7%C3%A3o/data=!4m7!3m6!1s0x94b803cc843687e9:0x8ffdffc51c2df0a1!8m2!3d-22.030065!4d-47.417061!16s%2Fg%2F11f04dbbpq!19sChIJ6Yc2hMwDuJQRofAtHMX__Y8?authuser=0&hl=pt-BR&g_ep=EgoyMDI2MDkzMC4wIJJjKgBIAVAD&rclk=1;29
Anel 3;São Sebastião do Paraíso/MG;Iluminar Materiais Elétricos;(35) 3531-1865;;;;https://www.google.com/maps/place/Iluminar+Materiais+El%C3%A9tricos/data=!4m7!3m6!1s0x94b717e889c314b7:0x37f8a91bfdd7a106!8m2!3d-20.9207959!4d-46.9895254!16s%2Fg%2F11w3h74yfq!19sChIJtxTDiegXt5QRBqHX_Rup-Dc?authuser=0&hl=pt-BR&g_ep=EgoyMDI2MDkzMC4wIJJjKgBIAVAD&rclk=1;29
Anel 3;Passos/MG;Sistema Materiais Elétricos;(35) 3522-8494;(35) 98854-4570;;https://www.clickdisk.com.br/telefone/passos-mg/-sistema-materiais-eletricos | https://www.instagram.com/sistemamateriais04;https://www.google.com/maps/place/Sistema+Materiais+El%C3%A9tricos/data=!4m7!3m6!1s0x94b6c2319d64b0dd:0x52aa866aa652a060!8m2!3d-20.7274093!4d-46.6054468!16s%2Fg%2F11pz13dhsl!19sChIJ3bBknTHCtpQRYKBSpmqGqlI?authuser=0&hl=pt-BR&g_ep=EgoyMDI2MDkzMC4wIJJjKgBIAVAD&rclk=1;29
Anel 3;Poços de Caldas/MG;Caldense Led Iluminação;(35) 3064-6373;;;https://caldenseled.com.br/;https://www.google.com/maps/place/Caldense+Led+Ilumina%C3%A7%C3%A3o/data=!4m7!3m6!1s0x94c9dd7670d54627:0xf571855d4e52f61e!8m2!3d-21.7848261!4d-46.5501577!16s%2Fg%2F11j5dd33vp!19sChIJJ0bVcHbdyZQRHvZSTl2FcfU?authuser=0&hl=pt-BR&g_ep=EgoyMDI2MDkzMC4wIJJjKgBIAVAD&rclk=1;29
Anel 3;Barretos/SP;Eletro Baroni;;(17) 99116-1224;;http://contate.me/eletrobaroni;https://www.google.com/maps/place/Eletro+Baroni/data=!4m7!3m6!1s0x94bb85b8874d7cb1:0xee4082c2b901e7e0!8m2!3d-20.5564566!4d-48.5807935!16s%2Fg%2F11vs_xd_hy!19sChIJsXxNh7iFu5QR4OcBucKCQO4?authuser=0&hl=pt-BR&g_ep=EgoyMDI2MDkzMC4wIJJjKgBIAVAD&rclk=1;28
Anel 3;Piracicaba/SP;Vetek Material Elétrico;(19) 3412-1444;(19) 99795-0767;;http://www.vetek.com.br/ | https://www.instagram.com/vetekeletricidade;https://www.google.com/maps/place/Vetek+Material+El%C3%A9trico/data=!4m7!3m6!1s0x94c63238f7dbd097:0x699b6a679e1aad2a!8m2!3d-22.6779112!4d-47.6333793!16s%2Fg%2F1s04cd9pr!19sChIJl9Db9zgyxpQRKq0anmdqm2k?authuser=0&hl=pt-BR&g_ep=EgoyMDI2MDkzMC4wIJJjKgBIAVAD&rclk=1;28
Anel 3;São José do Rio Preto/SP;Gambero Materiais Elétricos;(17) 3221-9451;(17) 3221-9451;;https://api.whatsapp.com/send?phone=551732219451 | https://www.instagram.com/whatsapp;https://www.google.com/maps/place/Gambero+Materiais+El%C3%A9tricos/data=!4m7!3m6!1s0x94bdadad87e59631:0xed9a9c8af7e3298!8m2!3d-20.781837!4d-49.3684784!16s%2Fg%2F11gmy4c76h!19sChIJMZblh62tvZQRmDJ-r8ip2Q4?authuser=0&hl=pt-BR&g_ep=EgoyMDI2MDkzMC4wIJJjKgBIAVAD&rclk=1;27
Anel 3;Porto Ferreira/SP;Toni Tem;(19) 3585-4673;;;https://www.instagram.com/tonitempf/;https://www.google.com/maps/place/Toni+Tem/data=!4m7!3m6!1s0x94b803cda164b7b5:0xad332c7dd31239d6!8m2!3d-21.862283!4d-47.4875671!16s%2Fg%2F11sfb0b60h!19sChIJtbdkoc0DuJQR1jkS030sM60?authuser=0&hl=pt-BR&g_ep=EgoyMDI2MDkzMC4wIJJjKgBIAVAD&rclk=1;27
Anel 3;Rio Claro/SP;Elétrica Garcia;(19) 3557-6757;;;;https://www.google.com/maps/place/El%C3%A9trica+Garcia/data=!4m7!3m6!1s0x94c7db015fb3c111:0x3410235e5c417ef8!8m2!3d-22.4018268!4d-47.5715179!16s%2Fg%2F1tfrhwjc!19sChIJEcGzXwHbx5QR-H5BXF4jEDQ?authuser=0&hl=pt-BR&g_ep=EgoyMDI2MDkzMC4wIJJjKgBIAVAD&rclk=1;27
Anel 3;Poços de Caldas/MG;Eletrochoque Materiais Elétricos;(35) 3714-2098;(35) 98847-2595;;https://www.clickdisk.com.br/telefone/pocos-de-caldas-mg/eletrochoque-materiais-eletricos | https://www.instagram.com/eletrochoquepocos;https://www.google.com/maps/place/Eletrochoque+Materiais+El%C3%A9tricos/data=!4m7!3m6!1s0x94c9dc86259bc6f7:0x7516044aab6ada4d!8m2!3d-21.7821898!4d-46.5843279!16s%2Fg%2F1tc_0mlr!19sChIJ98abJYbcyZQRTdpqq0oEFnU?authuser=0&hl=pt-BR&g_ep=EgoyMDI2MDkzMC4wIJJjKgBIAVAD&rclk=1;27
Anel 3;Barretos/SP;O Mundo dos Eletrônicos;;(17) 99670-3652;;https://omundodoseletronicos.smartpos.app/;https://www.google.com/maps/place/O+Mundo+dos+Eletr%C3%B4nicos/data=!4m7!3m6!1s0x94bb9b48a7b83f5d:0x2d9065150dc98344!8m2!3d-20.5324322!4d-48.5599886!16s%2Fg%2F11lnvlyf65!19sChIJXT-4p0ibu5QRRIPJDRVlkC0?authuser=0&hl=pt-BR&g_ep=EgoyMDI2MDkzMC4wIJJjKgBIAVAD&rclk=1;26
Anel 3;Catanduva/SP;Laranja Led - Iluminação e Material Elétrico;;(17) 99154-9110;;https://www.instagram.com/laranjaledcatanduva/;https://www.google.com/maps/place/Laranja+Led+-+Ilumina%C3%A7%C3%A3o+e+Material+El%C3%A9trico/data=!4m7!3m6!1s0x94bc1f9cb2cf3b17:0x415cd58bf80631db!8m2!3d-21.1236139!4d-48.9674448!16s%2Fg%2F11sv57y8kx!19sChIJFzvPspwfvJQR2zEG-IvVXEE?authuser=0&hl=pt-BR&g_ep=EgoyMDI2MDkzMC4wIJJjKgBIAVAD&rclk=1;26
Anel 3;Potirendaba/SP;TCM Atacadista - Materiais Elétricos;;(17) 98204-0959;;http://www.tcmatacadista.com.br/;https://www.google.com/maps/place/TCM+Atacadista+-+Materiais+El%C3%A9tricos/data=!4m7!3m6!1s0x94bdcd2f0ac513ed:0x2123665a8c1c2020!8m2!3d-21.0526053!4d-49.3710814!16s%2Fg%2F11v67mq9b3!19sChIJ7RPFCi_NvZQRICAcjFpmIyE?authuser=0&hl=pt-BR&g_ep=EgoyMDI2MDkzMC4wIJJjKgBIAVAD&rclk=1;26
Anel 3;Porto Ferreira/SP;Supershopping Elétrico;(19) 3581-4900;(19) 3581-4900;contato@shoppingeletrico.com.br;http://www.shoppingeletrico.com.br/ | https://www.instagram.com/supershoppingeletrico;https://www.google.com/maps/place/Supershopping+El%C3%A9trico/data=!4m7!3m6!1s0x94ce5ca6783ed955:0xe9da6f3eb9cb3755!8m2!3d-21.8583335!4d-47.4883422!16s%2Fg%2F1tcvv_61!19sChIJVdk-eKZczpQRVTfLuT5v2uk?authuser=0&hl=pt-BR&g_ep=EgoyMDI2MDkzMC4wIJJjKgBIAVAD&rclk=1;26
Anel 3;Araras/SP;Eletro Perez Araras;(19) 3541-7020;(19) 99909-9937;;http://eletroperez.com.br/ | https://www.instagram.com/eletroperez;https://www.google.com/maps/place/Eletro+Perez+Araras/data=!4m7!3m6!1s0x94c877890a418a27:0x9e09ac4cad5a5c58!8m2!3d-22.356252!4d-47.3907378!16s%2Fg%2F11y6gc8y4j!19sChIJJ4pBCol3yJQRWFxarUysCZ4?authuser=0&hl=pt-BR&g_ep=EgoyMDI2MDkzMC4wIJJjKgBIAVAD&rclk=1;26
Anel 3;Piracicaba/SP;Distribuidora de Segurança Eletronica e Automação Eletronica;;(19) 98906-8731;;;https://www.google.com/maps/place/Distribuidora+de+Seguran%C3%A7a+Eletronica+e+Automa%C3%A7%C3%A3o+Eletronica/data=!4m7!3m6!1s0x94c631b89c11feb3:0x3c29792d50e19356!8m2!3d-22.7369494!4d-47.6569178!16s%2Fg%2F11h8qyjvqc!19sChIJs_4RnLgxxpQRVpPhUC15KTw?authuser=0&hl=pt-BR&g_ep=EgoyMDI2MDkzMC4wIJJjKgBIAVAD&rclk=1;26
Anel 3;Catanduva/SP;ARME Sistemas de Segurança e Informática;(17) 3524-1605;;;http://www.armesistemas.com.br/ | https://www.instagram.com/armesistemas;https://www.google.com/maps/place/ARME+Sistemas+de+Seguran%C3%A7a+e+Inform%C3%A1tica/data=!4m7!3m6!1s0x94bc1e5e369f2e2f:0x7ffa0bd3c9574d64!8m2!3d-21.1136511!4d-48.9655797!16s%2Fg%2F11fy4fsknx!19sChIJLy6fNl4evJQRZE1XydML-n8?authuser=0&hl=pt-BR&g_ep=EgoyMDI2MDkzMC4wIJJjKgBIAVAD&rclk=1;25
Anel 3;São José do Rio Preto/SP;Rwm Materiais Elétricos;(17) 3512-1838;;;;https://www.google.com/maps/place/Rwm+Materiais+El%C3%A9tricos/data=!4m7!3m6!1s0x94bdb2c886099d5d:0xe5e2586ef34401!8m2!3d-20.8404376!4d-49.3768938!16s%2Fg%2F11c1xjbs6q!19sChIJXZ0JhsiyvZQRAUTzblji5QA?authuser=0&hl=pt-BR&g_ep=EgoyMDI2MDkzMC4wIJJjKgBIAVAD&rclk=1;25
Anel 3;Porto Ferreira/SP;Cergon Automação Industrial;(19) 3585-2997;;;http://www.cergon.com.br/;https://www.google.com/maps/place/Cergon+Automa%C3%A7%C3%A3o+Industrial/data=!4m7!3m6!1s0x94b8023459f07437:0x7f4f19438b659218!8m2!3d-21.8640833!4d-47.4746384!16s%2Fg%2F11h0yk0t3!19sChIJN3TwWTQCuJQRGJJli0MZT38?authuser=0&hl=pt-BR&g_ep=EgoyMDI2MDkzMC4wIJJjKgBIAVAD&rclk=1;25
Anel 3;Limeira/SP;BSE Painéis Elétricos;(19) 4103-4112;(19) 4103-4112;vendas@bsepaineis.com.br;http://www.bsepaineis.com.br/ | https://www.instagram.com/bsepaineis;https://www.google.com/maps/place/BSE+Pain%C3%A9is+El%C3%A9tricos/data=!4m7!3m6!1s0x94c62aa25b95da93:0x234c1e150e32d8fc!8m2!3d-22.568442!4d-47.473273!16s%2Fg%2F11f03wcvct!19sChIJk9qVW6IqxpQR_NgyDhUeTCM?authuser=0&hl=pt-BR&g_ep=EgoyMDI2MDkzMC4wIJJjKgBIAVAD&rclk=1;25
Anel 3;Piracicaba/SP;3S Eletricidade Ltda;(19) 3426-3190;;comercial@3seletricidade.com.br;http://www.3seletricidade.com.br/ | http://instagram.com/3seletricidade;https://www.google.com/maps/place/3S+Eletricidade+Ltda/data=!4m7!3m6!1s0x94c6319c332c4471:0xf426e049db04bc39!8m2!3d-22.7556991!4d-47.6313418!16s%2Fg%2F11q367vh8q!19sChIJcUQsM5wxxpQRObwE20ngJvQ?authuser=0&hl=pt-BR&g_ep=EgoyMDI2MDkzMC4wIJJjKgBIAVAD&rclk=1;25
Anel 3;Piracicaba/SP;Norgren Brasil - ZS Comercial;(19) 3421-6459;(19) 99756-6976;vendas@zscomercial.com.br;https://www.zscomercial.com.br/ | https://www.instagram.com/zscomercial;https://www.google.com/maps/place/Norgren+Brasil+-+ZS+Comercial/data=!4m7!3m6!1s0x94c631707a6194c3:0x3e6aced01c57c7cd!8m2!3d-22.7114222!4d-47.6535903!16s%2Fg%2F1td4_zlj!19sChIJw5RhenAxxpQRzcdXHNDOaj4?authuser=0&hl=pt-BR&g_ep=EgoyMDI2MDkzMC4wIJJjKgBIAVAD&rclk=1;25
Anel 3;Piracicaba/SP;Q Luz - Transformadores;(19) 3433-2526;;;http://qluz.com.br/;https://www.google.com/maps/place/Q+Luz+-+Transformadores/data=!4m7!3m6!1s0x94c631357ddef747:0x927b0628937f8c6b!8m2!3d-22.740616!4d-47.7077776!16s%2Fg%2F11shcwmj_1!19sChIJR_fefTUxxpQRa4x_kygGe5I?authuser=0&hl=pt-BR&g_ep=EgoyMDI2MDkzMC4wIJJjKgBIAVAD&rclk=1;25
Anel 3;São Sebastião do Paraíso/MG;Instaladora Asa ( Masa materiais eletricos );(35) 3531-6875;;;;https://www.google.com/maps/place/Instaladora+Asa+%28+Masa+materiais+eletricos+%29/data=!4m7!3m6!1s0x94b7182a9d64c5af:0xddc724bcbc97bd5a!8m2!3d-20.9128764!4d-46.9802692!16s%2Fg%2F1tfwfln0!19sChIJr8VknSoYt5QRWr2XvLwkx90?authuser=0&hl=pt-BR&g_ep=EgoyMDI2MDkzMC4wIJJjKgBIAVAD&rclk=1;25
Anel 3;Araras/SP;Energiseg;(19) 3541-8884;;;http://www.energiseg.com.br/;https://www.google.com/maps/place/Energiseg/data=!4m7!3m6!1s0x94c8773c2ea05c7d:0xe309a0dafc7c299!8m2!3d-22.3599134!4d-47.3874482!16s%2Fg%2F11bzwpknmg!19sChIJfVygLjx3yJQRmcLHrw2aMA4?authuser=0&hl=pt-BR&g_ep=EgoyMDI2MDkzMC4wIJJjKgBIAVAD&rclk=1;24
Anel 3;Rio Claro/SP;Caraça Comércio de Equipamentos Eletrônicos Ltda;(19) 3533-8154;;;;https://www.google.com/maps/place/Cara%C3%A7a+Com%C3%A9rcio+de+Equipamentos+Eletr%C3%B4nicos+Ltda/data=!4m7!3m6!1s0x94c7db55bd88b633:0xb6e7095fc3407c9e!8m2!3d-22.4075571!4d-47.573385!16s%2Fg%2F11pv6bkhsb!19sChIJM7aIvVXbx5QRnnxAw18J57Y?authuser=0&hl=pt-BR&g_ep=EgoyMDI2MDkzMC4wIJJjKgBIAVAD&rclk=1;24
Anel 3;Limeira/SP;Migratio Gestão e Comercialização de Energia Elétrica;(19) 3701-3476;(19) 3701-3476;;http://www.migratio.com.br/ | https://www.instagram.com/migratio_energia;https://www.google.com/maps/place/Migratio+Gest%C3%A3o+e+Comercializa%C3%A7%C3%A3o+de+Energia+El%C3%A9trica/data=!4m7!3m6!1s0x94c880f40e9d6669:0x1f7e3234fd02b50e!8m2!3d-22.566879!4d-47.405349!16s%2Fg%2F11cl_4lnk3!19sChIJaWadDvSAyJQRDrUC_TQyfh8?authuser=0&hl=pt-BR&g_ep=EgoyMDI2MDkzMC4wIJJjKgBIAVAD&rclk=1;24
Anel 3;Limeira/SP;Comercial Pereira & Lago | Torneiras Lampadas de Led Ferramentas;;(19) 99705-8695;;https://www.facebook.com/comercialpereiraelago/;https://www.google.com/maps/place/Comercial+Pereira+%26+Lago+%7C+Torneiras+Lampadas+de+Led+Ferramentas/data=!4m7!3m6!1s0x94c8819f2f152bb1:0x85c2d459365082cd!8m2!3d-22.6063088!4d-47.414197!16s%2Fg%2F11gcz3htj0!19sChIJsSsVL5-ByJQRzYJQNlnUwoU?authuser=0&hl=pt-BR&g_ep=EgoyMDI2MDkzMC4wIJJjKgBIAVAD&rclk=1;24
Anel 3;Piracicaba/SP;AMAN Elétrica e Hidráulica;;(19) 99867-8447;vendas1@amaneletrica.com.br;https://amaneletrica.com.br/ | https://www.instagram.com/amaneletricahidraulica;https://www.google.com/maps/place/AMAN+El%C3%A9trica+e+Hidr%C3%A1ulica/data=!4m7!3m6!1s0x94c63133b575d977:0xfbd373647d3ebc96!8m2!3d-22.7421251!4d-47.6257096!16s%2Fg%2F11z6qp6bgk!19sChIJd9l1tTMxxpQRlrw-fWRz0_s?authuser=0&hl=pt-BR&g_ep=EgoyMDI2MDkzMC4wIJJjKgBIAVAD&rclk=1;24
Anel 3;Pirassununga/SP;EDL Soluções Elétricas;;(19) 99875-5353;;;https://www.google.com/maps/place/EDL+Solu%C3%A7%C3%B5es+El%C3%A9tricas/data=!4m7!3m6!1s0x94c801202110eed9:0x946bbed62ac76cd5!8m2!3d-22.0021589!4d-47.4294596!16s%2Fg%2F11vqtymc_j!19sChIJ2e4QISAByJQR1WzHKta-a5Q?authuser=0&hl=pt-BR&g_ep=EgoyMDI2MDkzMC4wIJJjKgBIAVAD&rclk=1;23
Anel 3;Passos/MG;Sollares Materiais Elétricos ( Terra Silva );(35) 3521-6545;(35) 99770-3558;;https://www.clickdisk.com.br/telefone/passos-mg/--sollares-materiais-eletricos | https://www.instagram.com/sollareseletrica;https://www.google.com/maps/place/Sollares+Materiais+El%C3%A9tricos+%28+Terra+Silva+%29/data=!4m7!3m6!1s0x94b6c2313f453005:0x37b10e789bb1fc22!8m2!3d-20.7301919!4d-46.6055052!16s%2Fg%2F11clv5zcls!19sChIJBTBFPzHCtpQRIvyxm3gOsTc?authuser=0&hl=pt-BR&g_ep=EgoyMDI2MDkzMC4wIJJjKgBIAVAD&rclk=1;23
Anel 3;Passos/MG;Distripeças Passos Distribuidora de Peças Elétricas Automotivas;(35) 3526-9092;;;;https://www.google.com/maps/place/Distripe%C3%A7as+Passos+Distribuidora+de+Pe%C3%A7as+El%C3%A9tricas+Automotivas/data=!4m7!3m6!1s0x94b6c231a5cb93a1:0xdbe36a67bf2237b2!8m2!3d-20.7281388!4d-46.6052693!16s%2Fg%2F12hph_q62!19sChIJoZPLpTHCtpQRsjciv2dq49s?authuser=0&hl=pt-BR&g_ep=EgoyMDI2MDkzMC4wIJJjKgBIAVAD&rclk=1;23
Anel 3;Poços de Caldas/MG;Poçostel Materiais Elétricos, Telecomunicações e Automatizações;(35) 3722-3338;;;https://www.instagram.com/pocostel/;https://www.google.com/maps/place/Po%C3%A7ostel+Materiais+El%C3%A9tricos,+Telecomunica%C3%A7%C3%B5es+e+Automatiza%C3%A7%C3%B5es/data=!4m7!3m6!1s0x94c9dce69c26acc9:0xcb5d822fbce92d93!8m2!3d-21.7860778!4d-46.5609765!16s%2Fg%2F1tx1v967!19sChIJyawmnObcyZQRky3pvC-CXcs?authuser=0&hl=pt-BR&g_ep=EgoyMDI2MDkzMC4wIJJjKgBIAVAD&rclk=1;23
Anel 3;Catanduva/SP;Wesa Motores;(17) 3523-2019;;;;https://www.google.com/maps/place/Wesa+Motores/data=!4m7!3m6!1s0x94bc1e869d873ded:0xe17dcef4c1f3ba6!8m2!3d-21.1242721!4d-48.9673055!16s%2Fg%2F11bw7czst8!19sChIJ7T2HnYYevJQRpjsfTO_cFw4?authuser=0&hl=pt-BR&g_ep=EgoyMDI2MDkzMC4wIJJjKgBIAVAD&rclk=1;22
Anel 3;Limeira/SP;Elétrica Orbital;;(19) 98313-0179;;;https://www.google.com/maps/place/El%C3%A9trica+Orbital/data=!4m7!3m6!1s0x94c881002128b67d:0xd2aedfac62508b4f!8m2!3d-22.5581944!4d-47.3837494!16s%2Fg%2F11w9gtk5gt!19sChIJfbYoIQCByJQRT4tQYqzfrtI?authuser=0&hl=pt-BR&g_ep=EgoyMDI2MDkzMC4wIJJjKgBIAVAD&rclk=1;22
Anel 3;Piracicaba/SP;Eletro Vila;(19) 3421-7221;;;;https://www.google.com/maps/place/Eletro+Vila/data=!4m7!3m6!1s0x1561c7393058c2f:0x9289128330becd2c!8m2!3d-22.7083558!4d-47.6539158!16s%2Fg%2F11b7gvjq5h!19sChIJL4wFk3McVgERLM2-MIMSiZI?authuser=0&hl=pt-BR&g_ep=EgoyMDI2MDkzMC4wIJJjKgBIAVAD&rclk=1;22
Anel 3;Piracicaba/SP;PPA PAULISTA;;(19) 97129-7419;;http://www.ppapaulista.com.br/;https://www.google.com/maps/place/PPA+PAULISTA/data=!4m7!3m6!1s0x94c63119611ccae9:0x7c36f0ac52b79676!8m2!3d-22.7391818!4d-47.6580213!16s%2Fg%2F11fjymv2zt!19sChIJ6cocYRkxxpQRdpa3UqzwNnw?authuser=0&hl=pt-BR&g_ep=EgoyMDI2MDkzMC4wIJJjKgBIAVAD&rclk=1;22
Anel 3;Poços de Caldas/MG;Choque Iluminação - Materiais Elétricos;(35) 3721-7636;(35) 99198-2853;;https://www.clickdisk.com.br/telefone/pocos-de-caldas-mg/choque-iluminacao;https://www.google.com/maps/place/Choque+Ilumina%C3%A7%C3%A3o+-+Materiais+El%C3%A9tricos/data=!4m7!3m6!1s0x94c9dce678f814e1:0xe151f29ef95dc391!8m2!3d-21.786269!4d-46.5619707!16s%2Fg%2F11bzx2l5xq!19sChIJ4RT4eObcyZQRkcNd-Z7yUeE?authuser=0&hl=pt-BR&g_ep=EgoyMDI2MDkzMC4wIJJjKgBIAVAD&rclk=1;22
Anel 3;Catanduva/SP;Grupo Infoeng Soluções Integradas;(17) 3531-1080;;automacao@infoeng.com.br;http://www.infoeng.com.br/ | https://www.instagram.com/grupoinfoeng;https://www.google.com/maps/place/Grupo+Infoeng+Solu%C3%A7%C3%B5es+Integradas/data=!4m7!3m6!1s0x94bc1e6e6ae2ac35:0x2021ea241288869f!8m2!3d-21.107399!4d-48.9582257!16s%2Fg%2F1ptwy5jck!19sChIJNaziam4evJQRn4aIEiTqISA?authuser=0&hl=pt-BR&g_ep=EgoyMDI2MDkzMC4wIJJjKgBIAVAD&rclk=1;21
Anel 3;Catanduva/SP;Nova Trida - Tecnologia e Suprimento para Empresas;(17) 3524-1593;;;;https://www.google.com/maps/place/Nova+Trida+-+Tecnologia+e+Suprimento+para+Empresas/data=!4m7!3m6!1s0x94bc1ff4c54f7195:0xbef60c27d7a71f36!8m2!3d-21.138013!4d-48.9835821!16s%2Fg%2F11tfv4hhz7!19sChIJlXFPxfQfvJQRNh-n1ycM9r4?authuser=0&hl=pt-BR&g_ep=EgoyMDI2MDkzMC4wIJJjKgBIAVAD&rclk=1;21
Anel 3;Pirassununga/SP;Tic Toc Materiais Elétricos e Hidráulicos;;(19) 99882-1322;;;https://www.google.com/maps/place/Tic+Toc+Materiais+El%C3%A9tricos+e+Hidr%C3%A1ulicos/data=!4m7!3m6!1s0x94c801870f810a01:0xe547a098e2d703dd!8m2!3d-21.978953!4d-47.4298894!16s%2Fg%2F11r34r9t8z!19sChIJAQqBD4cByJQR3QPX4pigR-U?authuser=0&hl=pt-BR&g_ep=EgoyMDI2MDkzMC4wIJJjKgBIAVAD&rclk=1;21
Anel 3;Leme/SP;Auto Elétrica e Casa das Baterias N.S. Aparecida;(19) 3571-3354;;;https://autoeletricabateriaemleme.com.br/;https://www.google.com/maps/place/Auto+El%C3%A9trica+e+Casa+das+Baterias+N.S.+Aparecida/data=!4m7!3m6!1s0x94c80b0a1ca580fd:0xeba86488f4f9d3f2!8m2!3d-22.1786685!4d-47.3829999!16s%2Fg%2F11jg16t2gr!19sChIJ_YClHAoLyJQR8tP59IhkqOs?authuser=0&hl=pt-BR&g_ep=EgoyMDI2MDkzMC4wIJJjKgBIAVAD&rclk=1;21
Anel 3;Rio Claro/SP;Eletro Junior ME;(19) 3596-1419;;;https://www.eletrojuniorme.com.br/;https://www.google.com/maps/place/Eletro+Junior+ME/data=!4m7!3m6!1s0x94c7dbb11ee4bdf7:0xde0c536412a006be!8m2!3d-22.3932352!4d-47.553835!16s%2Fg%2F11c6f1sj3y!19sChIJ973kHrHbx5QRvgagEmRTDN4?authuser=0&hl=pt-BR&g_ep=EgoyMDI2MDkzMC4wIJJjKgBIAVAD&rclk=1;21
Anel 3;Poços de Caldas/MG;ELETRICA RAMOS - Projetos e consultoria de Iluminação, materiais elétrico, automação, luminárias e led;(35) 3722-3191;;;https://eletricaramos.com/;https://www.google.com/maps/place/ELETRICA+RAMOS+-+Projetos+e+consultoria+de+Ilumina%C3%A7%C3%A3o,+materiais+el%C3%A9trico,+automa%C3%A7%C3%A3o,+lumin%C3%A1rias+e+led/data=!4m7!3m6!1s0x94c9dd0053680f77:0xceb861208b33d6b7!8m2!3d-21.7862279!4d-46.5743439!16s%2Fg%2F11wc1zxmnx!19sChIJdw9oUwDdyZQRt9YziyBhuM4?authuser=0&hl=pt-BR&g_ep=EgoyMDI2MDkzMC4wIJJjKgBIAVAD&rclk=1;21
Anel 3;Barretos/SP;Eletro Cidade de Barretos Ltda;(17) 3321-1600;;;http://eletrocidade.com.br/;https://www.google.com/maps/place/Eletro+Cidade+de+Barretos+Ltda/data=!4m7!3m6!1s0x94bb8523ae7f0775:0x6ad87d71b3b3c616!8m2!3d-20.5641912!4d-48.5651724!16s%2Fg%2F11ckqrnltm!19sChIJdQd_riOFu5QRFsazs3F92Go?authuser=0&hl=pt-BR&g_ep=EgoyMDI2MDkzMC4wIJJjKgBIAVAD&rclk=1;20
Anel 3;Barretos/SP;MF Materiais Elétricos & Locações Geradores;(17) 3324-2526;(17) 99748-3032;contato@mfmateriaiseletricossp.com.br;https://mfmateriaiseletricossp.com.br/;https://www.google.com/maps/place/MF+Materiais+El%C3%A9tricos+%26+Loca%C3%A7%C3%B5es+Geradores/data=!4m7!3m6!1s0x94bb85640715e6e3:0x2b34c1a05a557382!8m2!3d-20.5533657!4d-48.5846596!16s%2Fg%2F11gh888bxt!19sChIJ4-YVB2SFu5QRgnNVWqDBNCs?authuser=0&hl=pt-BR&g_ep=EgoyMDI2MDkzMC4wIJJjKgBIAVAD&rclk=1;20
Anel 3;São José do Rio Preto/SP;Via Led Materiais Elétricos e Iluminação;;(17) 99749-0196;;;https://www.google.com/maps/place/Via+Led+Materiais+El%C3%A9tricos+e+Ilumina%C3%A7%C3%A3o/data=!4m7!3m6!1s0x94bdadeb938aac25:0xe5d9971db28337e1!8m2!3d-20.8208455!4d-49.3655178!16s%2Fg%2F11lfbpnxvb!19sChIJJayKk-utvZQR4TeDsh2X2eU?authuser=0&hl=pt-BR&g_ep=EgoyMDI2MDkzMC4wIJJjKgBIAVAD&rclk=1;20
Anel 3;Araras/SP;Coghi Materiais Elétricos e Eletrônicos;(19) 3544-6687;55019971102446;;https://www.goldlinks.com.br/listing/eletricas-em-araras-sp.html | https://www.instagram.com/grupo.goldlinks;https://www.google.com/maps/place/Coghi+Materiais+El%C3%A9tricos+e+Eletr%C3%B4nicos/data=!4m7!3m6!1s0x94c877235859c369:0x4934719636f427ec!8m2!3d-22.3542594!4d-47.3855599!16s%2Fg%2F11bwhb4r9v!19sChIJacNZWCN3yJQR7Cf0NpZxNEk?authuser=0&hl=pt-BR&g_ep=EgoyMDI2MDkzMC4wIJJjKgBIAVAD&rclk=1;20
Anel 3;Rio Claro/SP;Adil Martins Sistemas de Segurança e Elétrica;;(19) 97134-7743;contato@adilmartins.com.br;http://adilmartins.com.br/ | https://www.instagram.com/adil.martins;https://www.google.com/maps/place/Adil+Martins+Sistemas+de+Seguran%C3%A7a+e+El%C3%A9trica/data=!4m7!3m6!1s0x94c7daf5ed38f645:0x4b6f026154275a45!8m2!3d-22.4195407!4d-47.567543!16s%2Fg%2F11smrd7p56!19sChIJRfY47fXax5QRRVonVGECb0s?authuser=0&hl=pt-BR&g_ep=EgoyMDI2MDkzMC4wIJJjKgBIAVAD&rclk=1;20
Anel 3;Piracicaba/SP;Smart Eletric Eletricidade e Automação;;(19) 98119-3745;;;https://www.google.com/maps/place/Smart+Eletric+Eletricidade+e+Automa%C3%A7%C3%A3o/data=!4m7!3m6!1s0x94c6318a614279ab:0x7ecc7362f132fe1e!8m2!3d-22.7356141!4d-47.6517648!16s%2Fg%2F11fgkyqcqm!19sChIJq3lCYYoxxpQRHv4y8WJzzH4?authuser=0&hl=pt-BR&g_ep=EgoyMDI2MDkzMC4wIJJjKgBIAVAD&rclk=1;20
Anel 3;Piracicaba/SP;GE Distribuidora Auto Peças;(19) 3421-0290;(01) 99740-9545;contato@gedistpecas.com.br;http://gedistpecas.com.br/;https://www.google.com/maps/place/GE+Distribuidora+Auto+Pe%C3%A7as/data=!4m7!3m6!1s0x94c6316018f3eab9:0x4295a3766360e81a!8m2!3d-22.7051822!4d-47.6639359!16s%2Fg%2F11c5g_svkh!19sChIJuerzGGAxxpQRGuhgY3ajlUI?authuser=0&hl=pt-BR&g_ep=EgoyMDI2MDkzMC4wIJJjKgBIAVAD&rclk=1;20
Anel 3;Passos/MG;NewVision Automação Residencial;;(35) 99927-6803;;;https://www.google.com/maps/place/NewVision+Automa%C3%A7%C3%A3o+Residencial/data=!4m7!3m6!1s0x94b6c39c7502707b:0xfd072cb7d0c6610b!8m2!3d-20.7229164!4d-46.6046955!16s%2Fg%2F11hwmnxtms!19sChIJe3ACdZzDtpQRC2HG0LcsB_0?authuser=0&hl=pt-BR&g_ep=EgoyMDI2MDkzMC4wIJJjKgBIAVAD&rclk=1;20
Anel 3;São José do Rio Preto/SP;JF ELETRICA / São José do Rio preto sp Eletricista;;(17) 98108-7290;;https://wa.me/5517981087290%20link%20do%20whatsapp | https://www.instagram.com/whatsapp;https://www.google.com/maps/place/JF+ELETRICA+%2F+S%C3%A3o+Jos%C3%A9+do+Rio+preto+sp+Eletricista/data=!4m7!3m6!1s0x94bdad4d2797550f:0x86660df07883bd32!8m2!3d5.8100921!4d-6.9816556!16s%2Fg%2F11vzmmqq1b!19sChIJD1WXJ02tvZQRMr2DePANZoY?authuser=0&hl=pt-BR&g_ep=EgoyMDI2MDkzMC4wIJJjKgBIAVAD&rclk=1;19
Anel 3;Rio Claro/SP;Eletro Pucci;;(19) 99425-9260;;;https://www.google.com/maps/place/Eletro+Pucci/data=!4m7!3m6!1s0x94c7da522b69cd13:0xecb6985d3c52cc7c!8m2!3d-22.408404!4d-47.565101!16s%2Fg%2F11kzcg_v_0!19sChIJE81pK1Lax5QRfMxSPF2Ytuw?authuser=0&hl=pt-BR&g_ep=EgoyMDI2MDkzMC4wIJJjKgBIAVAD&rclk=1;19
Anel 3;Limeira/SP;Sin-Led Materias Elétricos;(19) 3702-2009;;contato@sin-led.com.br;http://www.sin-led.com.br/;https://www.google.com/maps/place/Sin-Led+Materias+El%C3%A9tricos/data=!4m7!3m6!1s0x94c880f9d5a03bd5:0x379b032a8845ffe3!8m2!3d-22.5732341!4d-47.4072448!16s%2Fg%2F11fylnhh7h!19sChIJ1Tug1fmAyJQR4_9FiCoDmzc?authuser=0&hl=pt-BR&g_ep=EgoyMDI2MDkzMC4wIJJjKgBIAVAD&rclk=1;19
Anel 3;Limeira/SP;Center Led Limeira;;(19) 98773-8508;;https://www.facebook.com/adrianomartins.dealmeida.9;https://www.google.com/maps/place/Center+Led+Limeira/data=!4m7!3m6!1s0x94c881568e938b2f:0x28adee70d0cc34ac!8m2!3d-22.6098209!4d-47.4226099!16s%2Fg%2F11hdh2x8p5!19sChIJL4uTjlaByJQRrDTM0HDurSg?authuser=0&hl=pt-BR&g_ep=EgoyMDI2MDkzMC4wIJJjKgBIAVAD&rclk=1;19
Anel 3;Poços de Caldas/MG;Casa São Jorge Materiais De Construção;(35) 3713-1350;(35) 3713-1350;;https://www.clickdisk.com.br/telefone/pocos-de-caldas-mg/casa-sao-jorge-materiais-de-construcao;https://www.google.com/maps/place/Casa+S%C3%A3o+Jorge+Materiais+De+Constru%C3%A7%C3%A3o/data=!4m7!3m6!1s0x94c9dd52544de9a5:0x543dbeaec8a7df53!8m2!3d-21.7879668!4d-46.5376352!16s%2Fg%2F11vm56jtgy!19sChIJpelNVFLdyZQRU9-nyK6-PVQ?authuser=0&hl=pt-BR&g_ep=EgoyMDI2MDkzMC4wIJJjKgBIAVAD&rclk=1;19
Anel 3;Poços de Caldas/MG;Embtech Tecnologia Embarcada SA;(35) 3722-7950;;;http://www.embtech.com.br/;https://www.google.com/maps/place/Embtech+Tecnologia+Embarcada+SA/data=!4m7!3m6!1s0x94c9db7eefbb393d:0x20b0c884f05119e!8m2!3d-21.7865017!4d-46.5968411!16s%2Fg%2F12jsc4yrx!19sChIJPTm7737byZQRnhEFT4gMCwI?authuser=0&hl=pt-BR&g_ep=EgoyMDI2MDkzMC4wIJJjKgBIAVAD&rclk=1;19
Anel 3;Catanduva/SP;Nortec Elétrica e Automação;(17) 3317-1640;(17) 99151-7243;nortec@norteceletrica.com.br;http://www.norteceletrica.com.br/ | http://www.instagram.com/nortec.ea;https://www.google.com/maps/place/Nortec+El%C3%A9trica+e+Automa%C3%A7%C3%A3o/data=!4m7!3m6!1s0x94bc1faa46b854ef:0xf89d9ac0fa2b85ec!8m2!3d-21.1414359!4d-49.0043149!16s%2Fg%2F11c0xpvbbl!19sChIJ71S4RqofvJQR7IUr-sCanfg?authuser=0&hl=pt-BR&g_ep=EgoyMDI2MDkzMC4wIJJjKgBIAVAD&rclk=1;18
Anel 3;Catanduva/SP;Vitalex Indústria de Aparelhos Eletrodomésticos Ltda;(17) 3531-1900;;;http://www.vitalex.com.br/ | https://www.instagram.com/reel/DctS0TfPT9d;https://www.google.com/maps/place/Vitalex+Ind%C3%BAstria+de+Aparelhos+Eletrodom%C3%A9sticos+Ltda/data=!4m7!3m6!1s0x94bc1e645293066d:0x172e3dfd8b2e7e07!8m2!3d-21.132908!4d-49.0018328!16s%2Fg%2F1tqtbsjc!19sChIJbQaTUmQevJQRB34ui_09Lhc?authuser=0&hl=pt-BR&g_ep=EgoyMDI2MDkzMC4wIJJjKgBIAVAD&rclk=1;18
Anel 3;Porto Ferreira/SP;Paco Iluminação Decorativa;;(19) 98387-4255;contato@pacoeletrica.com.br;http://www.pacoeletrica.com.br/ | https://www.instagram.com/pacolluz;https://www.google.com/maps/place/Paco+Ilumina%C3%A7%C3%A3o+Decorativa/data=!4m7!3m6!1s0x94b803d2ca78e88d:0x6677d415f87b49d7!8m2!3d-21.8703513!4d-47.4886707!16s%2Fg%2F11gfd2zbsz!19sChIJjeh4ytIDuJQR10l7-BXUd2Y?authuser=0&hl=pt-BR&g_ep=EgoyMDI2MDkzMC4wIJJjKgBIAVAD&rclk=1;18
Anel 3;Piracicaba/SP;ELETRO SANTA ROSA COMERCIO DE MATERIAIS ELETRICOS, HIDRAULICOS E ACESSORIOS;;(19) 98871-2139;;;https://www.google.com/maps/place/ELETRO+SANTA+ROSA+COMERCIO+DE+MATERIAIS+ELETRICOS,+HIDRAULICOS+E+ACESSORIOS/data=!4m7!3m6!1s0x94c6333193d181d5:0xc161b67cbd4e5ed5!8m2!3d-22.6821539!4d-47.6293087!16s%2Fg%2F11k9kzbp_8!19sChIJ1YHRkzEzxpQR1V5OvXy2YcE?authuser=0&hl=pt-BR&g_ep=EgoyMDI2MDkzMC4wIJJjKgBIAVAD&rclk=1;18
Anel 3;São Sebastião do Paraíso/MG;Electrum Antenas e Instalacoes;(35) 3558-4447;;;;https://www.google.com/maps/place/Electrum+Antenas+e+Instalacoes/data=!4m7!3m6!1s0x94b71799b63fce11:0xff227376efc78ecf!8m2!3d-20.9119994!4d-46.9971348!16s%2Fg%2F11bx7r4d_z!19sChIJEc4_tpkXt5QRz47H73ZzIv8?authuser=0&hl=pt-BR&g_ep=EgoyMDI2MDkzMC4wIJJjKgBIAVAD&rclk=1;18
Anel 3;Passos/MG;VagaLume Materiais Elétricos;(35) 3521-4725;;vagalume.orcamentos@yahoo.com.br;https://vagalumemateriaise.wixsite.com/vagalume;https://www.google.com/maps/place/VagaLume+Materiais+El%C3%A9tricos/data=!4m7!3m6!1s0x94b6c231474abe49:0xccdbfc42b37b6fa6!8m2!3d-20.7282761!4d-46.60702!16s%2Fg%2F11d_d9_qmx!19sChIJSb5KRzHCtpQRpm97s0L828w?authuser=0&hl=pt-BR&g_ep=EgoyMDI2MDkzMC4wIJJjKgBIAVAD&rclk=1;18
Anel 3;Catanduva/SP;Serv Seg Catanduva;(17) 3041-1351;;;https://www.serv-seg.com/;https://www.google.com/maps/place/Serv+Seg+Catanduva/data=!4m7!3m6!1s0x94bc1f565ec236df:0xc781b1ebc6ea68fb!8m2!3d-21.1473288!4d-48.9764907!16s%2Fg%2F11q1q7t605!19sChIJ3zbCXlYfvJQR-2jqxuuxgcc?authuser=0&hl=pt-BR&g_ep=EgoyMDI2MDkzMC4wIJJjKgBIAVAD&rclk=1;17
Anel 3;São José do Rio Preto/SP;Eletro Líder;(17) 3231-1214;;;https://www.eletroliderriopreto.com.br/;https://www.google.com/maps/place/Eletro+L%C3%ADder/data=!4m7!3m6!1s0x94bdb30f9c37fd85:0xe4429c44c10520ea!8m2!3d-20.8169592!4d-49.3708877!16s%2Fg%2F11v03m3ytz!19sChIJhf03nA-zvZQR6iAFwUScQuQ?authuser=0&hl=pt-BR&g_ep=EgoyMDI2MDkzMC4wIJJjKgBIAVAD&rclk=1;17
Anel 3;Mirassol/SP;Elétrica STR Materiais Elétricos e Automação Industrial.;(17) 3243-2000;;;;https://www.google.com/maps/place/El%C3%A9trica+STR+Materiais+El%C3%A9tricos+e+Automa%C3%A7%C3%A3o+Industrial./data=!4m7!3m6!1s0x94bdaf1ab2df8555:0xf09fae12ce5241b1!8m2!3d-20.8092727!4d-49.5075922!16s%2Fg%2F1ptvwqzqz!19sChIJVYXfshqvvZQRsUFSzhKun_A?authuser=0&hl=pt-BR&g_ep=EgoyMDI2MDkzMC4wIJJjKgBIAVAD&rclk=1;17
Anel 3;Porto Ferreira/SP;WA Soluções Elétricas | Eletricista Porto Ferreira;(19) 2156-0352;;;;https://www.google.com/maps/place/WA+Solu%C3%A7%C3%B5es+El%C3%A9tricas+%7C+Eletricista+Porto+Ferreira/data=!4m7!3m6!1s0x94b8035a2e3f4813:0xd7f4ec85a2979f3d!8m2!3d-21.8343846!4d-47.4732845!16s%2Fg%2F11r1ct11zx!19sChIJE0g_LloDuJQRPZ-XooXs9Nc?authuser=0&hl=pt-BR&g_ep=EgoyMDI2MDkzMC4wIJJjKgBIAVAD&rclk=1;17
Anel 3;Catanduva/SP;FR FERRAMENTAS CATANDUVA FERRAGENS E MATERIAIS DE CONSTRUÇÃO;(17) 3524-6620;(17) 99719-9169;frferramentas@outlook.com.br;https://123acheicatanduva.com.br/empresas/fr-ferramentas-catanduva-ferragens-e-materiais-de-construcao/ | https://www.instagram.com/frferramentascatanduva;https://www.google.com/maps/place/FR+FERRAMENTAS+CATANDUVA+FERRAGENS+E+MATERIAIS+DE+CONSTRU%C3%87%C3%83O/data=!4m7!3m6!1s0x94bc1f56801854ab:0x8ba5f8601a4fa437!8m2!3d-21.1385378!4d-48.9803294!16s%2Fg%2F11tmz83b6c!19sChIJq1QYgFYfvJQRN6RPGmD4pYs?authuser=0&hl=pt-BR&g_ep=EgoyMDI2MDkzMC4wIJJjKgBIAVAD&rclk=1;16
Anel 3;Catanduva/SP;Magú Peças;(17) 3522-6354;;;https://maguautopecas.com.br/;https://www.google.com/maps/place/Mag%C3%BA+Pe%C3%A7as/data=!4m7!3m6!1s0x94bc1f76a54b1035:0x4216202e75ecc60b!8m2!3d-21.1061424!4d-48.9529687!16s%2Fg%2F11j4m47_75!19sChIJNRBLpXYfvJQRC8bsdS4gFkI?authuser=0&hl=pt-BR&g_ep=EgoyMDI2MDkzMC4wIJJjKgBIAVAD&rclk=1;16
Anel 3;Porto Ferreira/SP;LARA DISTRIBUIDORA DE LED e MATERIAIS ELÉTRICOS E ELETRÔNICOS;(19) 3585-7407;(19) 3585-7407;contato@laradistribuidora.com.br;http://www.laradistribuidora.com.br/;https://www.google.com/maps/place/LARA+DISTRIBUIDORA+DE+LED+e+MATERIAIS+EL%C3%89TRICOS+E+ELETR%C3%94NICOS/data=!4m7!3m6!1s0x94b8037f24d9d381:0xdd5814866a8ac37f!8m2!3d-21.859817!4d-47.485114!16s%2Fg%2F11sqcwfl4n!19sChIJgdPZJH8DuJQRf8OKaoYUWN0?authuser=0&hl=pt-BR&g_ep=EgoyMDI2MDkzMC4wIJJjKgBIAVAD&rclk=1;16
Anel 3;Pirassununga/SP;Eletro Técnica Pepe;(19) 3561-3234;(19) 3561-3234;contato@eletropepe.com.br;http://www.eletropepe.com.br/ | https://www.instagram.com/eletropepe;https://www.google.com/maps/place/Eletro+T%C3%A9cnica+Pepe/data=!4m7!3m6!1s0x94b7ffafbd7cf309:0x4848646f5f9570e7!8m2!3d-21.9998425!4d-47.4261391!16s%2Fg%2F1tk8d6hb!19sChIJCfN8va__t5QR53CVX29kSEg?authuser=0&hl=pt-BR&g_ep=EgoyMDI2MDkzMC4wIJJjKgBIAVAD&rclk=1;16
Anel 3;Araras/SP;Casa Bela Materiais de Construção;(19) 3542-0470;;;;https://www.google.com/maps/place/Casa+Bela+Materiais+de+Constru%C3%A7%C3%A3o/data=!4m7!3m6!1s0x94c8771890b33857:0x25b40dde8c91ee23!8m2!3d-22.3303002!4d-47.3826083!16s%2Fg%2F11y2czj9tq!19sChIJVzizkBh3yJQRI-6RjN4NtCU?authuser=0&hl=pt-BR&g_ep=EgoyMDI2MDkzMC4wIJJjKgBIAVAD&rclk=1;16
Anel 3;Rio Claro/SP;Eletro Globo;(19) 3524-0385;;;;https://www.google.com/maps/place/Eletro+Globo/data=!4m7!3m6!1s0x94c7db0639164103:0x2b25205e1d18916c!8m2!3d-22.414639!4d-47.5632244!16s%2Fg%2F11c2pmnyn6!19sChIJA0EWOQbbx5QRbJEYHV4gJSs?authuser=0&hl=pt-BR&g_ep=EgoyMDI2MDkzMC4wIJJjKgBIAVAD&rclk=1;16
Anel 3;Limeira/SP;A Casa da Eletrica;(19) 3445-6695;;;;https://www.google.com/maps/place/A+Casa+da+Eletrica/data=!4m7!3m6!1s0x94c88091626b9187:0xa50ebd624d986980!8m2!3d-22.5555667!4d-47.3968397!16s%2Fg%2F11b75gzr68!19sChIJh5FrYpGAyJQRgGmYTWK9DqU?authuser=0&hl=pt-BR&g_ep=EgoyMDI2MDkzMC4wIJJjKgBIAVAD&rclk=1;16
Anel 3;Piracicaba/SP;SG Hidráulica e Elétrica;(19) 3371-6707;;;;https://www.google.com/maps/place/SG+Hidr%C3%A1ulica+e+El%C3%A9trica/data=!4m7!3m6!1s0x94c631c7d4b53e97:0x236acc9d05b189f8!8m2!3d-22.7607681!4d-47.6287235!16s%2Fg%2F11mtfh7vlm!19sChIJlz611McxxpQR-ImxBZ3MaiM?authuser=0&hl=pt-BR&g_ep=EgoyMDI2MDkzMC4wIJJjKgBIAVAD&rclk=1;16
Anel 3;São Sebastião do Paraíso/MG;Elétrica Paraisense Agro;(35) 3800-2248;;;;https://www.google.com/maps/place/El%C3%A9trica+Paraisense+Agro/data=!4m7!3m6!1s0x94b7182e3a8608eb:0x28d6373c6c10c310!8m2!3d-20.9035742!4d-46.9725676!16s%2Fg%2F1tnpm2yn!19sChIJ6wiGOi4Yt5QREMMQbDw31ig?authuser=0&hl=pt-BR&g_ep=EgoyMDI2MDkzMC4wIJJjKgBIAVAD&rclk=1;16
Anel 3;Barretos/SP;Eletro Principal;(17) 3323-1254;;;;https://www.google.com/maps/place/Eletro+Principal/data=!4m7!3m6!1s0x94bb853a8882828d:0xe12b540019ab0b2f!8m2!3d-20.5616938!4d-48.5669157!16s%2Fg%2F1tdm9ffx!19sChIJjYKCiDqFu5QRLwurGQBUK-E?authuser=0&hl=pt-BR&g_ep=EgoyMDI2MDkzMC4wIJJjKgBIAVAD&rclk=1;15
Anel 3;Barretos/SP;Mundo Elétrico;(17) 3324-1118;;;https://mundoeletricobarretos.com.br/;https://www.google.com/maps/place/Mundo+El%C3%A9trico/data=!4m7!3m6!1s0x94bb852e46511d7b:0x71ff83d29b0feed4!8m2!3d-20.5622462!4d-48.5631995!16s%2Fg%2F11f__hmzq4!19sChIJex1RRi6Fu5QR1O4Pm9KD_3E?authuser=0&hl=pt-BR&g_ep=EgoyMDI2MDkzMC4wIJJjKgBIAVAD&rclk=1;15
Anel 3;Barretos/SP;Eletro Mais Barretos Materiais Elétricos e Iluminação;(17) 3323-6921;;;https://www.instagram.com/eletromaisbarretos/;https://www.google.com/maps/place/Eletro+Mais+Barretos+Materiais+El%C3%A9tricos+e+Ilumina%C3%A7%C3%A3o/data=!4m7!3m6!1s0x94bb85d0a5a65f63:0xe4fea75e5f0fbaa9!8m2!3d-20.5546155!4d-48.578835!16s%2Fg%2F11tcv33lh3!19sChIJY1-mpdCFu5QRqboPX16n_uQ?authuser=0&hl=pt-BR&g_ep=EgoyMDI2MDkzMC4wIJJjKgBIAVAD&rclk=1;15
Anel 3;Barretos/SP;Eletro Mundial;(17) 3325-7368;;;https://www.facebook.com/Edemareletromundial/;https://www.google.com/maps/place/Eletro+Mundial/data=!4m7!3m6!1s0x94bb853bca84a63f:0xc356f34302f6c8f6!8m2!3d-20.5619521!4d-48.570122!16s%2Fg%2F11bzwntgfl!19sChIJP6aEyjuFu5QR9sj2AkPzVsM?authuser=0&hl=pt-BR&g_ep=EgoyMDI2MDkzMC4wIJJjKgBIAVAD&rclk=1;15
Anel 3;Barretos/SP;Iluminare Lustres e Iluminação;;(17) 98127-2531;;https://api.whatsapp.com/send?phone=5517981272531 | https://www.instagram.com/whatsapp;https://www.google.com/maps/place/Iluminare+Lustres+e+Ilumina%C3%A7%C3%A3o/data=!4m7!3m6!1s0x94bb8500028bacfd:0xaf39ab5388f6b5d1!8m2!3d-20.5732095!4d-48.56366!16s%2Fg%2F11vslm_p7b!19sChIJ_ayLAgCFu5QR0bX2iFOrOa8?authuser=0&hl=pt-BR&g_ep=EgoyMDI2MDkzMC4wIJJjKgBIAVAD&rclk=1;15
Anel 3;Catanduva/SP;Nose Distribuidora de Auto Peças;(17) 3525-5311;;;;https://www.google.com/maps/place/Nose+Distribuidora+de+Auto+Pe%C3%A7as/data=!4m7!3m6!1s0x94bc1e8b43804f8f:0x8e191d330780184c!8m2!3d-21.1306042!4d-48.9777416!16s%2Fg%2F11hynbw52y!19sChIJj0-AQ4sevJQRTBiABzMdGY4?authuser=0&hl=pt-BR&g_ep=EgoyMDI2MDkzMC4wIJJjKgBIAVAD&rclk=1;15
Anel 3;Catanduva/SP;Eletrônica Xv;(17) 3522-6256;;;;https://www.google.com/maps/place/Eletr%C3%B4nica+Xv/data=!4m7!3m6!1s0x94bc1e7c10595555:0xfa9818836fef085d!8m2!3d-21.1330169!4d-48.9663672!16s%2Fg%2F11h42q2s9d!19sChIJVVVZEHwevJQRXQjvb4MYmPo?authuser=0&hl=pt-BR&g_ep=EgoyMDI2MDkzMC4wIJJjKgBIAVAD&rclk=1;15
Anel 3;São José do Rio Preto/SP;Eletrotécnica São José;(17) 3224-1105;;;;https://www.google.com/maps/place/Eletrot%C3%A9cnica+S%C3%A3o+Jos%C3%A9/data=!4m7!3m6!1s0x94bdad358d1b422f:0x466f4b30c734b1e2!8m2!3d-20.7976529!4d-49.3665642!16s%2Fg%2F11rcvwlqj7!19sChIJL0IbjTWtvZQR4rE0xzBLb0Y?authuser=0&hl=pt-BR&g_ep=EgoyMDI2MDkzMC4wIJJjKgBIAVAD&rclk=1;15
Anel 3;Porto Ferreira/SP;Mutter Distribuidora de Materiais Elétricos;(19) 3589-1220;(19) 3581-3800;sac@materiaiseletricos.com.br;https://www.materiaiseletricos.com.br/ | https://www.instagram.com/materiaiseletricoslojaoficial;https://www.google.com/maps/place/Mutter+Distribuidora+de+Materiais+El%C3%A9tricos/data=!4m7!3m6!1s0x94b802266a20db1b:0xa22fba2069871af3!8m2!3d-21.8692293!4d-47.4780593!16s%2Fg%2F1tdgqy5c!19sChIJG9sgaiYCuJQR8xqHaSC6L6I?authuser=0&hl=pt-BR&g_ep=EgoyMDI2MDkzMC4wIJJjKgBIAVAD&rclk=1;15
Anel 3;Porto Ferreira/SP;Estronic;(19) 3581-5675;(19) 3585-6739;vendas@estronic.com.br;http://www.estronic.com.br/ | https://www.instagram.com/aihousingbr;https://www.google.com/maps/place/Estronic/data=!4m7!3m6!1s0x94b802255c0e1e4b:0x3aebb029646de1fe!8m2!3d-21.8666772!4d-47.4781732!16s%2Fg%2F11hbk9vd4j!19sChIJSx4OXCUCuJQR_uFtZCmw6zo?authuser=0&hl=pt-BR&g_ep=EgoyMDI2MDkzMC4wIJJjKgBIAVAD&rclk=1;15
Anel 3;Leme/SP;Top-Drive Eletrônica e Automação Industrial;;(19) 99835-6909;;http://topdrive.com.br/;https://www.google.com/maps/place/Top-Drive+Eletr%C3%B4nica+e+Automa%C3%A7%C3%A3o+Industrial/data=!4m7!3m6!1s0x94c80b8891eb6bef:0x19f1d70ce720cf35!8m2!3d-22.1770374!4d-47.3913308!16s%2Fg%2F11gf1d6qw9!19sChIJ72vrkYgLyJQRNc8g5wzX8Rk?authuser=0&hl=pt-BR&g_ep=EgoyMDI2MDkzMC4wIJJjKgBIAVAD&rclk=1;15
Anel 3;Leme/SP;AUTO ELÉTRICO MOI;;(19) 99647-4620;;;https://www.google.com/maps/place/AUTO+EL%C3%89TRICO+MOI/data=!4m7!3m6!1s0x94c80c8625f1ac51:0x88457d5210efee5b!8m2!3d-22.186786!4d-47.3612201!16s%2Fg%2F11sbwqcxyx!19sChIJUazxJYYMyJQRW-7vEFJ9RYg?authuser=0&hl=pt-BR&g_ep=EgoyMDI2MDkzMC4wIJJjKgBIAVAD&rclk=1;15
Anel 3;Limeira/SP;Ypdus Instalações e Com. de Mat. Elétricos LTDA-ME;;(19) 97407-0757;contato@ypdus.com.br;http://www.ypdus.com.br/ | https://www.instagram.com/ypdus;https://www.google.com/maps/place/Ypdus+Instala%C3%A7%C3%B5es+e+Com.+de+Mat.+El%C3%A9tricos+LTDA-ME/data=!4m7!3m6!1s0x94c88071fa4c9237:0x4f3aa0e5592ff202!8m2!3d-23.1269426!4d-48.5381474!16s%2Fg%2F11cspr50xb!19sChIJN5JM-nGAyJQRAvIvWeWgOk8?authuser=0&hl=pt-BR&g_ep=EgoyMDI2MDkzMC4wIJJjKgBIAVAD&rclk=1;15
Anel 3;Piracicaba/SP;AkiTem! Comercial Elétrica & Construção;(19) 3426-1275;;;https://www.instagram.com/akitem_comercialeletrica?igsh=b2l0Z2ZzNWUzeWdi;https://www.google.com/maps/place/AkiTem!+Comercial+El%C3%A9trica+%26+Constru%C3%A7%C3%A3o/data=!4m7!3m6!1s0x94c6315f863def2d:0xf67e011d1deaf9e0!8m2!3d-22.7558911!4d-47.6163175!16s%2Fg%2F11b7j3f6s5!19sChIJLe89hl8xxpQR4PnqHR0BfvY?authuser=0&hl=pt-BR&g_ep=EgoyMDI2MDkzMC4wIJJjKgBIAVAD&rclk=1;15
Anel 3;Passos/MG;Conexão Ferramentas - Passos;(35) 3021-1515;(35) 97400-9009;;https://www.clickdisk.com.br/telefone/passos-mg/conexao-ferramenta | https://www.instagram.com/conexaoferramentas;https://www.google.com/maps/place/Conex%C3%A3o+Ferramentas+-+Passos/data=!4m7!3m6!1s0x94b6c3133d7ba119:0xad346aa66a76f73a!8m2!3d-20.7315602!4d-46.6047463!16s%2Fg%2F11txvm_4hg!19sChIJGaF7PRPDtpQROvd2aqZqNK0?authuser=0&hl=pt-BR&g_ep=EgoyMDI2MDkzMC4wIJJjKgBIAVAD&rclk=1;15
Anel 3;Barretos/SP;A Construir Materiais Elétricos - Hidráulicos e Ferramentas em Geral;;(17) 99286-0044;;https://api.whatsapp.com/send?phone=5517992860044 | https://www.instagram.com/whatsapp;https://www.google.com/maps/place/A+Construir+Materiais+El%C3%A9tricos+-+Hidr%C3%A1ulicos+e+Ferramentas+em+Geral/data=!4m7!3m6!1s0x94bb9b560993bd23:0x6348af213709bc5b!8m2!3d-20.5492083!4d-48.5568525!16s%2Fg%2F11vkcn8xmh!19sChIJI72TCVabu5QRW7wJNyGvSGM?authuser=0&hl=pt-BR&g_ep=EgoyMDI2MDkzMC4wIJJjKgBIAVAD&rclk=1;14
Anel 3;Barretos/SP;Eletro Wap;;(17) 98139-7351;contato@eletrowapsp.com.br;http://eletrowapsp.com.br/ | https://www.instagram.com/eletrowap5;https://www.google.com/maps/place/Eletro+Wap/data=!4m7!3m6!1s0x94bb84d23cec0001:0xd5c86c0b9768d67!8m2!3d-20.5365009!4d-48.5630308!16s%2Fg%2F11sv2jdbl6!19sChIJAQDsPNKEu5QRZ412ucCGXA0?authuser=0&hl=pt-BR&g_ep=EgoyMDI2MDkzMC4wIJJjKgBIAVAD&rclk=1;14
Anel 3;Catanduva/SP;LadderX Automação Industrial;;(17) 99663-2060;;https://www.ladderx.com.br/ | https://instagram.com/@ladderx_;https://www.google.com/maps/place/LadderX+Automa%C3%A7%C3%A3o+Industrial/data=!4m7!3m6!1s0x94bc1f1dcb662f17:0x2861ce93f2323ea1!8m2!3d-21.1434184!4d-49.0055853!16s%2Fg%2F11xzc_qch1!19sChIJFy9myx0fvJQRoT4y8pPOYSg?authuser=0&hl=pt-BR&g_ep=EgoyMDI2MDkzMC4wIJJjKgBIAVAD&rclk=1;14
Anel 3;São José do Rio Preto/SP;Lumavi Rio Preto Indústria e Comércio de Luminárias;(17) 3121-2900;;;http://www.lumavi.com.br/;https://www.google.com/maps/place/Lumavi+Rio+Preto+Ind%C3%BAstria+e+Com%C3%A9rcio+de+Lumin%C3%A1rias/data=!4m7!3m6!1s0x94bdadeb8a0bcb83:0xed5aac74bcb5c619!8m2!3d-20.8179032!4d-49.4295748!16s%2Fg%2F1ptwvl6g_!19sChIJg8sLiuutvZQRGca1vHSsWu0?authuser=0&hl=pt-BR&g_ep=EgoyMDI2MDkzMC4wIJJjKgBIAVAD&rclk=1;14
Anel 3;Rio Claro/SP;Futura Eletricidade e Telefonia;(19) 3522-4420;;;http://www.futuraempresas.com.br/ | https://www.instagram.com/futuraempresas;https://www.google.com/maps/place/Futura+Eletricidade+e+Telefonia/data=!4m7!3m6!1s0x94c7dbd678998d6d:0x7f1296c68673b400!8m2!3d-22.4067583!4d-47.5835394!16s%2Fg%2F11f6nm0m6m!19sChIJbY2ZeNbbx5QRALRzhsaWEn8?authuser=0&hl=pt-BR&g_ep=EgoyMDI2MDkzMC4wIJJjKgBIAVAD&rclk=1;14
Anel 3;Barretos/SP;Chicão Poste Padrão;;(17) 99262-4449;;;https://www.google.com/maps/place/Chic%C3%A3o+Poste+Padr%C3%A3o/data=!4m7!3m6!1s0x94bb857235a9e783:0x8b8e60db59364272!8m2!3d-20.5651843!4d-48.5590596!16s%2Fg%2F11m__fy_25!19sChIJg-epNXKFu5QRckI2Wdtgjos?authuser=0&hl=pt-BR&g_ep=EgoyMDI2MDkzMC4wIJJjKgBIAVAD&rclk=1;13
Anel 3;Barretos/SP;SUPORT AUTOMAÇÃO;(17) 3325-3715;(17) 3325-3715;;https://suport-automacao.pages.dev/;https://www.google.com/maps/place/SUPORT+AUTOMA%C3%87%C3%83O/data=!4m7!3m6!1s0x94bb8531f703d893:0x60aa71ed1cff6a48!8m2!3d-20.5681102!4d-48.5670588!16s%2Fg%2F11ckqrnwmp!19sChIJk9gD9zGFu5QRSGr_HO1xqmA?authuser=0&hl=pt-BR&g_ep=EgoyMDI2MDkzMC4wIJJjKgBIAVAD&rclk=1;13
Anel 3;Catanduva/SP;EletroMais Materiais elétricos e Iluminação;(17) 3525-2255;(17) 3525-2255;eletromais@eletromais.com.br;http://www.eletromais.com.br/ | https://www.instagram.com/eletromaisoficial;https://www.google.com/maps/place/EletroMais+Materiais+el%C3%A9tricos+e+Ilumina%C3%A7%C3%A3o/data=!4m7!3m6!1s0x94bc1fe20522896b:0x5c4355768f25baca!8m2!3d-21.1457235!4d-48.9727867!16s%2Fg%2F11p5q21fyj!19sChIJa4kiBeIfvJQRyrolj3ZVQ1w?authuser=0&hl=pt-BR&g_ep=EgoyMDI2MDkzMC4wIJJjKgBIAVAD&rclk=1;13
Anel 3;Catanduva/SP;Fortaleza Comércio Materiais Construção;(17) 3521-2035;;;;https://www.google.com/maps/place/Fortaleza+Com%C3%A9rcio+Materiais+Constru%C3%A7%C3%A3o/data=!4m7!3m6!1s0x94bc1e8ad62a6bcb:0x5a3ea0fc51d47163!8m2!3d-21.1378219!4d-48.9811024!16s%2Fg%2F1tv3pssf!19sChIJy2sq1ooevJQRY3HUUfygPlo?authuser=0&hl=pt-BR&g_ep=EgoyMDI2MDkzMC4wIJJjKgBIAVAD&rclk=1;13
Anel 3;São José do Rio Preto/SP;Motoreon;(17) 3364-6666;;;https://motoreon.com.br/;https://www.google.com/maps/place/Motoreon/data=!4m7!3m6!1s0x94bdb2b4dbcc3f05:0x3e1206fbf65de63f!8m2!3d-20.8314361!4d-49.3663368!16s%2Fg%2F11c59_fs3_!19sChIJBT_M27SyvZQRP-Zd9vsGEj4?authuser=0&hl=pt-BR&g_ep=EgoyMDI2MDkzMC4wIJJjKgBIAVAD&rclk=1;13
Anel 3;Limeira/SP;Targino Materiais Elétricos & Energia Solar;;(19) 97151-0394;;https://targinoeletrica.com.br/;https://www.google.com/maps/place/Targino+Materiais+El%C3%A9tricos+%26+Energia+Solar/data=!4m7!3m6!1s0x94c881525500f30b:0xdd546338b2a5770a!8m2!3d-22.6016069!4d-47.4230067!16s%2Fg%2F11w9jcpdln!19sChIJC_MAVVKByJQRCnelsjhjVN0?authuser=0&hl=pt-BR&g_ep=EgoyMDI2MDkzMC4wIJJjKgBIAVAD&rclk=1;13
Anel 3;Poços de Caldas/MG;LS Soluções Elétricas;(35) 3197-0045;(35) 3197-0045;atendimento@lsse.com.br;http://www.lsse.com.br/ | https://www.instagram.com/lsseletrica;https://www.google.com/maps/place/LS+Solu%C3%A7%C3%B5es+El%C3%A9tricas/data=!4m7!3m6!1s0x94c9ddc1ea257fdd:0x8cad62d8dd004a53!8m2!3d-21.7897386!4d-46.5458976!16s%2Fg%2F11h51crsw_!19sChIJ3X8l6sHdyZQRU0oA3dhirYw?authuser=0&hl=pt-BR&g_ep=EgoyMDI2MDkzMC4wIJJjKgBIAVAD&rclk=1;13
Anel 3;Poços de Caldas/MG;D & D Materiais para Construção;(35) 3714-3363;;;;https://www.google.com/maps/place/D+%26+D+Materiais+para+Constru%C3%A7%C3%A3o/data=!4m7!3m6!1s0x94c9dc8638032acb:0xbebb8a3104dc10b5!8m2!3d-21.7825864!4d-46.5854346!16s%2Fg%2F1tywz19y!19sChIJyyoDOIbcyZQRtRDcBDGKu74?authuser=0&hl=pt-BR&g_ep=EgoyMDI2MDkzMC4wIJJjKgBIAVAD&rclk=1;13
Anel 3;Barretos/SP;Eletro Líder Material Elétrico em Barretos;(17) 3324-5600;;;https://www.eletroliderbarretos.com.br/;https://www.google.com/maps/place/Eletro+L%C3%ADder+Material+El%C3%A9trico+em+Barretos/data=!4m7!3m6!1s0x94bb85ccdd5021f7:0xab7e8b206f6acd6e!8m2!3d-20.5539843!4d-48.5697977!16s%2Fg%2F11stybcp7b!19sChIJ9yFQ3cyFu5QRbs1qbyCLfqs?authuser=0&hl=pt-BR&g_ep=EgoyMDI2MDkzMC4wIJJjKgBIAVAD&rclk=1;12
Anel 3;Araras/SP;E.V.A Materiais Para Construção;;(19) 99790-0151;;;https://www.google.com/maps/place/E.V.A+Materiais+Para+Constru%C3%A7%C3%A3o/data=!4m7!3m6!1s0x94c871fee4f3d1a3:0x2a3a7c8568167583!8m2!3d-22.3660168!4d-47.3662431!16s%2Fg%2F11x177x1vk!19sChIJo9Hz5P5xyJQRg3UWaIV8Oio?authuser=0&hl=pt-BR&g_ep=EgoyMDI2MDkzMC4wIJJjKgBIAVAD&rclk=1;12
Anel 3;Limeira/SP;Eletrica Lumens;(19) 3495-1560;;;https://www.instagram.com/eletricalumens/;https://www.google.com/maps/place/Eletrica+Lumens/data=!4m7!3m6!1s0x94c8818e603ee309:0xf1492059259772e0!8m2!3d-22.5939007!4d-47.3986495!16s%2Fg%2F11h03cltvv!19sChIJCeM-YI6ByJQR4HKXJVkgSfE?authuser=0&hl=pt-BR&g_ep=EgoyMDI2MDkzMC4wIJJjKgBIAVAD&rclk=1;12
Anel 3;São Sebastião do Paraíso/MG;Eletro Center - Materiais Elétricos;(35) 3531-5451;(35) 98834-8302;;https://www.clickdisk.com.br/telefone/sao-sebastiao-do-paraiso-mg/eletro-center;https://www.google.com/maps/place/Eletro+Center+-+Materiais+El%C3%A9tricos/data=!4m7!3m6!1s0x94b7177f717b05db:0xad81544c7300016f!8m2!3d-20.9166545!4d-46.9833726!16s%2Fg%2F1vvr7961!19sChIJ2wV7cX8Xt5QRbwEAc0xUga0?authuser=0&hl=pt-BR&g_ep=EgoyMDI2MDkzMC4wIJJjKgBIAVAD&rclk=1;12
Anel 3;Catanduva/SP;Instaladora Elétrica Leal;(17) 3523-8546;;;;https://www.google.com/maps/place/Instaladora+El%C3%A9trica+Leal/data=!4m7!3m6!1s0x94bc1e66a63d1381:0xd8776cd3dc275944!8m2!3d-21.1371123!4d-48.9759488!16s%2Fg%2F1ptzx5ct1!19sChIJgRM9pmYevJQRRFkn3NNsd9g?authuser=0&hl=pt-BR&g_ep=EgoyMDI2MDkzMC4wIJJjKgBIAVAD&rclk=1;11
Anel 3;São José do Rio Preto/SP;VR Painéis Elétricos;(17) 4009-5100;(17) 4009-5100;vrpaineis@vrpaineis.com.br;https://www.vrpaineis.com.br/ | https://www.instagram.com/vrpaineis;https://www.google.com/maps/place/VR+Pain%C3%A9is+El%C3%A9tricos/data=!4m7!3m6!1s0x94bdad94547a02ab:0x909adcb47982042f!8m2!3d-20.8173599!4d-49.4253158!16s%2Fg%2F1jmcwhcy1!19sChIJqwJ6VJStvZQRLwSCebTcmpA?authuser=0&hl=pt-BR&g_ep=EgoyMDI2MDkzMC4wIJJjKgBIAVAD&rclk=1;11
Anel 3;Porto Ferreira/SP;Eletric Center - Lopes & Lopes Eletronicos - Porto Ferreira;(19) 3589-2056;(19) 99965-7293;;https://lojalocal.com/parceirocredenciadointelbras/01853502000128;https://www.google.com/maps/place/Eletric+Center+-+Lopes+%26+Lopes+Eletronicos+-+Porto+Ferreira/data=!4m7!3m6!1s0x94b8022701c43721:0xf5ce41df679be37a!8m2!3d-21.8526387!4d-47.4869035!16s%2Fg%2F1tf6yg0_!19sChIJITfEAScCuJQReuObZ99BzvU?authuser=0&hl=pt-BR&g_ep=EgoyMDI2MDkzMC4wIJJjKgBIAVAD&rclk=1;11
Anel 3;Leme/SP;Perfect Elétrica;;(19) 99671-7419;;https://www.perfecteletrica.com/ | https://www.instagram.com/perfect.eletrica;https://www.google.com/maps/place/Perfect+El%C3%A9trica/data=!4m7!3m6!1s0x94c80b03888c4497:0x788b8ac0d0e171ce!8m2!3d-22.1747061!4d-47.3707893!16s%2Fg%2F11k61w6h0k!19sChIJl0SMiAMLyJQRznHh0MCKi3g?authuser=0&hl=pt-BR&g_ep=EgoyMDI2MDkzMC4wIJJjKgBIAVAD&rclk=1;11
Anel 3;Araras/SP;Elias Materiais Elétricos, Hidráulicos, Ferramentas e Utilidades;;(19) 99221-2561;;;https://www.google.com/maps/place/Elias+Materiais+El%C3%A9tricos,+Hidr%C3%A1ulicos,+Ferramentas+e+Utilidades/data=!4m7!3m6!1s0x94c87744388d22a9:0xcabb57dee6ca8925!8m2!3d-22.3469567!4d-47.3998904!16s%2Fg%2F11hlmjrv4v!19sChIJqSKNOER3yJQRJYnK5t5Xu8o?authuser=0&hl=pt-BR&g_ep=EgoyMDI2MDkzMC4wIJJjKgBIAVAD&rclk=1;11
Anel 3;Barretos/SP;Action Automação e Energia;(17) 3312-1129;(17) 98117-5932;vendas@actionsmart.com.br;http://www.actionsmart.com.br/;https://www.google.com/maps/place/Action+Automa%C3%A7%C3%A3o+e+Energia/data=!4m7!3m6!1s0x94bb854f7b2b78e1:0x25f00c697d48da0c!8m2!3d-20.5718773!4d-48.5718038!16s%2Fg%2F1q2whcxkv!19sChIJ4Xgre0-Fu5QRDNpIfWkM8CU?authuser=0&hl=pt-BR&g_ep=EgoyMDI2MDkzMC4wIJJjKgBIAVAD&rclk=1;10
Anel 3;Catanduva/SP;Alamo Eletropeças;(17) 3522-8525;;;https://www.instagram.com/alamoeletropecas/;https://www.google.com/maps/place/Alamo+Eletrope%C3%A7as/data=!4m7!3m6!1s0x94bc1fd5b7eb1ac5:0xdc038d120b733f33!8m2!3d-21.1338271!4d-48.9732998!16s%2Fg%2F11scrwjbst!19sChIJxRrrt9UfvJQRMz9zCxKNA9w?authuser=0&hl=pt-BR&g_ep=EgoyMDI2MDkzMC4wIJJjKgBIAVAD&rclk=1;10
Anel 3;Piracicaba/SP;Eletropira Comercial;(19) 3435-5055;;;;https://www.google.com/maps/place/Eletropira+Comercial/data=!4m7!3m6!1s0x156195ed840901b:0x39a9b71042be7cf2!8m2!3d-22.7339303!4d-47.6506129!16s%2Fg%2F11b7grl920!19sChIJG5BA2F4ZVgER8ny-QhC3qTk?authuser=0&hl=pt-BR&g_ep=EgoyMDI2MDkzMC4wIJJjKgBIAVAD&rclk=1;10
Anel 3;Rio Claro/SP;GVseg Rio Claro;(19) 3702-9799;(19) 99175-9963;adm@gvseg.com.br;http://www.gvseg.com.br/ | https://www.instagram.com/gvsegdistribuidora;https://www.google.com/maps/place/GVseg+Rio+Claro/data=!4m7!3m6!1s0x94c7dba8d1e04273:0xc92624b1af7c77e!8m2!3d-22.3939467!4d-47.5703119!16s%2Fg%2F11sk2qfldy!19sChIJc0Lg0ajbx5QRfsf3Gktikgw?authuser=0&hl=pt-BR&g_ep=EgoyMDI2MDkzMC4wIJJjKgBIAVAD&rclk=1;9
Anel 3;Piracicaba/SP;Alucel Suprimentos Industriais;(19) 3429-2929;(19) 3429-2929;e-commerce@alucel.net;https://www.alucel.net/ | https://www.instagram.com;https://www.google.com/maps/place/Alucel+Suprimentos+Industriais/data=!4m7!3m6!1s0x94c63303cca6817d:0x90a2d1e698e79116!8m2!3d-22.6738482!4d-47.6319816!16s%2Fg%2F11pcpxnhbt!19sChIJfYGmzAMzxpQRFpHnmObRopA?authuser=0&hl=pt-BR&g_ep=EgoyMDI2MDkzMC4wIJJjKgBIAVAD&rclk=1;9
Anel 3;Passos/MG;Império Elétrico | Materiais Elétricos | Projeto Elétrico | Energia Fotovoltaica;(35) 3521-2168;(35) 3521-2168;;https://www.clickdisk.com.br/telefone/passos-mg/imperio-eletrico-e-pre-moldados | https://www.instagram.com/imperioeletricoenergiasolar;https://www.google.com/maps/place/Imp%C3%A9rio+El%C3%A9trico+%7C+Materiais+El%C3%A9tricos+%7C+Projeto+El%C3%A9trico+%7C+Energia+Fotovoltaica/data=!4m7!3m6!1s0x94b6c306b3fae63d:0x1a071ca0c190906!8m2!3d-20.7430148!4d-46.6014178!16s%2Fg%2F11xh9shf39!19sChIJPeb6swbDtpQRBgkZDMpxoAE?authuser=0&hl=pt-BR&g_ep=EgoyMDI2MDkzMC4wIJJjKgBIAVAD&rclk=1;9
Anel 3;Poços de Caldas/MG;Engecon Engenheiros Construtores;(35) 3729-1000;;;;https://www.google.com/maps/place/Engecon+Engenheiros+Construtores/data=!4m7!3m6!1s0x94c9db8330219345:0xb33631bcfb507ce!8m2!3d-21.7821512!4d-46.6019097!16s%2Fg%2F1tz772gb!19sChIJRZMhMIPbyZQRzge1zxtjMws?authuser=0&hl=pt-BR&g_ep=EgoyMDI2MDkzMC4wIJJjKgBIAVAD&rclk=1;9
Anel 3;São José do Rio Preto/SP;Triel Materiais Elétricos;(17) 3227-7966;;;;https://www.google.com/maps/place/Triel+Materiais+El%C3%A9tricos/data=!4m7!3m6!1s0x94bdb3305f4ccffb:0x664cc6afa33f423a!8m2!3d-20.827401!4d-49.373093!16s%2Fg%2F11smgwp6r1!19sChIJ-89MXzCzvZQROkI_o6_GTGY?authuser=0&hl=pt-BR&g_ep=EgoyMDI2MDkzMC4wIJJjKgBIAVAD&rclk=1;8
Anel 3;Porto Ferreira/SP;Paco Indústria e Comércio de Materiais Elétricos Ltda;(19) 3589-1702;;contato@pacoeletrica.com.br;https://pacoeletrica.com.br/ | https://www.instagram.com/pacolluz;https://www.google.com/maps/place/Paco+Ind%C3%BAstria+e+Com%C3%A9rcio+de+Materiais+El%C3%A9tricos+Ltda/data=!4m7!3m6!1s0x94b803caf62c4967:0xff7bcafb417c1452!8m2!3d-21.8599985!4d-47.4917622!16s%2Fg%2F1td7jvg6!19sChIJZ0ks9soDuJQRUhR8QfvKe_8?authuser=0&hl=pt-BR&g_ep=EgoyMDI2MDkzMC4wIJJjKgBIAVAD&rclk=1;8
Anel 3;Pirassununga/SP;Auto Elétrica 2 Irmãos;(19) 3562-1562;(19) 99648-8632;;https://wa.me/5519996488632 | https://www.instagram.com/whatsapp;https://www.google.com/maps/place/Auto+El%C3%A9trica+2+Irm%C3%A3os/data=!4m7!3m6!1s0x94c801ae01d2dfe5:0x2322242a93cd54c5!8m2!3d-21.9920988!4d-47.4340841!16s%2Fg%2F11tfd8fnvc!19sChIJ5d_SAa4ByJQRxVTNkyokIiM?authuser=0&hl=pt-BR&g_ep=EgoyMDI2MDkzMC4wIJJjKgBIAVAD&rclk=1;8
Anel 3;Araras/SP;SOMASETE automação;(19) 3352-3305;(19) 98335-0936;contato@somasete.com.br;http://www.somasete.com.br/ | https://www.instagram.com/somaseteautomacao;https://www.google.com/maps/place/SOMASETE+automa%C3%A7%C3%A3o/data=!4m7!3m6!1s0x94c87737ea56c307:0x4fbbc2f2b0fee9cc!8m2!3d-22.361525!4d-47.3719814!16s%2Fg%2F11jmpws6nm!19sChIJB8NW6jd3yJQRzOn-sPLCu08?authuser=0&hl=pt-BR&g_ep=EgoyMDI2MDkzMC4wIJJjKgBIAVAD&rclk=1;8
Anel 3;Rio Claro/SP;Montag Engenharia;(19) 3524-1152;(19) 99924-4546;comercial@montagengenharia.com.br;https://www.montagengenharia.com.br/ | https://www.instagram.com/montagengenharia;https://www.google.com/maps/place/Montag+Engenharia/data=!4m7!3m6!1s0x94c7db1dc6738615:0xaf3784d72555b42e!8m2!3d-22.4069324!4d-47.5820038!16s%2Fg%2F1q5gjp9f2!19sChIJFYZzxh3bx5QRLrRVJdeEN68?authuser=0&hl=pt-BR&g_ep=EgoyMDI2MDkzMC4wIJJjKgBIAVAD&rclk=1;8
Anel 3;Rio Claro/SP;Galeria Casa Inteligente;;(19) 97145-8132;;https://galeriacasainteligente.com.br/;https://www.google.com/maps/place/Galeria+Casa+Inteligente/data=!4m7!3m6!1s0x94c7db5fa05b8abd:0x326fc3b630eaa961!8m2!3d-22.4006984!4d-47.5602134!16s%2Fg%2F11vdzz2lxl!19sChIJvYpboF_bx5QRYanqMLbDbzI?authuser=0&hl=pt-BR&g_ep=EgoyMDI2MDkzMC4wIJJjKgBIAVAD&rclk=1;8
Anel 3;Piracicaba/SP;Multimagem;(19) 3434-2753;(19) 3434-6897;contato@multimagempiracicaba.com.br;http://www.multimagempiracicaba.com.br/ | https://www.instagram.com/multimagempiracicaba;https://www.google.com/maps/place/Multimagem/data=!4m7!3m6!1s0x94c631a40442762f:0x3050d9eb497d7883!8m2!3d-22.7395224!4d-47.6542838!16s%2Fg%2F1ptwdctds!19sChIJL3ZCBKQxxpQRg3h9SevZUDA?authuser=0&hl=pt-BR&g_ep=EgoyMDI2MDkzMC4wIJJjKgBIAVAD&rclk=1;8
Anel 3;Passos/MG;Stones Materiais Elétricos;(35) 3413-2040;;;;https://www.google.com/maps/place/Stones+Materiais+El%C3%A9tricos/data=!4m7!3m6!1s0x94b6c3a5eb75be75:0x23b4489b8985e069!8m2!3d-20.7420909!4d-46.5943349!16s%2Fg%2F11fjy3ltzc!19sChIJdb5166XDtpQRaeCFiZtItCM?authuser=0&hl=pt-BR&g_ep=EgoyMDI2MDkzMC4wIJJjKgBIAVAD&rclk=1;8
Anel 3;Passos/MG;Resolve Elétrica & Automação Residencial;;(35) 99819-2291;;http://bio.site/Resolve.Eletrica | https://www.instagram.com/resolve.eletrica;https://www.google.com/maps/place/Resolve+El%C3%A9trica+%26+Automa%C3%A7%C3%A3o+Residencial/data=!4m7!3m6!1s0x94b6c3194bd3ee25:0x3d3beb220a5f3986!8m2!3d-20.7196763!4d-46.6089148!16s%2Fg%2F11x8m23t1j!19sChIJJe7TSxnDtpQRhjlfCiLrOz0?authuser=0&hl=pt-BR&g_ep=EgoyMDI2MDkzMC4wIJJjKgBIAVAD&rclk=1;8
Anel 3;Poços de Caldas/MG;Eletroluz;(35) 3721-4748;;;;https://www.google.com/maps/place/Eletroluz/data=!4m7!3m6!1s0x94c9dce104ab56e7:0x87f9227be7a07b9d!8m2!3d-21.7867731!4d-46.5578161!16s%2Fg%2F1tgz6lfl!19sChIJ51arBOHcyZQRnXug53si-Yc?authuser=0&hl=pt-BR&g_ep=EgoyMDI2MDkzMC4wIJJjKgBIAVAD&rclk=1;8
Anel 3;Barretos/SP;Eletro Rápido Serviço Instalação Elétrica;(17) 3322-4128;;;;https://www.google.com/maps/place/Eletro+R%C3%A1pido+Servi%C3%A7o+Instala%C3%A7%C3%A3o+El%C3%A9trica/data=!4m7!3m6!1s0x94bb85253f2b79c9:0x92c5420e111d6c31!8m2!3d-20.561437!4d-48.5661494!16s%2Fg%2F1pt_0rkgj!19sChIJyXkrPyWFu5QRMWwdEQ5CxZI?authuser=0&hl=pt-BR&g_ep=EgoyMDI2MDkzMC4wIJJjKgBIAVAD&rclk=1;7
Anel 3;Barretos/SP;Eletrokasa;(17) 3321-9191;;;http://eletrokasaeletrica.com.br/;https://www.google.com/maps/place/Eletrokasa/data=!4m7!3m6!1s0x94bb85d72a0aed73:0x144fafda40557420!8m2!3d-20.5262908!4d-48.564331!16s%2Fg%2F11k0lv81ld!19sChIJc-0KKteFu5QRIHRVQNqvTxQ?authuser=0&hl=pt-BR&g_ep=EgoyMDI2MDkzMC4wIJJjKgBIAVAD&rclk=1;7
Anel 3;Catanduva/SP;Souza Serviços Elétricos ( eletricista );;(17) 99280-2296;;;https://www.google.com/maps/place/Souza+Servi%C3%A7os+El%C3%A9tricos+%28+eletricista+%29/data=!4m7!3m6!1s0x41be1ab4bac0346d:0xd2b447b26ff01308!8m2!3d-21.1392464!4d-48.9897515!16s%2Fg%2F11zkhkn7n1!19sChIJbTTAurQavkERCBPwb7JHtNI?authuser=0&hl=pt-BR&g_ep=EgoyMDI2MDkzMC4wIJJjKgBIAVAD&rclk=1;7
Anel 3;Limeira/SP;Master Distribuidor;(19) 3039-4412;;;http://www.masterdistribuidor.com.br/;https://www.google.com/maps/place/Master+Distribuidor/data=!4m7!3m6!1s0x94c88112321c0d6b:0x30148447231b2bf3!8m2!3d-22.5945983!4d-47.397815!16s%2Fg%2F1s04db_qx!19sChIJaw0cMhKByJQR8ysbI0eEFDA?authuser=0&hl=pt-BR&g_ep=EgoyMDI2MDkzMC4wIJJjKgBIAVAD&rclk=1;7
Anel 3;Piracicaba/SP;Santa Terezinha Materiais Elétricos;(19) 3425-2418;;;;https://www.google.com/maps/place/Santa+Terezinha+Materiais+El%C3%A9tricos/data=!4m7!3m6!1s0x94c63376c49c85b7:0xfe4f96b8a418708a!8m2!3d-22.6775623!4d-47.6810894!16s%2Fg%2F11mw8jx9yh!19sChIJt4WcxHYzxpQRinAYpLiWT_4?authuser=0&hl=pt-BR&g_ep=EgoyMDI2MDkzMC4wIJJjKgBIAVAD&rclk=1;7
Anel 3;Catanduva/SP;ELETRICA AVENIDA;;;;;https://www.google.com/maps/place/ELETRICA+AVENIDA/data=!4m7!3m6!1s0x94bc1dd3dd1feeb1:0xeb4497c933637391!8m2!3d-21.1296513!4d-48.9541422!16s%2Fg%2F11tbwlys1z!19sChIJse4f3dMdvJQRkXNjM8mXROs?authuser=0&hl=pt-BR&g_ep=EgoyMDI2MDkzMC4wIJJjKgBIAVAD&rclk=1;6
Anel 3;Catanduva/SP;Elétrica Castro;;(17) 99753-4988;;http://encurtador.com.br/pzJ39;https://www.google.com/maps/place/El%C3%A9trica+Castro/data=!4m7!3m6!1s0x94bc1dcd79b62f3d:0x7dd025e65e7383e7!8m2!3d-21.1228443!4d-48.9453611!16s%2Fg%2F11g0g8z9g4!19sChIJPS-2ec0dvJQR54NzXuYl0H0?authuser=0&hl=pt-BR&g_ep=EgoyMDI2MDkzMC4wIJJjKgBIAVAD&rclk=1;6
Anel 3;São José do Rio Preto/SP;APAVE Painéis Elétricos LTDA.;(17) 3238-2774;;apaveorcamento@gmail.com;https://www.apavepaineis.com.br/;https://www.google.com/maps/place/APAVE+Pain%C3%A9is+El%C3%A9tricos+LTDA./data=!4m7!3m6!1s0x94bdacbd0e588897:0xccb129e3cdce2fd5!8m2!3d-20.8383615!4d-49.3516771!16s%2Fg%2F11b6hj5sxj!19sChIJl4hYDr2svZQR1S_OzeMpscw?authuser=0&hl=pt-BR&g_ep=EgoyMDI2MDkzMC4wIJJjKgBIAVAD&rclk=1;6
Anel 3;Rio Claro/SP;Tecnoeng Painéis Elétricos e Segurança;(19) 3023-7626;;contato@tecnoengautomacao.com.br;http://www.tecnoengautomacao.com.br/;https://www.google.com/maps/place/Tecnoeng+Pain%C3%A9is+El%C3%A9tricos+e+Seguran%C3%A7a/data=!4m7!3m6!1s0x94c7da66c9ee4855:0xf14c98e6859fddbb!8m2!3d-22.4382742!4d-47.5670967!16s%2Fg%2F1ptx6tr_y!19sChIJVUjuyWbax5QRu92fheaYTPE?authuser=0&hl=pt-BR&g_ep=EgoyMDI2MDkzMC4wIJJjKgBIAVAD&rclk=1;6
Anel 3;Piracicaba/SP;MECALUZ Soluções em Materiais Elétricos;(19) 3426-1476;;;;https://www.google.com/maps/place/MECALUZ+Solu%C3%A7%C3%B5es+em+Materiais+El%C3%A9tricos/data=!4m7!3m6!1s0x94c6303b6e187f1f:0x66d060a020249e48!8m2!3d-22.7418969!4d-47.6178589!16s%2Fg%2F11gb3rj1f2!19sChIJH38YbjswxpQRSJ4kIKBg0GY?authuser=0&hl=pt-BR&g_ep=EgoyMDI2MDkzMC4wIJJjKgBIAVAD&rclk=1;6
Anel 3;Piracicaba/SP;Techno Supply Importação Exportação;(19) 3403-2300;(19) 98129-6503;spvendas@technosupply.com.br;https://technosupply.com.br/ | https://www.instagram.com/technosupply.automacao;https://www.google.com/maps/place/Techno+Supply+Importa%C3%A7%C3%A3o+Exporta%C3%A7%C3%A3o/data=!4m7!3m6!1s0x94c633d62ab56885:0xc94273ce8c90ace2!8m2!3d-22.7463893!4d-47.6197737!16s%2Fg%2F1v3kp57p!19sChIJhWi1KtYzxpQR4qyQjM5zQsk?authuser=0&hl=pt-BR&g_ep=EgoyMDI2MDkzMC4wIJJjKgBIAVAD&rclk=1;6
Anel 3;Passos/MG;J FIOS E CABOS MATERIAIS ELETRICOS;(35) 3526-9230;(35) 99934-9230;;https://www.clickdisk.com.br/telefone/passos-mg/j-fios;https://www.google.com/maps/place/J+FIOS+E+CABOS+MATERIAIS+ELETRICOS/data=!4m7!3m6!1s0x94b6c35a929dd0f1:0x15583e6a9e095b43!8m2!3d-20.748008!4d-46.6041162!16s%2Fg%2F11g_zfrq2m!19sChIJ8dCdklrDtpQRQ1sJnmo-WBU?authuser=0&hl=pt-BR&g_ep=EgoyMDI2MDkzMC4wIJJjKgBIAVAD&rclk=1;6
Anel 3;Passos/MG;FRADE Store;(35) 3521-8680;(35) 3521-8680;;https://fradestore.com.br/;https://www.google.com/maps/place/FRADE+Store/data=!4m7!3m6!1s0x94b6c3355b5abc03:0x39cd972b792d4b0d!8m2!3d-20.7186555!4d-46.5997766!16s%2Fg%2F11sm7sx89z!19sChIJA7xaWzXDtpQRDUsteSuXzTk?authuser=0&hl=pt-BR&g_ep=EgoyMDI2MDkzMC4wIJJjKgBIAVAD&rclk=1;6
Anel 3;Poços de Caldas/MG;Eletrika Materiais Elétricos;;(35) 99751-6948;;;https://www.google.com/maps/place/Eletrika+Materiais+El%C3%A9tricos/data=!4m7!3m6!1s0x94c9e9ca01b7e345:0x55990acd088dfe81!8m2!3d-21.8033805!4d-46.5151195!16s%2Fg%2F11wpnt3qkk!19sChIJReO3AcrpyZQRgf6NCM0KmVU?authuser=0&hl=pt-BR&g_ep=EgoyMDI2MDkzMC4wIJJjKgBIAVAD&rclk=1;6
Anel 3;Barretos/SP;Cirino & Cirino;(17) 3325-8315;;;;https://www.google.com/maps/place/Cirino+%26+Cirino/data=!4m7!3m6!1s0x94bb853114a4c479:0xaaefadfa1c3e0d9d!8m2!3d-20.556487!4d-48.5714389!16s%2Fg%2F11kb8k782z!19sChIJecSkFDGFu5QRnQ0-HPqt76o?authuser=0&hl=pt-BR&g_ep=EgoyMDI2MDkzMC4wIJJjKgBIAVAD&rclk=1;5
Anel 3;Catanduva/SP;ELETRICA PAULISTA;;(17) 99788-1281;;;https://www.google.com/maps/place/ELETRICA+PAULISTA/data=!4m7!3m6!1s0x94bc1daddbbcfdc7:0x44b9e8adf3608ac9!8m2!3d-21.1339204!4d-48.9624286!16s%2Fg%2F11p_2fgjhy!19sChIJx_28260dvJQRyYpg863ouUQ?authuser=0&hl=pt-BR&g_ep=EgoyMDI2MDkzMC4wIJJjKgBIAVAD&rclk=1;5
Anel 3;Catanduva/SP;Só fios materiais elétricos;(17) 3525-0170;;;;https://www.google.com/maps/place/S%C3%B3+fios+materiais+el%C3%A9tricos/data=!4m7!3m6!1s0x94bc1d5ae21d792f:0x7d49cc3e6819f97a!8m2!3d-21.1432163!4d-48.9451261!16s%2Fg%2F11svhx71_b!19sChIJL3kd4lodvJQRevkZaD7MSX0?authuser=0&hl=pt-BR&g_ep=EgoyMDI2MDkzMC4wIJJjKgBIAVAD&rclk=1;5
Anel 3;Catanduva/SP;Líder Painéis;(17) 3525-6788;;;https://liderpaineis.com.br/;https://www.google.com/maps/place/L%C3%ADder+Pain%C3%A9is/data=!4m7!3m6!1s0x94bc1fa1474153c9:0x82662e24b6553498!8m2!3d-21.1403553!4d-49.0016037!16s%2Fg%2F11rxjq7qmn!19sChIJyVNBR6EfvJQRmDRVtiQuZoI?authuser=0&hl=pt-BR&g_ep=EgoyMDI2MDkzMC4wIJJjKgBIAVAD&rclk=1;5
Anel 3;Pirassununga/SP;GDR Eletricidade & Serviços;;(16) 99753-9822;;http://gdreletricidade.com.br/;https://www.google.com/maps/place/GDR+Eletricidade+%26+Servi%C3%A7os/data=!4m7!3m6!1s0x94b80316eb33c82f:0x6845306fc55d0d18!8m2!3d-22.0079074!4d-47.4162827!16s%2Fg%2F11fj1j98nh!19sChIJL8gz6xYDuJQRGA1dxW8wRWg?authuser=0&hl=pt-BR&g_ep=EgoyMDI2MDkzMC4wIJJjKgBIAVAD&rclk=1;5
Anel 3;Leme/SP;Auto Eletrica Ruiz;;;;;https://www.google.com/maps/place/Auto+Eletrica+Ruiz/data=!4m7!3m6!1s0x94c80b7fb9ddf871:0xee868a39513816bb!8m2!3d-22.1890387!4d-47.3721491!16s%2Fg%2F11gfd2w_w3!19sChIJcfjduX8LyJQRuxY4UTmKhu4?authuser=0&hl=pt-BR&g_ep=EgoyMDI2MDkzMC4wIJJjKgBIAVAD&rclk=1;5
Anel 3;Limeira/SP;ConstruDigi Distribuidora de Material para Construção I Atacado Material Construção I Atacadista I Limeira;(11) 4240-7733;;;https://www.construdigi.com.br/;https://www.google.com/maps/place/ConstruDigi+Distribuidora+de+Material+para+Constru%C3%A7%C3%A3o+I+Atacado+Material+Constru%C3%A7%C3%A3o+I+Atacadista+I+Limeira/data=!4m7!3m6!1s0x94c8814f17fbb42d:0x629ea6b344e2ccc9!8m2!3d-22.608083!4d-47.361607!16s%2Fg%2F11rsh8x7s3!19sChIJLbT7F0-ByJQRycziRLOmnmI?authuser=0&hl=pt-BR&g_ep=EgoyMDI2MDkzMC4wIJJjKgBIAVAD&rclk=1;5
Anel 3;Piracicaba/SP;3S Eletricidade - Unidade São Francisco;(19) 3414-0879;;comercial@3seletricidade.com.br;https://www.3seletricidade.com.br/ | http://instagram.com/3seletricidade;https://www.google.com/maps/place/3S+Eletricidade+-+Unidade+S%C3%A3o+Francisco/data=!4m7!3m6!1s0x94c625fb3de65443:0x52fb44b24ebc28e8!8m2!3d-22.7737299!4d-47.5910036!16s%2Fg%2F11vx3b21cm!19sChIJQ1TmPfslxpQR6Ci8TrJE-1I?authuser=0&hl=pt-BR&g_ep=EgoyMDI2MDkzMC4wIJJjKgBIAVAD&rclk=1;5
Anel 3;São Sebastião do Paraíso/MG;Solar Paraiso Energia Fotovoltaica, Engenharia e Serviços;;(35) 99898-5566;;http://www.solarparaiso.com.br/ | https://www.instagram.com/solarparaiso.mg;https://www.google.com/maps/place/Solar+Paraiso+Energia+Fotovoltaica,+Engenharia+e+Servi%C3%A7os/data=!4m7!3m6!1s0x94b717946692a1ff:0xf32ff4f6d8ad3601!8m2!3d-20.906868!4d-46.989335!16s%2Fg%2F11h2qnt_yr!19sChIJ_6GSZpQXt5QRATat2Pb0L_M?authuser=0&hl=pt-BR&g_ep=EgoyMDI2MDkzMC4wIJJjKgBIAVAD&rclk=1;5
Anel 3;Passos/MG;Luz Materiais Elétricos;;(35) 99957-9475;;https://wa.me/5535999579475 | https://www.instagram.com/whatsapp;https://www.google.com/maps/place/Luz+Materiais+El%C3%A9tricos/data=!4m7!3m6!1s0x94b6c3e6f9cef059:0x457a53e7d31a9983!8m2!3d-20.7053617!4d-46.6207464!16s%2Fg%2F11wq9nj2j1!19sChIJWfDO-ebDtpQRg5ka0-dTekU?authuser=0&hl=pt-BR&g_ep=EgoyMDI2MDkzMC4wIJJjKgBIAVAD&rclk=1;5
Anel 3;Passos/MG;Tec Elétrica Passos;;(35) 99276-8198;;https://www.teceletricapassos.com.br/;https://www.google.com/maps/place/Tec+El%C3%A9trica+Passos/data=!4m7!3m6!1s0x94b6c3fb37d96c19:0xf321e4e674cf5ceb!8m2!3d-20.7538664!4d-46.6010043!16s%2Fg%2F11nvjjpq1w!19sChIJGWzZN_vDtpQR61zPdObkIfM?authuser=0&hl=pt-BR&g_ep=EgoyMDI2MDkzMC4wIJJjKgBIAVAD&rclk=1;5
Anel 3;Poços de Caldas/MG;AG Materiais Elétricos - Poços de Caldas - MG;(35) 3712-8920;;;;https://www.google.com/maps/place/AG+Materiais+El%C3%A9tricos+-+Po%C3%A7os+de+Caldas+-+MG/data=!4m7!3m6!1s0x94c9dd1edee94eb7:0x6c458c0396f7d0b0!8m2!3d-21.7864106!4d-46.5800165!16s%2Fg%2F11b60bb86w!19sChIJt07p3h7dyZQRsND3lgOMRWw?authuser=0&hl=pt-BR&g_ep=EgoyMDI2MDkzMC4wIJJjKgBIAVAD&rclk=1;5
Anel 3;São José do Rio Preto/SP;Comercial Bugiganga Material para Construção;(17) 4009-7272;;;;https://www.google.com/maps/place/Comercial+Bugiganga+Material+para+Constru%C3%A7%C3%A3o/data=!4m7!3m6!1s0x94bdace1f0cc1f67:0x700b00460db8e078!8m2!3d-20.827401!4d-49.373093!16s%2Fg%2F11h098k29!19sChIJZx_M8OGsvZQReOC4DUYAC3A?authuser=0&hl=pt-BR&g_ep=EgoyMDI2MDkzMC4wIJJjKgBIAVAD&rclk=1;4
Anel 3;São José do Rio Preto/SP;Isaluz Materiais Eletricos;;(17) 99254-6901;;;https://www.google.com/maps/place/Isaluz+Materiais+Eletricos/data=!4m7!3m6!1s0x94bdad5c68989fbb:0x23902cf28cbb6e85!8m2!3d-20.774643!4d-49.3874!16s%2Fg%2F11lzxct225!19sChIJu5-YaFytvZQRhW67jPIskCM?authuser=0&hl=pt-BR&g_ep=EgoyMDI2MDkzMC4wIJJjKgBIAVAD&rclk=1;4
Anel 3;Pirassununga/SP;Jamfix Componentes Elétricos;(19) 3562-5902;;vendas@jamfix.com.br;https://jamfix.com.br/;https://www.google.com/maps/place/Jamfix+Componentes+El%C3%A9tricos/data=!4m7!3m6!1s0x94c800f955555555:0x17c07f83021b0208!8m2!3d-21.9737625!4d-47.415699!16s%2Fg%2F1ptx77h8s!19sChIJVVVVVfkAyJQRCAIbAoN_wBc?authuser=0&hl=pt-BR&g_ep=EgoyMDI2MDkzMC4wIJJjKgBIAVAD&rclk=1;4
Anel 3;Araras/SP;Perissatto Material Construção e Elétrico;(19) 3542-3499;;;https://wa.me/message/WDYW76NKGDXVL1 | https://www.instagram.com/whatsapp;https://www.google.com/maps/place/Perissatto+Material+Constru%C3%A7%C3%A3o+e+El%C3%A9trico/data=!4m7!3m6!1s0x94c877f0364e6ef7:0xf215ab45a2c5d013!8m2!3d-22.3753661!4d-47.388676!16s%2Fg%2F11vsfd24vc!19sChIJ925ONvB3yJQRE9DFokWrFfI?authuser=0&hl=pt-BR&g_ep=EgoyMDI2MDkzMC4wIJJjKgBIAVAD&rclk=1;4
Anel 3;Araras/SP;Corrente Alternada Manutenção e Instalação Elétrica Ltda - ME;(19) 3551-0524;;;http://www.caeletrica.com.br/;https://www.google.com/maps/place/Corrente+Alternada+Manuten%C3%A7%C3%A3o+e+Instala%C3%A7%C3%A3o+El%C3%A9trica+Ltda+-+ME/data=!4m7!3m6!1s0x94c870a9f773166b:0x9e9db7e856eebd3c!8m2!3d-22.3670999!4d-47.3702623!16s%2Fg%2F1v2kyjky!19sChIJaxZz96lwyJQRPL3uVui3nZ4?authuser=0&hl=pt-BR&g_ep=EgoyMDI2MDkzMC4wIJJjKgBIAVAD&rclk=1;4
Anel 3;Rio Claro/SP;Motores para Portão - RC Motores;(19) 3523-1001;;;http://pparioclaro.com.br/;https://www.google.com/maps/place/Motores+para+Port%C3%A3o+-+RC+Motores/data=!4m7!3m6!1s0x94c7da53b4582ee1:0xbd7786e5e47680fd!8m2!3d-22.3972594!4d-47.5622244!16s%2Fg%2F11f__ljbr6!19sChIJ4S5YtFPax5QR_YB25OWGd70?authuser=0&hl=pt-BR&g_ep=EgoyMDI2MDkzMC4wIJJjKgBIAVAD&rclk=1;4
Anel 3;Limeira/SP;Limercamp - Materiais Elétricos em Limeira;(19) 3513-8176;;limercamp@limercamp.com.br;https://limercamp.com.br/ | https://www.instagram.com/limercamp;https://www.google.com/maps/place/Limercamp+-+Materiais+El%C3%A9tricos+em+Limeira/data=!4m7!3m6!1s0x94c881acea838c6d:0xca1ee4b1222dac78!8m2!3d-22.5481136!4d-47.3681273!16s%2Fg%2F11nc32bjrc!19sChIJbYyD6qyByJQReKwtIrHkHso?authuser=0&hl=pt-BR&g_ep=EgoyMDI2MDkzMC4wIJJjKgBIAVAD&rclk=1;4
Anel 3;Limeira/SP;Preciso Soluções em Automação;(19) 3702-4676;;contato@precisoautomacao.com.br;https://www.precisoautomacao.com.br/;https://www.google.com/maps/place/Preciso+Solu%C3%A7%C3%B5es+em+Automa%C3%A7%C3%A3o/data=!4m7!3m6!1s0x94c88060dc857b1d:0x3d886452865c1b56!8m2!3d-22.563797!4d-47.413777!16s%2Fg%2F11b75dtm8x!19sChIJHXuF3GCAyJQRVhtchlJkiD0?authuser=0&hl=pt-BR&g_ep=EgoyMDI2MDkzMC4wIJJjKgBIAVAD&rclk=1;4
Anel 3;Piracicaba/SP;Celpi Comercial Elétrica Piracicabana;(19) 3426-0401;;contato.celpi@gmail.com;https://celpieletrica.wixsite.com/celpi | https://www.instagram.com/celpieletrica;https://www.google.com/maps/place/Celpi+Comercial+El%C3%A9trica+Piracicabana/data=!4m7!3m6!1s0x94c631dba59aeb7f:0x7572bde60d45cd7b!8m2!3d-22.7347854!4d-47.6225886!16s%2Fg%2F11k3qvm0z0!19sChIJf-uapdsxxpQRe81FDea9cnU?authuser=0&hl=pt-BR&g_ep=EgoyMDI2MDkzMC4wIJJjKgBIAVAD&rclk=1;4
Anel 3;São Sebastião do Paraíso/MG;EMEC - Eletrominas;(35) 3531-0337;;;http://www.emeceletrominas.com.br/;https://www.google.com/maps/place/EMEC+-+Eletrominas/data=!4m7!3m6!1s0x94b71997c00cf66f:0x12aa14b9afa7fcd8!8m2!3d-20.9027862!4d-46.9720344!16s%2Fg%2F11g18_fk41!19sChIJb_YMwJcZt5QR2Pynr7kUqhI?authuser=0&hl=pt-BR&g_ep=EgoyMDI2MDkzMC4wIJJjKgBIAVAD&rclk=1;4
Anel 3;São Sebastião do Paraíso/MG;Mega Lojão do Brás Paraíso;;(11) 97305-6282;;https://www.facebook.com/MEGA-LOJ%C3%83O-Do-BR%C3%81S-Para%C3%ADso-MG-102193015429676;https://www.google.com/maps/place/Mega+Loj%C3%A3o+do+Br%C3%A1s+Para%C3%ADso/data=!4m7!3m6!1s0x94b7176a5b624433:0x34ab7d4a08e2385f!8m2!3d-20.9182987!4d-46.9846192!16s%2Fg%2F11q311gby6!19sChIJM0RiW2oXt5QRXzjiCEp9qzQ?authuser=0&hl=pt-BR&g_ep=EgoyMDI2MDkzMC4wIJJjKgBIAVAD&rclk=1;4
Anel 3;São Sebastião do Paraíso/MG;4f Peças Elétricas LTDA;;(35) 99975-3405;contato@4fpecas.com.br;https://www.4fpecas.com.br/ | https://www.instagram.com/google;https://www.google.com/maps/place/4f+Pe%C3%A7as+El%C3%A9tricas+LTDA/data=!4m7!3m6!1s0x94b71764f2ff5afb:0xa4049714a8d5ffe5!8m2!3d-20.8999061!4d-46.9846286!16s%2Fg%2F11v43tjb52!19sChIJ-1r_8mQXt5QR5f_VqBSXBKQ?authuser=0&hl=pt-BR&g_ep=EgoyMDI2MDkzMC4wIJJjKgBIAVAD&rclk=1;4
Anel 3;Poços de Caldas/MG;Setec Materiais Elétricos;(35) 3301-3888;;;;https://www.google.com/maps/place/Setec+Materiais+El%C3%A9tricos/data=!4m7!3m6!1s0x94c9e9fa952e6d0d:0x49ec2ec77512dda7!8m2!3d-21.8000925!4d-46.508309!16s%2Fg%2F11s2lkdbcj!19sChIJDW0ulfrpyZQRp90Sdccu7Ek?authuser=0&hl=pt-BR&g_ep=EgoyMDI2MDkzMC4wIJJjKgBIAVAD&rclk=1;4
Anel 3;Poços de Caldas/MG;Atri Automação e Segurança;(35) 3721-8749;;;;https://www.google.com/maps/place/Atri+Automa%C3%A7%C3%A3o+e+Seguran%C3%A7a/data=!4m7!3m6!1s0x94c9dcefc3cb20f5:0xcbdf86d54d48cd5!8m2!3d-21.7795509!4d-46.566871!16s%2Fg%2F1tdglchb!19sChIJ9SDLw-_cyZQR1YzUVG34vQw?authuser=0&hl=pt-BR&g_ep=EgoyMDI2MDkzMC4wIJJjKgBIAVAD&rclk=1;4
Anel 3;Poços de Caldas/MG;Lamesa Fios e Cabos Eletr;0800 016 1642;;;;https://www.google.com/maps/place/Lamesa+Fios+e+Cabos+Eletr/data=!4m7!3m6!1s0x94c9c5003d23bf31:0x1c51e8b316c71652!8m2!3d-21.8400712!4d-46.6514371!16s%2Fg%2F11y34_tpq4!19sChIJMb8jPQDFyZQRUhbHFrPoURw?authuser=0&hl=pt-BR&g_ep=EgoyMDI2MDkzMC4wIJJjKgBIAVAD&rclk=1;4
Anel 3;Poços de Caldas/MG;Dr Distribuidora elétrica,hidráulica,ferramentas e tintas;(35) 3714-1638;;;;https://www.google.com/maps/place/Dr+Distribuidora+el%C3%A9trica,hidr%C3%A1ulica,ferramentas+e+tintas/data=!4m7!3m6!1s0x94c9dc86572630a7:0xc34d8726e198ddad!8m2!3d-21.7824018!4d-46.5858947!16s%2Fg%2F11bzwqgq7g!19sChIJpzAmV4bcyZQRrd2Y4SaHTcM?authuser=0&hl=pt-BR&g_ep=EgoyMDI2MDkzMC4wIJJjKgBIAVAD&rclk=1;4
Anel 3;Barretos/SP;FIOS & CIA;(17) 3322-9639;(17) 99101-5147;contato@fiosecia.com;http://www.fiosecia.com/;https://www.google.com/maps/place/FIOS+%26+CIA/data=!4m7!3m6!1s0x94bb854ed83ee671:0xfa9a259961c4fd5c!8m2!3d-20.5705705!4d-48.5661741!16s%2Fg%2F11hbntd269!19sChIJceY-2E6Fu5QRXP3EYZklmvo?authuser=0&hl=pt-BR&g_ep=EgoyMDI2MDkzMC4wIJJjKgBIAVAD&rclk=1;3
Anel 3;Catanduva/SP;CENTRAL LIGHT LED;;;;;https://www.google.com/maps/place/CENTRAL+LIGHT+LED/data=!4m7!3m6!1s0x94bc1f50f11fd723:0x3a220f72bfac90cb!8m2!3d-21.147512!4d-48.9760124!16s%2Fg%2F11kjx_lnh_!19sChIJI9cf8VAfvJQRy5Csv3IPIjo?authuser=0&hl=pt-BR&g_ep=EgoyMDI2MDkzMC4wIJJjKgBIAVAD&rclk=1;3
Anel 3;São José do Rio Preto/SP;ELÉTRIC POWER PAINÉIS ELÉTRICOS;;(17) 99172-5231;vendas@eletricpowerpaineis.com.br;https://www.eletricpowerpaineis.com.br/ | https://www.instagram.com/eletricpowerpaineis;https://www.google.com/maps/place/EL%C3%89TRIC+POWER+PAIN%C3%89IS+EL%C3%89TRICOS/data=!4m7!3m6!1s0x94bdad20caff1621:0xf5ffc2f3a0cb3e9c!8m2!3d-20.8463857!4d-49.3722959!16s%2Fg%2F11yfzs932l!19sChIJIRb_yiCtvZQRnD7LoPPC__U?authuser=0&hl=pt-BR&g_ep=EgoyMDI2MDkzMC4wIJJjKgBIAVAD&rclk=1;3
Anel 3;Rio Claro/SP;Delta Materiais Elétricos;;;;;https://www.google.com/maps/place/Delta+Materiais+El%C3%A9tricos/data=!4m7!3m6!1s0x94c7dbc0c68f50db:0xb0a40f56c9a6377f!8m2!3d-22.3821908!4d-47.5460178!16s%2Fg%2F11hb5s5dq3!19sChIJ21CPxsDbx5QRfzemyVYPpLA?authuser=0&hl=pt-BR&g_ep=EgoyMDI2MDkzMC4wIJJjKgBIAVAD&rclk=1;3
Anel 3;Rio Claro/SP;Teknon Automação Industrial;;(19) 99946-0203;contato@teknonautomacao.com.br;http://www.teknonautomacao.com.br/ | https://www.instagram.com/teknonautomacao;https://www.google.com/maps/place/Teknon+Automa%C3%A7%C3%A3o+Industrial/data=!4m7!3m6!1s0x94c7db1f08819d0b:0x673b25c319858fcc!8m2!3d-22.394777!4d-47.5836354!16s%2Fg%2F11c6rwrzsf!19sChIJC52BCB_bx5QRzI-FGcMlO2c?authuser=0&hl=pt-BR&g_ep=EgoyMDI2MDkzMC4wIJJjKgBIAVAD&rclk=1;3
Anel 3;Limeira/SP;MR Automação Elétrica;(19) 3443-1562;;contato@mreletricidade.com.br;https://www.mreletricidade.com.br/ | https://www.instagram.com/mrautomacaoeletrica;https://www.google.com/maps/place/MR+Automa%C3%A7%C3%A3o+El%C3%A9trica/data=!4m7!3m6!1s0x94c881a389da3539:0x2c85bc906a0195fa!8m2!3d-22.566216!4d-47.4210442!16s%2Fg%2F11hmsvj1yh!19sChIJOTXaiaOByJQR-pUBapC8hSw?authuser=0&hl=pt-BR&g_ep=EgoyMDI2MDkzMC4wIJJjKgBIAVAD&rclk=1;3
Anel 3;Poços de Caldas/MG;ELETROVOLT MATERIAIS ELÉTRICOS E HIDRÁULICOS - PADRÃO DE ÁGUA E LUZ.;(35) 3713-6952;;;;https://www.google.com/maps/place/ELETROVOLT+MATERIAIS+EL%C3%89TRICOS+E+HIDR%C3%81ULICOS+-+PADR%C3%83O+DE+%C3%81GUA+E+LUZ./data=!4m7!3m6!1s0x94c9c34d1eee0339:0xaceefa102ecf10dc!8m2!3d-21.8496566!4d-46.5693822!16s%2Fg%2F11q3hhl1c2!19sChIJOQPuHk3DyZQR3BDPLhD67qw?authuser=0&hl=pt-BR&g_ep=EgoyMDI2MDkzMC4wIJJjKgBIAVAD&rclk=1;3
Anel 3;Barretos/SP;Fj Elétrica;(17) 3102-0171;;;;https://www.google.com/maps/place/Fj+El%C3%A9trica/data=!4m7!3m6!1s0x94bb84d62b37485f:0x9274d0d336007c52!8m2!3d-20.5641912!4d-48.5651724!16s%2Fg%2F11kpkqdj0n!19sChIJX0g3K9aEu5QRUnwANtPQdJI?authuser=0&hl=pt-BR&g_ep=EgoyMDI2MDkzMC4wIJJjKgBIAVAD&rclk=1;2
Anel 3;Catanduva/SP;Felipe Auto Elétrica;;(17) 99113-4410;;;https://www.google.com/maps/place/Felipe+Auto+El%C3%A9trica/data=!4m7!3m6!1s0x94bc1dea1a0eb81d:0xf2de750df2381274!8m2!3d-21.1181508!4d-48.965101!16s%2Fg%2F11vpp8x4mm!19sChIJHbgOGuodvJQRdBI48g113vI?authuser=0&hl=pt-BR&g_ep=EgoyMDI2MDkzMC4wIJJjKgBIAVAD&rclk=1;2
Anel 3;Porto Ferreira/SP;Materiais Elétricos;;;;;https://www.google.com/maps/place/Materiais+El%C3%A9tricos/data=!4m7!3m6!1s0x94b803a202185d33:0x26fdc8fc1a6f99fa!8m2!3d-21.8558041!4d-47.4871556!16s%2Fg%2F11vjdcp7p7!19sChIJM10YAqIDuJQR-plvGvzI_SY?authuser=0&hl=pt-BR&g_ep=EgoyMDI2MDkzMC4wIJJjKgBIAVAD&rclk=1;2
Anel 3;Leme/SP;Center Luz Materiais Elétricos;(19) 3571-1298;;;;https://www.google.com/maps/place/Center+Luz+Materiais+El%C3%A9tricos/data=!4m7!3m6!1s0x94c80b7dcfc8be89:0xff9efb3636d293b9!8m2!3d-22.1928003!4d-47.372658!16s%2Fg%2F11bytmspyc!19sChIJib7Iz30LyJQRuZPSNjb7nv8?authuser=0&hl=pt-BR&g_ep=EgoyMDI2MDkzMC4wIJJjKgBIAVAD&rclk=1;2
Anel 3;Leme/SP;Utron Iluminaçao;;(19) 97410-7356;contato@utron.com.br;http://www.utron.com.br/ | https://www.instagram.com/utroniluminacao;https://www.google.com/maps/place/Utron+Ilumina%C3%A7ao/data=!4m7!3m6!1s0x94c80b1740fee26f:0xee078435441f300a!8m2!3d-22.1987854!4d-47.3904507!16s%2Fg%2F11g87yyckl!19sChIJb-L-QBcLyJQRCjAfRDWEB-4?authuser=0&hl=pt-BR&g_ep=EgoyMDI2MDkzMC4wIJJjKgBIAVAD&rclk=1;2
Anel 3;Leme/SP;Mendes Auto Elétrica;(19) 3571-4712;;;https://www.mercadolivre.com.br/placa-body-computer-fiat-51865512-nbc-17846/up/MLBU1331302863;https://www.google.com/maps/place/Mendes+Auto+El%C3%A9trica/data=!4m7!3m6!1s0x94c80bc07b0f0439:0x3f310dfbe0f52bad!8m2!3d-22.2016845!4d-47.3817723!16s%2Fg%2F11ysh_sxng!19sChIJOQQPe8ALyJQRrSv14PsNMT8?authuser=0&hl=pt-BR&g_ep=EgoyMDI2MDkzMC4wIJJjKgBIAVAD&rclk=1;2
Anel 3;Limeira/SP;RJL Eletro Hidráulica;(19) 3441-1478;(19) 98217-0268;contato@rjleletrohidraulica.com.br;http://www.rjleletrohidraulica.com.br/;https://www.google.com/maps/place/RJL+Eletro+Hidr%C3%A1ulica/data=!4m7!3m6!1s0x94c880ca2de16a5f:0x28f98efa1e195bad!8m2!3d-22.5553142!4d-47.3750219!16s%2Fg%2F1ptxwtrnb!19sChIJX2rhLcqAyJQRrVsZHvqO-Sg?authuser=0&hl=pt-BR&g_ep=EgoyMDI2MDkzMC4wIJJjKgBIAVAD&rclk=1;2
Anel 3;Limeira/SP;Elétrica eletrosants;(19) 3495-6683;;;;https://www.google.com/maps/place/El%C3%A9trica+eletrosants/data=!4m7!3m6!1s0x94c881b3fb53fa2b:0x8464b97cabcf4f63!8m2!3d-22.5578695!4d-47.4390784!16s%2Fg%2F11s1rltzry!19sChIJK_pT-7OByJQRY0_Pq3y5ZIQ?authuser=0&hl=pt-BR&g_ep=EgoyMDI2MDkzMC4wIJJjKgBIAVAD&rclk=1;2
Anel 3;Limeira/SP;Luz Nova Iluminação;;(19) 99883-0768;;;https://www.google.com/maps/place/Luz+Nova+Ilumina%C3%A7%C3%A3o/data=!4m7!3m6!1s0x94c881ac225b220b:0xdedad8bb6e61b060!8m2!3d-22.5726995!4d-47.3792755!16s%2Fg%2F11j0cvjdch!19sChIJCyJbIqyByJQRYLBhbrvY2t4?authuser=0&hl=pt-BR&g_ep=EgoyMDI2MDkzMC4wIJJjKgBIAVAD&rclk=1;2
Anel 3;Piracicaba/SP;ELETRIX MATERIAIS ELÉTRICOS E PRESTAÇÃO DE SERVIÇOS;;(19) 97113-5365;;;https://www.google.com/maps/place/ELETRIX+MATERIAIS+EL%C3%89TRICOS+E+PRESTA%C3%87%C3%83O+DE+SERVI%C3%87OS/data=!4m7!3m6!1s0x94c631804e3d3cf9:0x9a3563f013f85f94!8m2!3d-22.7133489!4d-47.6818182!16s%2Fg%2F11h542dk2v!19sChIJ-Tw9ToAxxpQRlF_4E_BjNZo?authuser=0&hl=pt-BR&g_ep=EgoyMDI2MDkzMC4wIJJjKgBIAVAD&rclk=1;2
Anel 3;Piracicaba/SP;DISMEP;(19) 3052-0198;;;http://www.dismep.com.br/;https://www.google.com/maps/place/DISMEP/data=!4m7!3m6!1s0x94c633911f7b32b1:0x6a6e0ce254d7e21e!8m2!3d-22.6740027!4d-47.6332539!16s%2Fg%2F11cs3y6yrx!19sChIJsTJ7H5EzxpQRHuLXVOIMbmo?authuser=0&hl=pt-BR&g_ep=EgoyMDI2MDkzMC4wIJJjKgBIAVAD&rclk=1;2
Anel 3;São Sebastião do Paraíso/MG;ILUMINAR LOJA 2 MATÉRIAS ELÉTRICOS E FERRAMENTAS;;(35) 99880-0441;;;https://www.google.com/maps/place/ILUMINAR+LOJA+2+MAT%C3%89RIAS+EL%C3%89TRICOS+E+FERRAMENTAS/data=!4m7!3m6!1s0x94b7176a2508f13b:0x9ab22994f540c65d!8m2!3d-20.9004077!4d-47.001887!16s%2Fg%2F11zxkkfg9w!19sChIJO_EIJWoXt5QRXcZA9ZQpspo?authuser=0&hl=pt-BR&g_ep=EgoyMDI2MDkzMC4wIJJjKgBIAVAD&rclk=1;2
Anel 3;Passos/MG;Distripassos Arranques e Alternadores Ltda ( Distribuidora motor partida e alternador);(35) 3413-3060;;;;https://www.google.com/maps/place/Distripassos+Arranques+e+Alternadores+Ltda+%28+Distribuidora+motor+partida+e+alternador%29/data=!4m7!3m6!1s0x94b6c372d514f7e1:0x5ddf495ed531ddf0!8m2!3d-20.732747!4d-46.6052343!16s%2Fg%2F11x5d_78j6!19sChIJ4fcU1XLDtpQR8N0x1V5J310?authuser=0&hl=pt-BR&g_ep=EgoyMDI2MDkzMC4wIJJjKgBIAVAD&rclk=1;2
Anel 3;Barretos/SP;Eletro Kasa Comercio De Materiais Eletricos Ltda;(17) 3325-1224;;;;https://www.google.com/maps/place/Eletro+Kasa+Comercio+De+Materiais+Eletricos+Ltda/data=!4m7!3m6!1s0x94bb854d68c3ffff:0xfe55262bfed2060f!8m2!3d-20.5723438!4d-48.5602544!16s%2Fg%2F11h42q1v9k!19sChIJ___DaE2Fu5QRDwbS_ismVf4?authuser=0&hl=pt-BR&g_ep=EgoyMDI2MDkzMC4wIJJjKgBIAVAD&rclk=1;0
Anel 3;Barretos/SP;Eletro GP Materiais e Instalações Elétricas;;(17) 98141-0004;;;https://www.google.com/maps/place/Eletro+GP+Materiais+e+Instala%C3%A7%C3%B5es+El%C3%A9tricas/data=!4m7!3m6!1s0x94bb851769f409b7:0x93747484f8f7e767!8m2!3d-20.5685848!4d-48.5623149!16s%2Fg%2F11yb09j5hh!19sChIJtwn0aReFu5QRZ-f3-IR0dJM?authuser=0&hl=pt-BR&g_ep=EgoyMDI2MDkzMC4wIJJjKgBIAVAD&rclk=1;0
Anel 3;Barretos/SP;Eletro Rocha;;(17) 99709-9046;;;https://www.google.com/maps/place/Eletro+Rocha/data=!4m7!3m6!1s0x94bb85110d15d979:0x2d12731a649551be!8m2!3d-20.5507377!4d-48.5604597!16s%2Fg%2F11y50m8864!19sChIJedkVDRGFu5QRvlGVZBpzEi0?authuser=0&hl=pt-BR&g_ep=EgoyMDI2MDkzMC4wIJJjKgBIAVAD&rclk=1;0
Anel 3;Barretos/SP;Villaverde Automação Industrial;;(17) 99223-0081;;;https://www.google.com/maps/place/Villaverde+Automa%C3%A7%C3%A3o+Industrial/data=!4m7!3m6!1s0x94bb853ad7c19785:0x905bb28926533f6f!8m2!3d-20.5734062!4d-48.5673531!16s%2Fg%2F1tdcsmyr!19sChIJhZfB1zqFu5QRbz9TJomyW5A?authuser=0&hl=pt-BR&g_ep=EgoyMDI2MDkzMC4wIJJjKgBIAVAD&rclk=1;0
Anel 3;Catanduva/SP;Elétrica Catanduva- Materiais elétricos, hidráulicos, ferramentas, tintas e parafusos em geral;;(17) 99682-8717;;;https://www.google.com/maps/place/El%C3%A9trica+Catanduva-+Materiais+el%C3%A9tricos,+hidr%C3%A1ulicos,+ferramentas,+tintas+e+parafusos+em+geral/data=!4m7!3m6!1s0x94bc1f13f913acab:0xd21fba4fb8df27a3!8m2!3d-21.1291794!4d-49.0164657!16s%2Fg%2F11t8bwzdr4!19sChIJq6wT-RMfvJQRoyffuE-6H9I?authuser=0&hl=pt-BR&g_ep=EgoyMDI2MDkzMC4wIJJjKgBIAVAD&rclk=1;0
Anel 3;Catanduva/SP;Eletro Enrolamento Catanduva;(17) 3521-3411;;;;https://www.google.com/maps/place/Eletro+Enrolamento+Catanduva/data=!4m7!3m6!1s0x94bc1e887a7582cb:0x857f4690b6bda668!8m2!3d-21.1293087!4d-48.977121!16s%2Fg%2F1v76_s4l!19sChIJy4J1eogevJQRaKa9tpBGf4U?authuser=0&hl=pt-BR&g_ep=EgoyMDI2MDkzMC4wIJJjKgBIAVAD&rclk=1;0
Anel 3;Catanduva/SP;So fios BOX;;(17) 99764-2301;;;https://www.google.com/maps/place/So+fios+BOX/data=!4m7!3m6!1s0x94bc1d99fa07841f:0xcead8791a87851de!8m2!3d-21.1213507!4d-48.9402106!16s%2Fg%2F11svhx8g2j!19sChIJH4QH-pkdvJQR3lF4qJGHrc4?authuser=0&hl=pt-BR&g_ep=EgoyMDI2MDkzMC4wIJJjKgBIAVAD&rclk=1;0
Anel 3;Catanduva/SP;BRASIL ILUMINAÇÃO;(17) 3523-4488;;;;https://www.google.com/maps/place/BRASIL+ILUMINA%C3%87%C3%83O/data=!4m7!3m6!1s0x94bc1f5c56db8b13:0x1099ca8325eeb00!8m2!3d-21.1449884!4d-48.9757816!16s%2Fg%2F11vds7cm5_!19sChIJE4vbVlwfvJQRAOteMqicCQE?authuser=0&hl=pt-BR&g_ep=EgoyMDI2MDkzMC4wIJJjKgBIAVAD&rclk=1;0
Anel 3;São José do Rio Preto/SP;Global Materiais Elétricos;(17) 3224-3471;;;https://globalmateriaiseletricos.com.br/;https://www.google.com/maps/place/Global+Materiais+El%C3%A9tricos/data=!4m7!3m6!1s0x94bdadedf4c14fcf:0x544d6e3a215a3e0a!8m2!3d-20.8066387!4d-49.3734264!16s%2Fg%2F11s7g3g8bh!19sChIJz0_B9O2tvZQRCj5aITpuTVQ?authuser=0&hl=pt-BR&g_ep=EgoyMDI2MDkzMC4wIJJjKgBIAVAD&rclk=1;0
Anel 3;São José do Rio Preto/SP;Seta Materiais Elétricos;(17) 3238-3055;;;;https://www.google.com/maps/place/Seta+Materiais+El%C3%A9tricos/data=!4m7!3m6!1s0x94bc4d16417ce583:0xc7e618f574524043!8m2!3d-20.8340544!4d-49.3434376!16s%2Fg%2F1pv5tr6lf!19sChIJg-V8QRZNvJQRQ0BSdPUY5sc?authuser=0&hl=pt-BR&g_ep=EgoyMDI2MDkzMC4wIJJjKgBIAVAD&rclk=1;0
Anel 3;São José do Rio Preto/SP;TJ Materiais Elétricos;(17) 3212-9736;;;;https://www.google.com/maps/place/TJ+Materiais+El%C3%A9tricos/data=!4m7!3m6!1s0x94bc52af66a13f11:0x83a4707e2d5d9d92!8m2!3d-20.8053561!4d-49.3555271!16s%2Fg%2F11c1wyhr97!19sChIJET-hZq9SvJQRkp1dLX5wpIM?authuser=0&hl=pt-BR&g_ep=EgoyMDI2MDkzMC4wIJJjKgBIAVAD&rclk=1;0
Anel 3;São José do Rio Preto/SP;Sendix Distribuidora de Material Elétrico;;(17) 98151-0609;;;https://www.google.com/maps/place/Sendix+Distribuidora+de+Material+El%C3%A9trico/data=!4m7!3m6!1s0x94bdad73a1306971:0xbb087240e0b9b32d!8m2!3d-20.800805!4d-49.3277957!16s%2Fg%2F11h2g4kp1d!19sChIJcWkwoXOtvZQRLbO54EByCLs?authuser=0&hl=pt-BR&g_ep=EgoyMDI2MDkzMC4wIJJjKgBIAVAD&rclk=1;0
Anel 3;Porto Ferreira/SP;Elétrica Teixeira;(19) 3589-1033;;;http://www.eletricateixeira.com.br/;https://www.google.com/maps/place/El%C3%A9trica+Teixeira/data=!4m7!3m6!1s0x94b803aa02e9d717:0x9babeb81c222d5aa!8m2!3d-21.8569071!4d-47.4818423!16s%2Fg%2F11fd456t3p!19sChIJF9fpAqoDuJQRqtUiwoHrq5s?authuser=0&hl=pt-BR&g_ep=EgoyMDI2MDkzMC4wIJJjKgBIAVAD&rclk=1;0
Anel 3;Porto Ferreira/SP;LC MATERIAIS ELÉTRICOS;;(19) 99815-6009;;;https://www.google.com/maps/place/LC+MATERIAIS+EL%C3%89TRICOS/data=!4m7!3m6!1s0x94b80305a3e2c6b5:0x35e5daf21390292c!8m2!3d-21.8569015!4d-47.4871765!16s%2Fg%2F11ny3jwf9p!19sChIJtcbiowUDuJQRLCmQE_La5TU?authuser=0&hl=pt-BR&g_ep=EgoyMDI2MDkzMC4wIJJjKgBIAVAD&rclk=1;0
Anel 3;Porto Ferreira/SP;Ferronato materiais eletrônicos;;(19) 98926-7017;;;https://www.google.com/maps/place/Ferronato+materiais+eletr%C3%B4nicos/data=!4m7!3m6!1s0x94b8032128c4c597:0x33b0b288972e3120!8m2!3d-21.8591287!4d-47.4898491!16s%2Fg%2F11vl42z2n7!19sChIJl8XEKCEDuJQRIDEul4iysDM?authuser=0&hl=pt-BR&g_ep=EgoyMDI2MDkzMC4wIJJjKgBIAVAD&rclk=1;0
Anel 3;Porto Ferreira/SP;Producer Distribuidora Matérias Primas;(19) 3581-1122;;;;https://www.google.com/maps/place/Producer+Distribuidora+Mat%C3%A9rias+Primas/data=!4m7!3m6!1s0x94b802257b81001b:0xf817b6bc36e3b25f!8m2!3d-21.8675534!4d-47.4881747!16s%2Fg%2F1tfpky01!19sChIJGwCBeyUCuJQRX7LjNry2F_g?authuser=0&hl=pt-BR&g_ep=EgoyMDI2MDkzMC4wIJJjKgBIAVAD&rclk=1;0
Anel 3;Leme/SP;Rimad Elétrica;;(19) 97413-5328;contato@rimad.com.br;http://www.rimad.com.br/ | http://instagram.com/rimadoficial;https://www.google.com/maps/place/Rimad+El%C3%A9trica/data=!4m7!3m6!1s0x94c80bc2a69aeac9:0xe64d0d3d0b81e1ec!8m2!3d-22.1809435!4d-47.3976322!16s%2Fg%2F11tx80d4k9!19sChIJyeqapsILyJQR7OGBCz0NTeY?authuser=0&hl=pt-BR&g_ep=EgoyMDI2MDkzMC4wIJJjKgBIAVAD&rclk=1;0
Anel 3;Leme/SP;A L Comércio e Distribuidora de Conexões Elétricas;(19) 3554-4755;;;;https://www.google.com/maps/place/A+L+Com%C3%A9rcio+e+Distribuidora+de+Conex%C3%B5es+El%C3%A9tricas/data=!4m7!3m6!1s0x94c80b135da691c9:0xfc8692b982c86072!8m2!3d-22.2074485!4d-47.3915141!16s%2Fg%2F1ptysm_bb!19sChIJyZGmXRMLyJQRcmDIgrmShvw?authuser=0&hl=pt-BR&g_ep=EgoyMDI2MDkzMC4wIJJjKgBIAVAD&rclk=1;0
Anel 3;Leme/SP;E Pires da Silva Motores Elétricos;(19) 3554-3437;;;;https://www.google.com/maps/place/E+Pires+da+Silva+Motores+El%C3%A9tricos/data=!4m7!3m6!1s0x94c80ba22be1aa7b:0xb51c5c7e3c532694!8m2!3d-22.1887165!4d-47.3925099!16s%2Fg%2F1pv2h1jjp!19sChIJe6rhK6ILyJQRlCZTPH5cHLU?authuser=0&hl=pt-BR&g_ep=EgoyMDI2MDkzMC4wIJJjKgBIAVAD&rclk=1;0
Anel 3;Leme/SP;JK PROJETOS /AUTOMAÇÃO;;(19) 98265-5632;;https://sites.google.com/view/jkprojetosengenharia/in%C3%ADcio;https://www.google.com/maps/place/JK+PROJETOS+%2FAUTOMA%C3%87%C3%83O/data=!4m7!3m6!1s0x94c80dc02b5c0ed5:0x8c220b7e0fd47659!8m2!3d-22.1979765!4d-47.3688477!16s%2Fg%2F11k8vrzqbk!19sChIJ1Q5cK8ANyJQRWXbUD34LIow?authuser=0&hl=pt-BR&g_ep=EgoyMDI2MDkzMC4wIJJjKgBIAVAD&rclk=1;0
Anel 3;Leme/SP;Leme Distribuidora - Produtos para Fábricas de Churrasqueiras;;(19) 99896-3336;;;https://www.google.com/maps/place/Leme+Distribuidora+-+Produtos+para+F%C3%A1bricas+de+Churrasqueiras/data=!4m7!3m6!1s0x94c80b0000ff94d9:0xce7e0cd6fbfbc8d8!8m2!3d-22.1756307!4d-47.3962893!16s%2Fg%2F11vzslc65v!19sChIJ2ZT_AAALyJQR2Mj7-9YMfs4?authuser=0&hl=pt-BR&g_ep=EgoyMDI2MDkzMC4wIJJjKgBIAVAD&rclk=1;0
Anel 3;Araras/SP;MSG Instalações Elétrica e Materiais;(19) 3352-1625;;;;https://www.google.com/maps/place/MSG+Instala%C3%A7%C3%B5es+El%C3%A9trica+e+Materiais/data=!4m7!3m6!1s0x94c8770300bf0e5b:0x5a615f50c7c03d83!8m2!3d-22.329699!4d-47.382278!16s%2Fg%2F11f77bm02k!19sChIJWw6_AAN3yJQRgz3Ax1BfYVo?authuser=0&hl=pt-BR&g_ep=EgoyMDI2MDkzMC4wIJJjKgBIAVAD&rclk=1;0
Anel 3;Araras/SP;Casa das Torneiras e dos Tubos;(19) 3551-5118;(19) 99641-4200;casadastorneirasedostubos@gmail.com;https://casadastorneirasedostubos.com.br/;https://www.google.com/maps/place/Casa+das+Torneiras+e+dos+Tubos/data=!4m7!3m6!1s0x94c8770050506067:0x39dbba543cca1642!8m2!3d-22.3532373!4d-47.3868068!16s%2Fg%2F11wqnz47pq!19sChIJZ2BQUAB3yJQRQhbKPFS62zk?authuser=0&hl=pt-BR&g_ep=EgoyMDI2MDkzMC4wIJJjKgBIAVAD&rclk=1;0
Anel 3;Araras/SP;LRMIX DISTRIBUIDORA;(19) 3547-8849;;;;https://www.google.com/maps/place/LRMIX+DISTRIBUIDORA/data=!4m7!3m6!1s0x94b9bfeae5ef2425:0x2347da3260cc49e2!8m2!3d-22.3634099!4d-47.384076!16s%2Fg%2F11l2hs_h9r!19sChIJJSTv5eq_uZQR4knMYDLaRyM?authuser=0&hl=pt-BR&g_ep=EgoyMDI2MDkzMC4wIJJjKgBIAVAD&rclk=1;0
Anel 3;Rio Claro/SP;Dienzo Soluções Didáticas;;(19) 99930-7399;contato.dienzo@gmail.com;http://dienzo.com.br/ | https://www.instagram.com/dienzosolucoesdidaticas;https://www.google.com/maps/place/Dienzo+Solu%C3%A7%C3%B5es+Did%C3%A1ticas/data=!4m7!3m6!1s0x94c7dbb0ddf9b50d:0x90c0803ead316d6c!8m2!3d-22.3891792!4d-47.5545738!16s%2Fg%2F11lcbd3m8t!19sChIJDbX53bDbx5QRbG0xrT6AwJA?authuser=0&hl=pt-BR&g_ep=EgoyMDI2MDkzMC4wIJJjKgBIAVAD&rclk=1;0
Anel 3;Rio Claro/SP;3D Energia;(19) 3597-0609;(19) 99607-5836;comercial@3denergia.net;http://3denergia.net/;https://www.google.com/maps/place/3D+Energia/data=!4m7!3m6!1s0x94c7db1e770c0001:0x2053b1a2a47b5154!8m2!3d-22.4068413!4d-47.5817538!16s%2Fg%2F11sdwpghn2!19sChIJAQAMdx7bx5QRVFF7pKKxUyA?authuser=0&hl=pt-BR&g_ep=EgoyMDI2MDkzMC4wIJJjKgBIAVAD&rclk=1;0
Anel 3;Rio Claro/SP;Encon Atacadista Elétrico;(19) 3534-0163;;;;https://www.google.com/maps/place/Encon+Atacadista+El%C3%A9trico/data=!4m7!3m6!1s0x94c7dbbf3f99163d:0xc820c8843caf13f0!8m2!3d-22.3822768!4d-47.5485506!16s%2Fg%2F11b6htvkk3!19sChIJPRaZP7_bx5QR8BOvPITIIMg?authuser=0&hl=pt-BR&g_ep=EgoyMDI2MDkzMC4wIJJjKgBIAVAD&rclk=1;0
Anel 3;Rio Claro/SP;Energia e Cia Distribuidora;;;;https://www.energiaeciadistribuidora.com.br/;https://www.google.com/maps/place/Energia+e+Cia+Distribuidora/data=!4m7!3m6!1s0x94c7dbe4db66007f:0x9d1ac08db6065c10!8m2!3d-22.3763691!4d-47.5422733!16s%2Fg%2F11tfnhhfs_!19sChIJfwBm2-Tbx5QREFwGto3AGp0?authuser=0&hl=pt-BR&g_ep=EgoyMDI2MDkzMC4wIJJjKgBIAVAD&rclk=1;0
Anel 3;Rio Claro/SP;Eletro Guedes - Loja Virtual;;(19) 99996-5106;;;https://www.google.com/maps/place/Eletro+Guedes+-+Loja+Virtual/data=!4m7!3m6!1s0x842813bec45c20d3:0x3c48fab8dd45dd6f!8m2!3d-14.4095262!4d-51.3168626!16s%2Fg%2F11pkcr2d6w!19sChIJ0yBcxL4TKIQRb91F3bj6SDw?authuser=0&hl=pt-BR&g_ep=EgoyMDI2MDkzMC4wIJJjKgBIAVAD&rclk=1;0
Anel 3;Limeira/SP;Ferragens e Elétrica Serginho;(19) 3451-7438;;;http://facebook.com/eletricaserginho;https://www.google.com/maps/place/Ferragens+e+El%C3%A9trica+Serginho/data=!4m7!3m6!1s0x94c8812eb4d15719:0x8b74393e04075ddf!8m2!3d-22.577997!4d-47.3777739!16s%2Fg%2F1v3_3sz_!19sChIJGVfRtC6ByJQR310HBD45dIs?authuser=0&hl=pt-BR&g_ep=EgoyMDI2MDkzMC4wIJJjKgBIAVAD&rclk=1;0
Anel 3;Piracicaba/SP;AR Valério Materiais Elétricos;;(19) 98107-8516;;https://wa.me/5519981078516 | https://www.instagram.com/whatsapp;https://www.google.com/maps/place/AR+Val%C3%A9rio+Materiais+El%C3%A9tricos/data=!4m7!3m6!1s0x94c6339e73701e35:0xcef53cafbddb0c5!8m2!3d-22.6952304!4d-47.6784302!16s%2Fg%2F11wft79qvs!19sChIJNR5wc54zxpQRxbDd-8pT7ww?authuser=0&hl=pt-BR&g_ep=EgoyMDI2MDkzMC4wIJJjKgBIAVAD&rclk=1;0
Anel 3;São Sebastião do Paraíso/MG;Eletro Lume;(35) 3531-2491;;;;https://www.google.com/maps/place/Eletro+Lume/data=!4m7!3m6!1s0x94b719d7ac61c655:0x9c7ab68ac1bdc9c6!8m2!3d-20.9218315!4d-46.97845!16s%2Fg%2F11bv_dg3sr!19sChIJVcZhrNcZt5QRxsm9wYq2epw?authuser=0&hl=pt-BR&g_ep=EgoyMDI2MDkzMC4wIJJjKgBIAVAD&rclk=1;0
Anel 3;São Sebastião do Paraíso/MG;Fernando Elétrica De Motores;(35) 3531-8048;;;;https://www.google.com/maps/place/Fernando+El%C3%A9trica+De+Motores/data=!4m7!3m6!1s0x94b719d7ac12fd5f:0x2c5a6d048e4fa3d6!8m2!3d-20.9218073!4d-46.9784397!16s%2Fg%2F11pdnmv82g!19sChIJX_0SrNcZt5QR1qNPjgRtWiw?authuser=0&hl=pt-BR&g_ep=EgoyMDI2MDkzMC4wIJJjKgBIAVAD&rclk=1;0
Anel 3;Passos/MG;CED- Centro Elétrico de Distribuição | Materiais Elétricos | Fios e Cabos | Contatores;(35) 3522-5161;(35) 99847-3363;;https://www.clickdisk.com.br/telefone/passos-mg/centro-eletrico-materiais-eletricos | https://www.instagram.com/ced_centro_eletrico;https://www.google.com/maps/place/CED-+Centro+El%C3%A9trico+de+Distribui%C3%A7%C3%A3o+%7C+Materiais+El%C3%A9tricos+%7C+Fios+e+Cabos+%7C+Contatores/data=!4m7!3m6!1s0x94b6c34339b3a7dd:0x69c13635c8520bbf!8m2!3d-20.7431806!4d-46.6038722!16s%2Fg%2F11kqxkmlq9!19sChIJ3aezOUPDtpQRvwtSyDU2wWk?authuser=0&hl=pt-BR&g_ep=EgoyMDI2MDkzMC4wIJJjKgBIAVAD&rclk=1;0
Anel 3;Passos/MG;ILUMINAR MATERIAIS ELÉTRICOS;;;;;https://www.google.com/maps/place/ILUMINAR+MATERIAIS+EL%C3%89TRICOS/data=!4m7!3m6!1s0x94b6c3a3ee7a55e7:0x9c18ae890e678195!8m2!3d-20.7135299!4d-46.6262649!16s%2Fg%2F11jzw77959!19sChIJ51V67qPDtpQRlYFnDomuGJw?authuser=0&hl=pt-BR&g_ep=EgoyMDI2MDkzMC4wIJJjKgBIAVAD&rclk=1;0
Anel 3;Passos/MG;Antera Materiais Elétricos;(35) 3413-2603;(35) 99811-9456;;https://www.clickdisk.com.br/telefone/passos-mg/antera-energia-eletrica;https://www.google.com/maps/place/Antera+Materiais+El%C3%A9tricos/data=!4m7!3m6!1s0x94b6c35087d8ea27:0xfa81f9e59b6ef8a9!8m2!3d-20.7310879!4d-46.6100262!16s%2Fg%2F11y6qwwjc9!19sChIJJ-rYh1DDtpQRqfhum-X5gfo?authuser=0&hl=pt-BR&g_ep=EgoyMDI2MDkzMC4wIJJjKgBIAVAD&rclk=1;0
Anel 3;Poços de Caldas/MG;Eletro Zan;(35) 3721-6901;;;;https://www.google.com/maps/place/Eletro+Zan/data=!4m7!3m6!1s0x94c9dce11c89e651:0xc9152eaf9e553733!8m2!3d-21.7863169!4d-46.5594333!16s%2Fg%2F1td7336t!19sChIJUeaJHOHcyZQRMzdVnq8uFck?authuser=0&hl=pt-BR&g_ep=EgoyMDI2MDkzMC4wIJJjKgBIAVAD&rclk=1;0
Anel 3;Poços de Caldas/MG;L&l Matériais e Serviços Elétricos Ltda;(35) 3712-9076;;;http://www.lleletricidade.com.br/;https://www.google.com/maps/place/L%26l+Mat%C3%A9riais+e+Servi%C3%A7os+El%C3%A9tricos+Ltda/data=!4m7!3m6!1s0x94c9dcc161f641ff:0x20e2b27b81876986!8m2!3d-21.7965801!4d-46.5686691!16s%2Fg%2F1ptw1vlfb!19sChIJ_0H2YcHcyZQRhmmHgXuy4iA?authuser=0&hl=pt-BR&g_ep=EgoyMDI2MDkzMC4wIJJjKgBIAVAD&rclk=1;0
Anel 3;Poços de Caldas/MG;Englocom;(35) 3042-0821;(35) 99859-4936;contato@englocom.com.br;https://englocom.com.br/;https://www.google.com/maps/place/Englocom/data=!4m7!3m6!1s0x94c9ddfc60ce7453:0xca39a28d81204943!8m2!3d-21.9802874!4d-46.3415973!16s%2Fg%2F11ft5_8v8m!19sChIJU3TOYPzdyZQRQ0kggY2iOco?authuser=0&hl=pt-BR&g_ep=EgoyMDI2MDkzMC4wIJJjKgBIAVAD&rclk=1;0
Anel 3;Poços de Caldas/MG;Elohim Materiais Elétricos;(35) 3722-2943;;;;https://www.google.com/maps/place/Elohim+Materiais+El%C3%A9tricos/data=!4m7!3m6!1s0x94c9dcdbc020fc1f:0x4d50bb7572729e18!8m2!3d-21.7906797!4d-46.5636228!16s%2Fg%2F1tgx7qpm!19sChIJH_wgwNvcyZQRGJ5ycnW7UE0?authuser=0&hl=pt-BR&g_ep=EgoyMDI2MDkzMC4wIJJjKgBIAVAD&rclk=1;0
Anel 3;Poços de Caldas/MG;Elétrica Poços Caldas Ltda;;;;;https://www.google.com/maps/place/El%C3%A9trica+Po%C3%A7os+Caldas+Ltda/data=!4m7!3m6!1s0x94c9dce69cb684c3:0xe3d4ce8bf1ddcfec!8m2!3d-21.7862213!4d-46.5618692!16s%2Fg%2F1tdp64dn!19sChIJw4S2nObcyZQR7M_d8YvO1OM?authuser=0&hl=pt-BR&g_ep=EgoyMDI2MDkzMC4wIJJjKgBIAVAD&rclk=1;0
Anel 3;Poços de Caldas/MG;DME DISTRIBUIÇÃO S.A. - DMED;0800 035 0196;;;http://www.dmepc.com.br/ | https://www.instagram.com/dmepc;https://www.google.com/maps/place/DME+DISTRIBUI%C3%87%C3%83O+S.A.+-+DMED/data=!4m7!3m6!1s0x94c9dcf2610e4671:0xbd53a81d32808c73!8m2!3d-21.783422!4d-46.5713877!16s%2Fg%2F1tcw9922!19sChIJcUYOYfLcyZQRc4yAMh2oU70?authuser=0&hl=pt-BR&g_ep=EgoyMDI2MDkzMC4wIJJjKgBIAVAD&rclk=1;0
